ID,Source,Severity,Start_Time,End_Time,Start_Lat,Start_Lng,End_Lat,End_Lng,Distance(mi),Description,Street,City,County,State,Zipcode,Country,Timezone,Airport_Code,Weather_Timestamp,Temperature(F),Wind_Chill(F),Humidity(%),Pressure(in),Visibility(mi),Wind_Direction,Wind_Speed(mph),Precipitation(in),Weather_Condition,Amenity,Bump,Crossing,Give_Way,Junction,No_Exit,Railway,Roundabout,Station,Stop,Traffic_Calming,Traffic_Signal,Turning_Loop,Sunrise_Sunset,Civil_Twilight,Nautical_Twilight,Astronomical_Twilight
A-1469236,Source1,2,2022-03-19 00:29:47.998227,2022-03-19 04:14:47.998227,44.947154,-93.267897,,-93.269298,0.66,Site back key computer.,Joshua Locks,Minneapolis,Solomonstad,MN,95121,US,US/Eastern,KkCM,2022-03-19 00:06:47.998227,28.6,21.139136265955422,75.5,27.71,9.4,SSE,10.7,0.0,Clear,False,False,False,False,False,False,False,False,False,False,False,True,False,Night,,Night,Night
A-7094311,Source1,3,2025-08-06 13:04:55.431738,2025-08-06 16:00:55.431738,29.389054,-98.529625,,-98.542431,1.158,Watch and glass lose crime.,Matthew Courts,San Antonio,Leahtown,TX,16832,US,US/Eastern,KExf,2025-08-06 12:44:55.431738,85.6,,51.6,31.36,5.9,S,7.1,0.0,Mostly Cloudy,False,False,True,False,False,False,False,False,False,False,False,True,False,Day,Day,Day,Day
A-9187511,Source1,2,2020-11-26 09:56:55.071294,2020-11-26 12:51:55.071294,45.266157,-93.078618,45.276552,-93.078507,1.123,Purpose her draw first.,Mills Parkway,Saint Paul,Sharonbury,MN,24772,US,US/Eastern,KvbW,2020-11-26 09:50:55.071294,53.2,,21.4,29.27,7.4,NNW,1.0,0.0,Fair,False,False,True,False,False,False,False,False,False,False,False,False,False,Day,Day,Day,Day
A-1613569,Source1,2,2021-01-03 04:35:11.507697,2021-01-03 05:31:11.507697,33.923457,-118.345268,33.921507,,0.388,Want herself discussion tonight.,Carter Lodge,Los Angeles,Williamsfurt,CA,33821,US,US/Eastern,KKMF,2021-01-03 04:13:11.507697,9.8,-0.07475082143509937,69.3,29.92,6.4,West,14.1,0.0,Scattered Clouds,False,False,False,False,False,False,False,False,False,False,False,False,False,Night,Night,Day,Day
A-3563954,Source1,2,2024-08-05 16:29:33.723305,2024-08-05 18:26:33.723305,30.456352,-91.093716,,-91.089103,2.548,Analysis food she room why.,Andrea Ports,Baton Rouge,New Kevinfort,LA,72544,US,US/Eastern,KcYv,2024-08-05 16:14:33.723305,39.3,30.76129312017495,,30.73,2.6,ESE,12.3,0.0,Fair,False,False,False,False,False,False,False,False,True,False,False,False,False,Day,Day,Day,Day
A-325436,Source1,2,2020-04-09 22:35:54.264117,2020-04-09 23:25:54.264117,30.186161,-97.77691,30.190168,-97.777377,2.279,Ask anything direction partner.,Brown Ford,Austin,Port Rose,TX,62464,US,US/Eastern,KSdG,2020-04-09 22:22:54.264117,83.7,0.0,47.8,28.43,6.1,SSE,3.6,0.0,Fair,False,False,False,False,False,False,False,False,False,True,False,True,False,Night,Night,Night,Night
A-1665394,Source3,2,2025-03-06 16:43:08.258324,2025-03-06 17:14:08.258324,32.238942,-110.966337,,,2.943,Any left north.,James Stream,Tucson,Port Stacie,AZ,85453,US,US/Eastern,Kqne,2025-03-06 16:22:08.258324,74.1,0.0,83.1,28.22,6.1,CALM,8.8,,Mostly Cloudy,False,False,False,False,False,False,False,False,False,False,False,False,False,Day,Day,Day,Day
A-9249610,Source2,2,2026-02-25 00:03:08.780912,2026-02-25 01:01:08.780912,25.811589,-80.240934,25.795187,,0.956,Fact ok about heart fish clear third.,Lucas Village,Miami,Port Brendanland,FL,20194,US,US/Eastern,KbeY,2026-02-24 23:38:08.780912,78.3,0.0,50.6,30.08,6.9,CALM,0.0,0.0,Fair,False,False,True,False,True,False,False,False,False,False,False,False,False,Night,Night,Night,Night
A-537451,Source1,2,2024-10-15 00:05:25.204905,2024-10-15 03:05:25.204905,29.460527,-98.59346,29.456778,-98.595169,0.199,Political probably choice where discussion area role oil.,Taylor Inlet,San Antonio,Juarezfurt,TX,43612,US,US/Eastern,KsZf,2024-10-14 23:49:25.204905,52.3,0.0,103.9,29.48,6.0,SSE,,0.0,Smoke,False,False,False,False,False,False,False,False,True,False,False,False,False,Night,Night,Night,Night
A-7019564,Source3,2,2025-12-03 19:12:37.045251,2025-12-03 19:40:37.045251,30.434103,-91.114545,30.433909,-91.118927,1.417,Difference exactly could.,Rachel Run,Baton Rouge,Ramirezhaven,LA,78247,US,US/Eastern,KRGo,2025-12-03 19:01:37.045251,40.9,36.53824167828924,60.0,28.46,5.4,WNW,6.2,0.0,Fair / Windy,False,False,False,False,False,False,False,False,False,False,False,False,False,Night,Night,Day,Day
A-3167047,Source1,2,2021-09-23 09:27:37.202903,2021-09-23 11:30:37.202903,44.892228,-93.42503,,-93.433512,0.365,Near enjoy under oil song across still tough.,Robert Fields,Minneapolis,North Jessicafort,MN,92542,US,US/Eastern,KAlT,2021-09-23 09:08:37.202903,90.4,0.0,85.6,28.84,6.0,CALM,10.2,,Fair,False,False,False,False,False,False,False,False,False,False,False,False,False,Day,Day,Day,Day
A-3409639,Source2,2,2023-08-01 13:39:38.258862,2023-08-01 17:29:38.258862,25.834379,-80.309296,,-80.299134,0.387,Natural improve simple election always stuff.,Emily Springs,Miami,East Johnside,FL,30384,US,US/Eastern,KRof,2023-08-01 13:16:38.258862,28.8,20.722982125472235,67.1,30.68,8.0,E,11.5,,Overcast,False,False,True,False,False,False,False,False,False,False,False,False,False,Day,Day,Day,Day
A-7332627,Source2,2,2025-12-09 02:36:27.429231,2025-12-09 03:37:27.429231,33.75225,-84.527348,,-84.526194,3.052,Realize lay establish heart admit.,Jeremy Fall,Atlanta,Taylorport,GA,42873,US,US/Eastern,KaYm,2025-12-09 02:20:27.429231,34.7,26.312205714824117,80.2,29.14,10.8,N,11.9,0.0,Fair,False,False,False,False,False,False,False,False,False,False,False,False,False,Night,Night,Night,Night
A-7249667,Source2,2,2023-03-22 11:36:22.958903,2023-03-22 15:11:22.958903,36.130562,-86.712693,,,2.763,Young Republican manager fine.,Jillian Meadows,Nashville,Madisonfurt,TN,66296,US,US/Eastern,Kxgq,2023-03-22 11:23:22.958903,85.8,0.0,96.5,28.45,8.4,W,5.6,0.09,Light Rain,False,False,False,False,False,False,False,False,False,False,False,False,False,Day,Day,Day,Day
A-365184,Source1,2,2021-12-23 22:58:22.859908,2021-12-24 00:10:22.859908,34.757022,-82.392168,34.757082,-82.393022,1.263,Share suddenly environment cell very color join.,Andrews Port,Greenville,West Kevin,SC,23164,US,US/Eastern,KNEX,2021-12-23 22:32:22.859908,-1.9,0.0,81.1,29.03,6.3,CALM,2.2,,Cloudy,False,False,False,False,False,False,False,False,False,False,False,False,False,Night,Night,Night,Night
A-5855592,Source1,2,2018-11-07 06:57:10.485570,2018-11-07 09:35:10.485570,25.769716,-80.391758,,,0.879,True hospital base ok close top peace.,Pamela Keys,Miami,East John,FL,75733,US,US/Eastern,KtlK,2018-11-07 06:28:10.485570,93.2,,39.6,31.78,13.3,Calm,2.8,,Fair,False,False,False,False,False,False,False,False,False,False,False,False,False,Day,Day,Day,Day
A-5743976,Source2,4,2025-11-02 08:02:53.196075,2025-11-02 10:29:53.196075,29.739353,-95.453737,29.744851,,1.95,Agent learn building within.,Aaron Ridge,Houston,South Steven,TX,84774,US,US/Eastern,KJkf,2025-11-02 07:46:53.196075,28.0,19.308964495155926,73.1,28.59,5.0,WSW,12.4,,Mostly Cloudy,False,False,False,False,False,False,False,False,False,False,False,False,False,Day,Day,Day,Day
A-4444231,Source1,2,2020-09-18 02:10:25.778907,2020-09-18 05:16:25.778907,25.796293,-80.311077,25.77927,-80.315229,1.791,Live base bag writer better step perhaps.,Hunt Overpass,Miami,Castrohaven,FL,55265,US,US/Eastern,KjMF,2020-09-18 02:00:25.778907,84.8,0.0,21.8,28.67,8.3,ESE,6.7,0.0,Clear,False,False,False,False,False,False,False,False,False,False,False,True,False,Night,Night,Night,Night
A-1200242,Source2,3,2025-08-21 13:11:24.150773,2025-08-21 13:44:24.150773,29.760755,-95.344129,29.767995,-95.353936,1.466,Condition scientist ago foot past tend information.,Bethany Via,Houston,Port Richardfort,TX,97007,US,US/Eastern,KDQP,2025-08-21 12:47:24.150773,60.0,,18.5,31.27,13.4,VAR,12.5,0.0,Overcast,False,False,False,False,False,False,False,False,False,False,False,False,False,Day,Day,Day,Day
A-5724763,Source1,3,2020-01-07 19:53:34.493934,2020-01-07 20:54:34.493934,33.4225,-112.114358,,-112.116545,3.003,Home travel method style music response.,Barrett River,Phoenix,Port Ashlee,AZ,13964,US,US/Eastern,Kynn,2020-01-07 19:26:34.493934,,,98.7,28.62,10.5,NNW,15.3,0.0,Mostly Cloudy,False,False,False,False,False,False,False,False,False,False,False,False,False,Night,Night,Day,Day
A-847229,Source1,2,2023-09-17 03:41:32.961151,2023-09-17 04:29:32.961151,36.161922,-86.657588,36.168035,-86.651623,1.673,Trial second customer chance material.,Evans Inlet,Nashville,Port Diane,TN,71351,US,US/Eastern,KYgS,2023-09-17 03:14:32.961151,56.4,0.0,52.4,29.84,7.6,South,12.2,0.0,Mostly Cloudy,False,False,False,False,False,False,False,False,False,False,False,True,False,Night,Night,Night,Night
A-202169,Source1,2,2025-04-03 09:10:58.829228,2025-04-03 13:00:58.829228,29.494971,-98.420337,,,2.063,Western building end your election charge north.,Matthew Place,San Antonio,Port Katherine,TX,72900,US,US/Eastern,KCNZ,2025-04-03 08:57:58.829228,49.1,45.54349106842778,44.4,29.18,10.7,SSE,5.1,0.0,Cloudy,False,False,True,False,False,False,False,False,False,False,False,False,False,Day,Day,Day,Day
A-1949445,Source1,2,2018-09-04 06:55:39.977076,2018-09-04 10:49:39.977076,30.423222,-91.104204,30.425336,,1.714,Perhaps newspaper save special.,Monica Path,Baton Rouge,South Regina,LA,60480,US,,KmoU,2018-09-04 06:36:39.977076,51.0,0.0,63.4,28.94,4.6,ESE,9.1,0.17,Light Rain,False,False,False,False,False,False,False,False,False,False,False,False,False,Day,Day,Day,Day
A-5382470,Source2,2,2019-07-01 12:14:42.730079,2019-07-01 14:39:42.730079,30.287271,-97.766237,,-97.766315,1.665,Light want century real my energy attack.,Steven Radial,Austin,Robertville,TX,87452,US,US/Eastern,KTbY,2019-07-01 12:04:42.730079,58.3,0.0,78.9,31.24,6.6,NW,1.2,0.0,Cloudy,False,False,False,False,False,False,False,False,False,False,False,False,False,Day,Day,Day,Day
A-6400139,Source1,2,2021-01-19 19:47:42.457572,2021-01-19 21:19:42.457572,44.980748,-93.284728,44.966017,-93.294514,0.469,Third manage market style so focus.,Wells Lake,Minneapolis,Erictown,MN,06697,US,US/Eastern,Kfau,2021-01-19 19:27:42.457572,79.9,0.0,41.3,29.37,11.4,W,0.0,0.0,Fair,False,False,False,False,False,False,False,False,False,False,False,False,False,Night,Night,Day,Day
A-250721,Source2,2,2025-10-23 07:47:28.392483,2025-10-23 10:43:28.392483,32.874315,-96.869147,,-96.860911,0.963,Special trip despite section forget language help security.,Jeffrey Overpass,Dallas,Stephensonport,TX,83870,US,US/Eastern,KWaB,2025-10-23 07:24:28.392483,68.3,0.0,96.8,29.59,7.5,SSE,5.7,0.0,Partly Cloudy,False,False,True,False,False,False,False,False,False,False,False,False,False,Day,Day,Day,Day
A-6347217,Source2,2,2023-08-27 03:20:11.093188,2023-08-27 06:57:11.093188,35.81484,-78.547369,,,2.948,Would consider use thing indicate.,Brian Extension,Raleigh,Barronchester,NC,25198,US,US/Eastern,KpGA,2023-08-27 02:57:11.093188,53.6,0.0,72.4,30.27,12.1,NNW,3.2,0.0,Fair,False,False,False,False,True,False,False,False,False,False,False,False,False,Night,Night,Night,Night
A-1451170,Source1,2,2022-06-24 09:33:02.316023,2022-06-24 11:54:02.316023,32.849123,-96.717468,,-96.719885,0.589,South government try up force institution attention institution.,David Forks,Dallas,Dawnview,TX,52066,US,US/Eastern,KcDR,,37.5,31.28827404362495,33.3,29.27,5.0,CALM,8.8,,Fair,False,False,False,False,False,False,False,False,False,False,False,False,False,Day,Day,Day,Day
A-2094065,Source2,2,2025-05-28 19:31:57.460873,2025-05-28 21:41:57.460873,30.266622,-81.814076,,-81.826604,3.148,Well will road exist practice trip lay.,John Points,Jacksonville,East Jennifertown,FL,85825,US,US/Eastern,KMHy,2025-05-28 19:06:57.460873,,0.0,59.7,30.15,5.3,North,0.0,0.0,Partly Cloudy,False,False,False,False,False,False,False,False,False,False,False,False,False,Night,Night,Day,Day
A-6008755,Source1,4,2025-11-03 12:50:27.666758,2025-11-03 13:24:27.666758,25.841624,-80.306664,25.84186,,0.845,Until theory response line.,Clay Terrace,Miami,New Josephberg,FL,45230,US,US/Eastern,KArI,2025-11-03 12:29:27.666758,100.8,0.0,44.0,27.91,13.7,VAR,10.3,0.0,Fair,False,False,False,False,False,False,False,False,False,False,False,True,False,Day,Day,Day,Day
A-1115588,Source1,2,2019-07-21 07:37:35.640536,2019-07-21 08:41:35.640536,37.555799,-77.424082,37.559968,-77.420912,0.689,Set during protect find trial sure.,Zachary Prairie,Richmond,Tonyahaven,VA,01849,US,US/Eastern,KkDA,2019-07-21 07:15:35.640536,70.4,,64.3,31.28,6.0,NE,8.6,0.0,Partly Cloudy,False,False,False,False,True,False,False,False,False,False,False,False,False,Day,Day,Day,Day
A-6559600,Source1,2,2022-03-06 08:33:37.485615,2022-03-06 09:09:37.485615,34.906468,-82.418503,34.900465,,0.363,Control first radio list education appear.,Stephanie Mountain,Greenville,New Debraton,SC,69850,US,US/Eastern,KmqJ,2022-03-06 08:05:37.485615,85.3,,70.4,28.59,8.4,CALM,8.8,0.3,Light Rain,False,False,False,False,False,False,False,False,False,False,False,False,False,Day,Day,Day,Day
A-8724874,Source2,2,2025-08-04 15:30:48.472147,2025-08-04 17:46:48.472147,29.679379,-95.56129,,,6.007,Time national big local.,Susan Port,Houston,Port Robertbury,TX,58045,US,US/Eastern,KxZX,2025-08-04 15:04:48.472147,30.8,0.0,68.5,29.25,3.4,SSE,3.4,,Fair,False,False,False,False,False,False,False,False,False,False,False,False,False,Day,Day,Day,Day
A-5858748,Source1,2,2021-10-24 18:24:13.422017,2021-10-24 19:05:13.422017,36.12289,-86.795534,,-86.808555,1.991,Still without cultural.,Pierce Park,Nashville,East Daisyport,TN,51792,US,US/Eastern,Kkus,2021-10-24 18:13:13.422017,105.3,0.0,60.7,31.63,7.8,WNW,8.7,0.0,Fair,False,False,False,False,False,False,False,False,False,False,False,False,False,Night,Day,Day,Day
A-8575186,Source1,4,2026-01-12 17:47:26.249150,2026-01-12 19:21:26.249150,34.090579,-118.294629,34.082986,-118.28395,1.28,Professional lay sure marriage available hundred.,John Stravenue,Los Angeles,North Jasonview,CA,85765,US,US/Eastern,KlYZ,2026-01-12 17:26:26.249150,41.1,0.0,56.7,28.29,8.4,N,0.0,,Fair,False,False,False,False,False,False,False,False,False,False,False,False,False,Day,Day,Day,Day
A-8531803,Source1,2,2018-04-14 07:06:21.854057,2018-04-14 09:38:21.854057,32.021912,-110.921824,,,0.585,Mrs glass under health number describe.,Stanley Lock,Tucson,Lake Michaelfurt,AZ,48826,US,US/Eastern,KogN,2018-04-14 06:53:21.854057,26.6,0.0,74.1,29.3,10.1,ESE,2.8,0.0,Cloudy,False,False,False,False,False,False,False,False,False,False,False,False,False,Day,Day,Day,Day
A-7148995,Source3,2,2021-07-11 13:12:49.034200,2021-07-11 14:23:49.034200,45.020652,-93.290308,45.017857,-93.291737,1.107,Four until first statement its size right.,April Spur,Minneapolis,New Davidview,MN,47936,US,US/Eastern,KOsR,2021-07-11 12:43:49.034200,49.4,0.0,23.2,30.6,10.7,SSW,5.0,0.0,Partly Cloudy,False,False,True,False,False,False,False,False,False,False,False,False,False,Day,Day,Day,Day
A-8535816,Source1,2,2022-07-26 05:35:13.819447,2022-07-26 09:17:13.819447,34.864343,-82.372801,34.861238,,0.588,Sign foreign color discussion yard big.,Eric Ports,Greenville,Lisamouth,SC,54831,US,US/Eastern,Kryd,2022-07-26 05:13:13.819447,1.8,0.0,113.3,29.76,10.6,SSW,3.4,0.0,Haze,False,False,False,False,False,False,False,False,False,False,False,False,False,Night,Day,Day,Day
A-5505102,Source1,2,2025-12-31 19:53:50.357725,2025-12-31 21:38:50.357725,34.853517,-82.450168,,-82.457701,1.958,Year draw man.,Lopez Bypass,Greenville,Port Anaburgh,SC,60835,US,US/Eastern,KUpy,2025-12-31 19:47:50.357725,73.9,0.0,86.2,28.68,11.3,Calm,0.5,0.0,Cloudy,False,False,False,False,False,False,False,False,False,False,False,False,False,Night,Night,Day,Day
A-1580446,Source2,3,2018-11-14 14:43:45.066733,2018-11-14 16:33:45.066733,34.028497,-118.323144,34.020408,,1.808,Who challenge attorney together.,Mclaughlin Course,Los Angeles,Lanehaven,CA,23372,US,US/Eastern,KwTa,2018-11-14 14:22:45.066733,95.9,0.0,81.7,30.48,5.2,W,,0.0,Fair,False,False,False,False,False,False,False,False,False,False,False,False,False,Day,Day,Day,Day
A-3205132,Source1,2,2020-04-01 11:17:26.014792,2020-04-01 14:19:26.014792,41.787147,-87.67772,,-87.678878,0.736,Collection court not west.,Humphrey Unions,Chicago,Stevenville,IL,44134,US,US/Eastern,KUpz,2020-04-01 10:48:26.014792,39.9,29.780391939128883,52.9,28.21,8.2,NW,14.5,0.0,Fair,False,False,False,False,False,False,False,False,False,False,False,False,False,Day,Day,Day,Day
A-9564216,Source2,2,2019-02-08 15:25:09.871867,2019-02-08 16:03:09.871867,33.902145,-84.453679,33.904328,-84.454268,1.403,Last trial space positive receive.,Stewart Creek,Atlanta,Christinafort,GA,37157,US,US/Eastern,KswV,2019-02-08 15:00:09.871867,56.2,0.0,60.0,29.25,7.3,West,3.9,0.0,Clear,False,False,False,False,False,False,False,False,False,False,False,False,False,Day,Day,Day,Day
A-6940019,Source2,3,2024-04-04 03:11:43.717234,2024-04-04 07:01:43.717234,35.230428,-80.886649,35.23061,,3.937,Author face economic quickly hair window think.,Lyons Street,Charlotte,Richardsonhaven,NC,55687,US,US/Eastern,KLFu,2024-04-04 02:47:43.717234,42.6,,64.6,29.52,7.9,SW,1.7,,Heavy Rain,False,False,False,False,False,False,False,False,False,False,False,False,False,Night,Night,Night,Night
A-6641795,Source1,2,2019-10-20 21:38:27.054128,2019-10-20 23:46:27.054128,44.98309,-93.007854,44.975808,,0.983,Reveal peace expert.,Davis Underpass,Saint Paul,Port Kendramouth,MN,52027,US,US/Eastern,KBIV,2019-10-20 21:15:27.054128,45.7,0.0,76.3,27.77,5.8,ESE,0.0,0.0,Partly Cloudy,False,False,False,False,False,False,False,False,False,False,False,False,False,Night,Night,Night,Night
A-4244130,Source2,2,2022-04-08 19:26:13.679068,2022-04-08 22:19:13.679068,29.685495,-95.396037,,,1.345,Wall chair media chair television speak next.,Salinas Walk,Houston,Lauraland,TX,20424,US,US/Eastern,KvqZ,2022-04-08 18:57:13.679068,56.4,,75.5,27.41,7.3,SW,11.5,0.0,Fair,False,False,False,False,True,False,False,False,True,False,False,False,False,Night,Night,Day,Day
A-7874939,Source2,2,2022-11-26 18:56:24.972335,2022-11-26 21:40:24.972335,29.758486,-95.481555,,,1.638,South television prevent government choice need.,Austin Streets,Houston,South Ryanstad,TX,26809,US,US/Eastern,Kkni,2022-11-26 18:30:24.972335,73.7,,76.6,28.64,5.7,N,5.8,0.21,Light Rain,False,False,False,False,False,False,False,False,False,False,False,False,False,Night,Day,Day,Day
A-6095998,Source2,2,2018-10-06 18:16:46.105351,2018-10-06 20:08:46.105351,30.237294,-81.446946,30.233995,,0.532,Friend suffer current boy exactly relationship.,Mccormick Burg,Jacksonville,Alexandermouth,FL,07747,US,US/Eastern,KFRk,2018-10-06 18:07:46.105351,60.0,,35.9,28.92,8.6,CALM,8.4,0.0,Partly Cloudy,False,False,True,False,False,False,False,False,False,False,False,True,False,Night,Day,Day,Day
A-5151363,Source1,2,2021-06-24 15:43:34.539219,2021-06-24 16:12:34.539219,30.347288,-97.76137,30.336363,-97.766791,1.354,Lead me adult young contain truth.,James Viaduct,Austin,Haynesstad,TX,95299,US,US/Eastern,Kuxl,,66.9,0.0,80.1,30.14,7.5,E,4.4,0.0,Fair,False,False,False,False,False,False,False,False,False,False,False,False,False,Day,Day,Day,Day
A-2754956,Source2,3,2025-07-05 06:34:31.547324,2025-07-05 07:48:31.547324,41.790995,-87.713478,,,1.313,Also in policy despite.,Adam Valleys,Chicago,Cervantesview,IL,76634,US,US/Eastern,KVFs,2025-07-05 06:29:31.547324,84.9,0.0,78.8,31.1,8.4,North,1.4,0.0,Clear,False,False,False,False,False,False,False,False,False,False,False,True,False,Day,Day,Day,Day
A-4753084,Source1,2,2024-05-27 00:19:18.083076,2024-05-27 03:05:18.083076,29.771085,-95.236651,29.768337,-95.248084,1.944,Study wide know.,Amanda Canyon,Houston,South Julie,TX,67275,US,US/Eastern,KJjr,2024-05-27 00:11:18.083076,79.3,,57.7,29.1,7.4,East,11.7,,Light Snow,False,False,False,False,False,False,False,False,True,False,False,False,False,Night,Night,Night,Night
A-8603105,Source2,4,2019-09-22 20:40:50.807233,2019-09-22 21:32:50.807233,25.781724,-80.356194,25.776756,-80.351062,1.52,Fire trip hard chance why task myself.,Brenda Heights,Miami,Lisaside,FL,24081,US,US/Eastern,Kxeb,2019-09-22 20:18:50.807233,44.4,,64.5,29.19,8.9,CALM,2.0,0.0,Cloudy,False,False,False,False,False,False,False,False,True,False,False,False,False,Night,Night,Night,Night
A-2240733,Source1,2,2025-10-16 02:15:04.379226,2025-10-16 05:46:04.379226,35.50364,-97.576811,,,2.805,Mission offer point price.,Angela Plains,Oklahoma City,Port Taylor,OK,99246,US,US/Eastern,KfXQ,2025-10-16 02:04:04.379226,111.7,0.0,52.2,31.46,10.3,E,11.9,0.0,Overcast,True,False,True,False,False,False,False,False,False,False,False,False,False,Night,Night,Night,Night
A-7366510,Source1,2,2019-02-22 03:13:39.029483,2019-02-22 05:14:39.029483,45.056571,-93.26847,45.055051,-93.258039,2.14,Another project seven statement professor.,Gonzales Parkways,Minneapolis,Amberberg,MN,61188,US,US/Eastern,KAwh,2019-02-22 02:56:39.029483,47.9,39.53195226507264,48.6,29.54,9.1,VAR,12.0,0.0,Fair,False,False,True,False,False,False,False,False,False,False,False,False,False,Night,Night,Night,Night
A-4594251,Source2,2,2019-05-18 04:22:21.267649,2019-05-18 06:02:21.267649,33.928337,-84.300109,,,0.229,Cover ahead job individual project space.,Nicole Tunnel,Atlanta,Andersonshire,GA,81390,US,US/Eastern,KWid,2019-05-18 04:01:21.267649,,0.0,88.8,30.74,6.7,WSW,14.8,,Fair,False,False,False,False,False,False,False,False,False,False,False,False,False,Night,Night,Day,Day
A-2967989,Source1,2,2022-05-17 09:18:17.092186,2022-05-17 11:30:17.092186,45.004464,-93.373696,,-93.371427,0.338,Go break still.,Lori Summit,Minneapolis,Michaelport,MN,26147,US,US/Eastern,KRSO,2022-05-17 08:57:17.092186,59.4,0.0,91.4,30.84,9.9,NE,3.0,0.0,Cloudy / Windy,False,False,True,False,False,False,False,False,False,False,False,False,False,Day,Day,Day,Day
A-4825144,Source2,3,2023-12-24 02:51:44.701524,2023-12-24 04:14:44.701524,30.260031,-97.758825,,,1.337,Election east add none create road use.,Terri Views,Austin,Lawrenceview,TX,12837,US,US/Eastern,Kcpz,2023-12-24 02:28:44.701524,50.6,0.0,57.0,28.51,5.6,WNW,10.6,0.0,Fog,False,False,False,False,False,False,False,False,False,False,False,False,False,Night,Night,Night,Night
A-1101866,Source1,2,2023-12-03 06:16:21.403612,2023-12-03 08:34:21.403612,35.730542,-78.640937,,-78.632887,3.474,Civil outside nation.,Berg Estates,Raleigh,Meyerton,NC,99631,US,US/Eastern,KIdO,2023-12-03 05:53:21.403612,54.2,0.0,44.9,29.82,10.9,WSW,10.8,0.0,Fair,False,False,False,False,True,False,False,False,False,False,False,False,False,Day,Day,Day,Day
A-7121901,Source2,2,2019-09-02 15:12:49.709264,2019-09-02 18:36:49.709264,25.883939,-80.106154,25.883817,-80.121136,1.302,Many common wear material join idea evening little.,Joshua Course,Miami,Deanbury,FL,65777,US,US/Eastern,KdzP,2019-09-02 14:53:49.709264,59.2,,61.3,28.68,10.7,West,12.3,,Mostly Cloudy,False,False,False,False,True,False,False,False,False,False,False,False,False,Day,Day,Day,Day
A-9376627,Source1,2,2019-06-23 22:56:59.197506,2019-06-23 23:39:59.197506,29.663932,-95.632952,,-95.636307,1.222,Doctor scientist certainly none such.,Carol Springs,Houston,East Matthewchester,TX,06255,US,US/Eastern,KPXw,2019-06-23 22:28:59.197506,37.4,0.0,47.6,28.52,8.5,NNW,0.0,0.0,Fair,False,False,False,False,False,False,False,False,False,False,False,True,False,Night,Night,Night,Night
A-7517532,Source1,2,2024-12-21 13:51:02.506649,2024-12-21 17:38:02.506649,35.866341,-78.559176,35.868429,-78.559343,0.727,Return lay sport system recent law out.,Miller Forest,Raleigh,Terryfurt,NC,39805,US,US/Eastern,KpUy,2024-12-21 13:27:02.506649,70.4,,42.8,29.28,16.7,WSW,8.7,0.0,Mostly Cloudy,False,False,False,False,False,False,False,False,False,False,False,False,False,Day,Day,Day,Day
A-596617,Source2,2,2018-12-03 00:54:00.052774,2018-12-03 03:24:00.052774,29.665095,-95.603142,29.660425,,0.087,Inside conference base example billion series.,Brent Terrace,Houston,Lake Sarah,TX,36782,US,US/Eastern,KuRN,2018-12-03 00:37:00.052774,75.7,,101.1,31.15,4.3,SE,13.2,,Overcast,False,False,False,False,False,False,False,False,False,False,False,False,False,Night,Night,Night,Night
A-5728169,Source1,2,2024-05-09 04:39:13.618484,2024-05-09 07:26:13.618484,47.593205,-122.302141,47.604013,,0.909,Threat loss debate PM.,Michael Camp,Seattle,North Curtisstad,WA,51981,US,US/Eastern,KPQa,2024-05-09 04:11:13.618484,60.3,0.0,56.2,29.55,8.4,North,9.6,0.0,Fair,False,False,False,False,False,False,False,False,False,False,False,False,False,Night,Night,Day,Day
A-219206,Source2,2,2025-10-30 21:31:38.912838,2025-10-30 23:19:38.912838,32.837306,-96.719207,32.840004,,0.299,Case political material compare week difference role property.,Reynolds Highway,Dallas,Turnerburgh,TX,81408,US,US/Eastern,KjHv,2025-10-30 21:13:38.912838,44.3,0.0,40.5,32.25,6.2,NE,2.7,0.0,Mostly Cloudy,False,False,False,False,False,False,False,False,False,False,False,False,False,Night,Night,Night,Night
A-8889082,Source2,2,2022-08-22 01:45:25.899292,2022-08-22 05:18:25.899292,38.515376,-121.462849,38.514877,-121.465447,0.287,Career leave back likely.,Michael Camp,Sacramento,North David,CA,42896,US,US/Eastern,KpRz,2022-08-22 01:19:25.899292,57.0,0.0,23.7,28.24,3.5,ESE,13.0,,,False,False,False,False,True,False,False,False,True,False,False,False,False,Night,Night,Night,Night
A-9431112,Source2,2,2019-07-28 00:24:50.798206,2019-07-28 03:50:50.798206,36.216064,-86.827405,36.20634,,0.419,Head organization yet theory speech course American religious.,Dominique Squares,Nashville,North Anashire,TN,41245,US,US/Eastern,KBuF,2019-07-28 00:04:50.798206,57.7,0.0,29.0,28.02,9.5,E,6.5,,Fair,False,False,False,False,False,False,False,False,False,False,False,False,False,Night,Night,Night,Night
A-6079590,Source2,2,2022-12-29 17:17:55.391204,2022-12-29 19:04:55.391204,25.690768,-80.280233,,-80.288036,0.431,How million some source.,Reyes Island,Miami,Jonesmouth,FL,44577,US,US/Eastern,KofG,2022-12-29 17:05:55.391204,57.8,0.0,81.2,28.45,7.5,ENE,5.0,0.0,Mostly Cloudy,False,False,False,False,False,False,False,False,False,False,False,False,False,Day,Day,Day,Day
A-2626028,Source1,2,2023-05-02 12:33:33.737906,2023-05-02 14:16:33.737906,35.238882,-80.673067,35.244445,,1.956,Thank imagine reveal some wall.,Jeff Isle,Charlotte,West Laura,NC,81092,US,US/Eastern,KyMh,2023-05-02 12:04:33.737906,61.2,0.0,48.8,28.59,10.1,CALM,6.2,0.0,Overcast,False,False,False,False,False,False,False,False,False,False,False,False,False,Day,Day,Day,Day
A-8629246,Source1,2,2025-10-04 01:44:44.358658,2025-10-04 02:19:44.358658,28.008135,-82.344082,,,0.12,Nation project quality scientist performance ahead poor.,Kristina Views,Tampa,Taylorside,FL,61562,US,US/Eastern,KliT,2025-10-04 01:30:44.358658,59.0,,71.4,30.05,5.3,SSE,9.5,,Partly Cloudy,False,False,False,False,False,False,False,False,False,False,False,False,False,Night,Night,Night,Night
A-7476584,Source2,2,2025-07-01 00:11:10.606069,2025-07-01 02:47:10.606069,47.607043,-122.283126,47.608007,-122.289591,3.678,Plant often effect research idea drop.,Jared Meadows,Seattle,South Carla,WA,79882,US,US/Eastern,KDoZ,2025-06-30 23:54:10.606069,29.0,22.527070801005515,,30.05,10.7,W,9.3,0.0,Fair,False,False,False,False,True,False,False,False,False,False,False,False,False,Night,Night,Night,Night
A-5695543,Source1,1,2024-02-19 17:15:56.766709,2024-02-19 19:29:56.766709,33.940137,-118.275819,33.931843,,1.779,Fire fight debate prepare reach democratic.,Eric Brook,Los Angeles,North Vicki,CA,09931,US,US/Eastern,KyEU,2024-02-19 17:05:56.766709,66.4,0.0,92.6,28.53,14.0,NE,0.0,0.0,Mostly Cloudy,False,False,False,False,False,False,False,False,False,False,False,True,False,Day,Day,Day,Day
A-8899740,Source1,2,2018-03-26 17:15:32.517235,2018-03-26 20:04:32.517235,33.995299,-118.267991,33.993912,-118.266904,2.473,Top hold generation.,Barton Ferry,Los Angeles,Feliciachester,CA,15641,US,US/Eastern,KsUc,2018-03-26 17:06:32.517235,24.1,,47.8,29.88,11.2,Calm,11.9,0.0,Fair,False,False,False,False,False,False,False,False,False,False,False,False,False,Day,Day,Day,Day
A-3796603,Source1,2,2021-09-28 02:51:46.394690,2021-09-28 03:35:46.394690,37.546122,-77.488616,37.550769,-77.491269,3.853,Certainly after building us best car.,Andrews Rue,Richmond,West Eriktown,VA,45078,US,US/Eastern,KoEr,2021-09-28 02:38:46.394690,77.9,,,28.61,14.5,WSW,7.5,0.0,Fair,False,False,False,False,False,False,False,False,False,False,False,False,False,Night,Night,Night,Night
A-3969904,Source1,2,2019-11-28 19:25:09.905143,2019-11-28 23:05:09.905143,29.684205,-95.434441,29.679565,,1.069,Home interview hold institution plant learn because.,Sheppard Ranch,Houston,North Jill,TX,48974,US,US/Eastern,KMgF,2019-11-28 18:59:09.905143,67.6,,78.1,28.57,6.3,WSW,7.8,,Fair,False,False,False,True,False,False,False,False,False,False,False,False,False,Night,Night,Day,Day
A-1193146,Source1,2,2024-05-06 18:56:30.933403,2024-05-06 20:01:30.933403,25.8817,-80.314687,25.892051,-80.321804,3.681,Author education mean difference evening.,Phillips Walk,Miami,New Jeffrey,FL,47428,US,US/Eastern,Kfli,2024-05-06 18:39:30.933403,59.7,,117.4,29.4,10.5,NW,8.4,0.0,Partly Cloudy,False,False,False,False,False,False,False,False,False,False,False,False,False,Night,Day,Day,Day
A-2969158,Source1,2,2025-09-10 18:55:06.044186,2025-09-10 19:47:06.044186,29.766963,-95.521234,29.763005,-95.514363,1.684,Audience somebody experience pattern.,Tara Rue,Houston,Davisborough,TX,28783,US,US/Eastern,KOzo,2025-09-10 18:31:06.044186,74.9,,74.0,28.92,6.7,N,9.8,0.0,Overcast,False,False,True,False,False,False,False,False,False,False,False,False,False,Night,Day,Day,Day
A-4723865,Source1,2,2018-05-08 22:36:37.858405,2018-05-09 00:26:37.858405,36.147477,-86.711492,36.144479,,1.523,After way reach those new.,Watkins Drive,Nashville,Scottbury,TN,09933,US,US/Eastern,KFAC,2018-05-08 22:08:37.858405,33.8,28.905766869904557,23.0,28.56,9.0,CALM,6.9,0.0,Overcast,False,False,False,False,False,False,False,False,False,False,False,False,False,Night,Night,Night,Night
A-5122378,Source1,2,2018-08-12 13:40:55.277225,2018-08-12 14:43:55.277225,36.179142,-86.809766,36.176912,-86.813241,1.951,Perhaps within nearly successful help peace imagine.,Julie Road,Nashville,North Cynthia,TN,18325,US,US/Eastern,Ksaq,2018-08-12 13:16:55.277225,83.4,,50.4,27.78,8.3,CALM,0.0,,Fair,False,False,False,False,False,False,False,False,False,False,False,False,False,Day,Day,Day,Day
A-2902388,Source2,2,2024-05-03 05:10:24.292763,2024-05-03 06:17:24.292763,45.468978,-122.747461,45.47254,,0.158,Whatever care provide policy western.,Gray Fork,Portland,Lake Lisahaven,OR,57979,US,US/Eastern,KwFn,2024-05-03 04:50:24.292763,85.7,0.0,80.6,28.47,12.1,NNW,3.3,0.0,Fair,False,False,False,False,False,False,False,False,False,False,False,True,False,Night,Day,Day,Day
A-545270,Source1,2,2018-11-16 23:28:05.162205,2018-11-17 01:14:05.162205,35.50603,-97.507081,35.506193,,0.226,Plant drop necessary service opportunity matter.,Sanchez Cape,Oklahoma City,North Amy,OK,20710,US,US/Eastern,KjaC,2018-11-16 23:02:05.162205,77.4,0.0,62.4,29.2,8.0,NNE,9.1,,Fair,False,False,False,False,False,False,False,False,False,False,False,False,False,Night,Night,Night,Night
A-8514725,Source1,2,2021-01-01 04:51:57.493311,2021-01-01 05:03:57.493311,32.650698,-96.779809,,,1.911,Lay least east half week international control.,Timothy Brook,Dallas,Smithburgh,TX,86199,US,US/Eastern,KfuO,2021-01-01 04:32:57.493311,77.8,,71.8,29.66,9.4,SSE,4.7,,Mostly Cloudy,False,False,False,False,False,False,False,False,False,False,False,False,False,Night,Night,Day,Day
A-1028676,Source1,2,2025-07-13 03:47:45.750539,2025-07-13 04:56:45.750539,45.112768,-93.021173,45.114068,,0.744,News mission significant myself party.,Dodson Street,Saint Paul,Avilatown,MN,66231,US,US/Eastern,KpPh,2025-07-13 03:27:45.750539,88.1,0.0,24.7,31.43,10.4,CALM,0.0,0.0,Light Snow,False,False,False,False,False,False,False,False,False,False,False,False,False,Night,Night,Night,Night
A-7827799,Source1,2,2019-02-25 03:05:07.280255,2019-02-25 05:46:07.280255,32.864389,-96.873511,32.874541,,2.466,World enough personal age threat.,Burton Isle,Dallas,East Amyton,TX,39598,US,US/Eastern,KKdY,2019-02-25 02:54:07.280255,50.0,0.0,58.5,29.01,10.7,NNW,6.3,0.0,Fair,False,False,False,False,False,False,False,False,False,False,False,False,False,Night,Night,Night,
A-7251529,Source1,2,2021-10-22 09:12:46.333674,2021-10-22 10:13:46.333674,25.729953,-80.197019,,-80.192993,1.116,Building light way event.,Anderson Route,Miami,Robinsonmouth,FL,35432,US,US/Eastern,KryP,2021-10-22 08:43:46.333674,54.0,0.0,66.3,29.19,6.6,North,7.3,,Haze,False,False,False,False,False,False,False,False,True,False,False,False,False,Day,Day,Day,Day
A-3721471,Source2,2,2021-08-24 04:43:54.725660,2021-08-24 07:08:54.725660,35.138129,-80.653664,,,1.038,Guess might marriage indicate specific.,Foster Key,Charlotte,New Megan,NC,01699,US,US/Eastern,Klnk,2021-08-24 04:32:54.725660,72.0,0.0,95.1,30.07,6.6,WNW,11.1,0.0,Fair,False,False,False,False,True,False,False,False,False,False,False,False,False,Night,Night,Day,Day
A-5867069,Source2,2,2020-06-15 04:45:51.319605,2020-06-15 05:07:51.319605,29.769471,-95.485047,,-95.497774,1.462,Along laugh career high anything best soldier.,Theresa Inlet,Houston,Brandonbury,TX,91955,US,US/Eastern,KgFv,2020-06-15 04:21:51.319605,64.3,,47.5,28.27,5.1,S,2.7,,Mostly Cloudy,False,False,False,False,False,False,False,False,False,False,False,True,False,Night,Night,Day,Day
A-399081,Source2,2,2021-08-12 19:19:04.978088,2021-08-12 22:06:04.978088,34.009684,-118.267085,34.010094,,1.981,Wide thousand material.,Sparks Summit,Los Angeles,South Ronaldhaven,CA,04525,US,US/Eastern,KWAa,2021-08-12 18:54:04.978088,39.7,29.52314652350919,110.9,29.91,8.2,Calm,14.6,0.0,Cloudy,False,False,False,False,False,False,False,False,False,False,False,False,False,Night,Night,Day,Day
A-1845718,Source1,2,2019-06-25 18:12:04.513139,2019-06-25 20:07:04.513139,30.391202,-97.588961,,-97.586059,0.722,Environment where rise again modern.,Graham Skyway,Austin,North Johnshire,TX,78923,US,US/Eastern,KgyM,2019-06-25 18:02:04.513139,38.2,,60.4,29.27,10.3,S,5.3,0.0,Mostly Cloudy,False,False,True,False,False,False,False,False,False,False,False,False,False,Night,Day,Day,Day
A-2997071,Source1,4,2023-11-07 02:31:01.539910,2023-11-07 05:53:01.539910,32.868395,-117.088412,,-117.088766,2.676,Serve travel gas rate indeed yeah resource.,Kerr Crescent,San Diego,Craigshire,CA,60735,US,US/Eastern,KZqQ,2023-11-07 02:10:01.539910,68.0,,47.8,29.04,9.6,CALM,7.8,0.0,Cloudy,False,False,False,False,False,False,False,False,False,False,False,False,False,Night,Night,Night,Night
A-2613642,Source2,2,2024-05-17 13:53:51.558402,2024-05-17 15:51:51.558402,29.721285,-95.329955,29.710785,,1.117,Paper season particularly Republican job protect form.,Mora View,Houston,Lake Vincentfurt,TX,57619,US,US/Eastern,KWHc,2024-05-17 13:38:51.558402,72.4,0.0,102.9,29.82,7.5,,8.1,0.0,Fair,False,False,False,False,False,False,False,False,False,False,False,False,False,Day,Day,Day,Day
A-7144104,Source1,2,2021-10-23 15:10:44.005125,2021-10-23 18:27:44.005125,30.430194,-91.229896,30.427992,,0.984,Movement training market join move.,Williams Springs,Baton Rouge,West Colleenfurt,LA,34221,US,US/Eastern,KKVC,2021-10-23 14:58:44.005125,69.6,0.0,86.4,29.46,8.9,NE,6.9,0.0,Fair,False,False,False,False,False,False,False,False,False,False,False,True,False,Day,Day,Day,Day
A-1527916,Source1,2,2018-06-14 04:24:59.823440,2018-06-14 05:37:59.823440,29.809999,-95.303209,,-95.313916,2.831,Another happen build clearly speech keep hospital.,Thompson Fork,Houston,East Peter,TX,33778,US,US/Eastern,KIze,2018-06-14 04:08:59.823440,53.5,0.0,23.8,29.6,9.1,WSW,1.9,0.0,Fair,False,False,False,False,False,False,False,False,False,False,False,False,False,Night,Night,Day,Day
A-5740886,Source1,2,2020-04-04 00:23:09.040909,2020-04-04 00:59:09.040909,29.774132,-95.418575,,,0.668,Third process network of song factor.,Miles Square,Houston,Nicoleshire,TX,36204,US,US/Eastern,KcRj,2020-04-04 00:17:09.040909,56.5,0.0,50.0,28.57,9.8,NW,13.1,,Partly Cloudy,False,False,True,False,False,False,False,False,False,False,False,False,False,Night,Night,Night,Night
A-6624675,Source2,2,2020-02-29 16:44:01.878720,2020-02-29 17:12:01.878720,29.647771,-95.416398,29.643023,-95.399208,0.271,Product sign environment provide study.,Gonzalez Falls,Houston,Port Gabriel,TX,45031,US,US/Eastern,KMmx,2020-02-29 16:39:01.878720,94.8,0.0,75.0,29.08,3.8,SSE,19.3,0.0,Mostly Cloudy,False,False,False,False,False,False,False,False,True,False,False,False,False,Day,Day,Day,Day
A-4939615,Source2,2,2023-11-19 18:52:55.032562,2023-11-19 22:06:55.032562,30.212795,-97.711713,30.207782,-97.710213,0.046,Explain without wrong cut.,Mueller Views,Austin,Penaton,TX,79824,US,US/Eastern,KSoj,2023-11-19 18:28:55.032562,21.9,0.0,103.2,28.35,6.7,NNE,1.1,,Mostly Cloudy,False,False,False,False,False,False,False,False,False,False,False,False,False,Night,Day,Day,Day
A-2576762,Source1,2,2024-05-06 02:57:05.305470,2024-05-06 06:19:05.305470,28.458414,-81.276292,28.469795,,1.077,Treat participant learn late without above write.,Jasmine Spur,Orlando,Fosterville,FL,30460,US,US/Eastern,KhmK,2024-05-06 02:52:05.305470,68.3,0.0,73.2,29.6,5.8,ESE,12.8,0.0,Fog,False,False,False,False,False,False,False,False,False,False,False,False,False,Night,Night,Night,Night
A-5001775,Source1,2,2022-11-17 23:11:51.095609,2022-11-18 02:42:51.095609,34.823759,-82.489521,,-82.491981,0.711,Expect end book sure painting.,Mason Ranch,Greenville,Lake Kellyville,SC,67932,US,US/Eastern,KgdX,2022-11-17 23:04:51.095609,44.4,34.377301442996384,36.1,29.16,9.7,S,14.3,0.0,Fog,False,False,False,False,False,False,False,False,False,False,False,False,False,Night,Night,Night,Night
A-4923979,Source2,2,2021-12-02 10:37:39.296345,2021-12-02 13:22:39.296345,28.501562,-81.488859,28.500986,-81.49096,1.853,Reality attorney including rock.,Terry Estates,Orlando,West Stevenland,FL,05996,US,US/Eastern,,2021-12-02 10:21:39.296345,53.1,,78.8,27.91,9.8,Calm,11.5,0.0,Mostly Cloudy,False,False,False,False,False,False,False,False,False,False,False,False,False,Day,Day,Day,Day
A-5660673,Source1,2,2024-06-05 18:15:15.568684,2024-06-05 19:34:15.568684,30.434198,-91.13767,30.43467,,0.971,Away truth available home.,Charles Radial,Baton Rouge,South Wayneberg,LA,65394,US,US/Eastern,KlQK,2024-06-05 17:50:15.568684,74.7,,67.0,30.94,11.9,NE,7.4,0.0,Fair,False,False,False,False,False,False,False,False,False,False,False,False,False,Night,Day,Day,Day
A-4328829,Source2,2,2023-07-09 01:49:42.825632,2023-07-09 02:37:42.825632,34.919772,-82.286926,,-82.292946,2.105,Subject arm outside property near role.,Garcia River,Greenville,West Julia,SC,48789,US,US/Eastern,KhkQ,2023-07-09 01:22:42.825632,65.1,,76.9,29.98,7.2,SSE,0.0,0.0,Clear,False,False,False,False,True,False,False,False,False,False,False,False,False,Night,Night,Night,Night
A-4760910,Source1,2,2023-12-05 13:31:17.249849,2023-12-05 15:58:17.249849,32.80037,-96.734123,,,0.871,Sure summer remain.,Adam Pass,Dallas,Davisside,TX,27002,US,US/Eastern,KhAj,2023-12-05 13:18:17.249849,41.2,,37.3,29.65,8.4,ESE,9.8,0.0,Partly Cloudy,False,False,False,False,False,False,False,False,False,False,False,False,False,Day,Day,Day,Day
A-1153564,Source2,2,2020-10-21 09:21:26.238431,2020-10-21 11:22:26.238431,28.48107,-81.43659,28.479564,-81.452145,0.904,Court deal onto thank meet never.,Kim Canyon,Orlando,South Zacharymouth,FL,97042,US,US/Eastern,KDDh,2020-10-21 09:06:26.238431,56.3,0.0,86.1,28.85,9.3,E,3.8,,Cloudy,False,False,False,False,False,False,False,False,False,False,False,False,False,Day,Day,Day,Day
A-8007465,Source2,2,2023-07-30 23:58:22.302514,2023-07-31 02:01:22.302514,32.821027,-117.201336,32.825434,,0.48,Offer kid fund begin assume.,Hopkins Circle,San Diego,New Amyview,CA,04335,US,US/Eastern,KLkE,2023-07-30 23:46:22.302514,70.3,,52.4,30.38,12.9,CALM,3.1,0.0,Fair,False,False,False,False,False,False,False,False,False,False,False,False,False,Night,Night,Night,Night
A-4060080,Source1,2,2025-09-12 18:38:36.626280,2025-09-12 20:57:36.626280,38.646421,-121.455543,38.655267,-121.451957,2.702,Large high past bar amount board.,Helen Street,Sacramento,Lake Ryanburgh,CA,92751,US,US/Eastern,KyOS,2025-09-12 18:31:36.626280,42.1,36.82462176830844,80.7,29.17,11.4,ENE,7.5,0.0,Overcast,False,False,False,False,False,False,False,False,False,False,False,False,False,Night,Day,Day,Day
A-1461018,Source1,2,2021-02-21 19:36:12.998703,2021-02-21 22:50:12.998703,28.438439,-81.374537,28.438911,,1.475,That weight shake cup.,Kyle Ford,Orlando,Chavezshire,FL,60290,US,US/Eastern,KNws,2021-02-21 19:09:12.998703,71.6,0.0,,28.79,9.7,NW,6.7,0.0,Cloudy,False,False,False,False,False,False,False,False,False,False,False,False,False,Night,Night,Day,Day
A-8497902,Source1,2,2025-08-07 05:49:35.740339,2025-08-07 07:10:35.740339,35.794875,-78.663838,,,0.56,Certain meeting another option why.,Sara Way,Raleigh,Yatestown,NC,72795,US,US/Eastern,KlMT,2025-08-07 05:42:35.740339,92.8,0.0,72.6,29.34,8.6,Calm,2.6,,Scattered Clouds,False,False,False,False,False,False,False,False,False,False,False,False,False,Night,Day,Day,Day
A-1699835,Source2,3,2023-01-02 15:16:29.391294,2023-01-02 17:21:29.391294,42.06069,-87.641048,42.053082,,1.699,Interesting cause deal traditional individual.,Keith Fords,Chicago,North Kevin,IL,52078,US,US/Eastern,Kopb,2023-01-02 15:10:29.391294,62.1,0.0,72.3,29.44,6.7,ESE,13.3,0.0,Cloudy,False,False,True,False,False,False,False,False,False,False,False,True,False,Day,Day,Day,Day
A-1653590,Source2,2,2019-12-26 15:32:37.716243,2019-12-26 17:29:37.716243,35.543621,-97.522887,35.55251,-97.52577,1.26,Next take store expect woman us clear.,Ortiz Garden,Oklahoma City,North Robert,OK,36578,US,US/Eastern,KYPF,2019-12-26 15:17:37.716243,77.4,0.0,90.8,29.13,8.7,E,9.6,0.0,Fair,False,False,True,False,True,False,False,False,False,False,False,True,False,Day,Day,Day,Day
A-210501,Source2,2,2018-07-17 18:44:40.108375,2018-07-17 21:58:40.108375,37.628583,-77.393591,37.622826,-77.402689,2.959,Hand safe whom western if.,Valerie Knolls,Richmond,South Seth,VA,81506,US,US/Eastern,KGMZ,2018-07-17 18:19:40.108375,78.2,0.0,76.3,27.98,6.1,SW,9.9,0.0,Heavy T-Storm / Windy,False,False,False,False,False,False,False,False,False,False,False,False,False,Night,Day,Day,Day
A-6518898,Source1,2,2019-04-14 18:32:54.172653,2019-04-14 20:07:54.172653,33.788366,-84.41367,33.789795,-84.416823,0.833,Foot form draw with remember.,Miguel Motorway,Atlanta,West Stevenbury,GA,13453,US,US/Eastern,Kxzq,2019-04-14 18:27:54.172653,68.0,0.0,94.2,28.93,6.5,CALM,15.9,,Light Rain,False,False,True,False,False,False,True,False,False,False,False,False,False,Night,Day,Day,Day
A-3003435,Source2,2,2023-02-08 05:59:02.251293,2023-02-08 09:38:02.251293,35.84417,-78.626304,,,4.246,Exist property to environment.,Castillo Wells,Raleigh,Harryton,NC,26324,US,US/Eastern,KxbX,2023-02-08 05:45:02.251293,53.8,,85.4,30.21,8.4,WNW,,0.0,Mostly Cloudy,False,False,False,False,False,False,False,False,False,False,False,False,False,Night,Day,Day,Day
A-8320157,Source2,2,2025-02-17 08:41:46.960618,2025-02-17 10:11:46.960618,37.359623,-121.906966,,,6.119,Allow direction ball street wonder.,Jessica Walk,San Jose,Ryanstad,CA,91847,US,US/Eastern,KIYs,2025-02-17 08:19:46.960618,85.0,0.0,118.6,28.54,6.5,Calm,9.6,0.0,Overcast,False,False,False,False,False,False,False,False,False,False,False,False,False,Day,Day,Day,Day
A-622787,Source2,2,2022-04-12 01:00:10.292557,2022-04-12 04:50:10.292557,34.825445,-82.381138,34.824919,-82.384947,1.138,Different test most eat player type.,Ward Prairie,Greenville,Port Dianaview,SC,56557,US,US/Eastern,KvdM,2022-04-12 00:39:10.292557,72.8,0.0,60.6,30.5,9.4,Calm,3.6,0.0,Clear,False,False,False,False,False,False,False,False,False,False,False,False,False,Night,Night,Night,Night
A-8247553,Source1,2,2020-11-02 14:02:57.217839,2020-11-02 16:17:57.217839,29.700631,-95.457959,,-95.437312,0.323,Nature big board yes even two answer concern.,David Causeway,Houston,Alexanderport,TX,76694,US,US/Eastern,KeXb,2020-11-02 13:46:57.217839,45.9,38.42065768904631,61.6,28.43,8.2,VAR,10.8,0.0,Overcast,False,False,False,False,False,False,False,False,False,True,False,False,False,Day,Day,Day,Day
A-655574,Source2,2,2024-03-25 23:11:29.839909,2024-03-25 23:35:29.839909,45.055556,-93.39782,45.054523,-93.398977,0.719,Difference ahead speech who base especially apply.,Jessica Ways,Minneapolis,Port Victor,MN,67556,US,US/Eastern,KOWG,2024-03-25 22:59:29.839909,24.9,,79.7,28.54,11.3,VAR,2.6,,Fair,False,False,False,False,False,False,False,False,False,False,False,False,False,Night,Night,Night,Night
A-3257115,Source1,2,2024-12-05 14:40:03.828832,2024-12-05 16:35:03.828832,29.653158,-95.21752,29.644661,,2.475,Town account view affect bill study back up.,Johnson Causeway,Houston,New Makayla,TX,18580,US,US/Eastern,KoQg,2024-12-05 14:35:03.828832,51.6,0.0,129.3,30.0,8.2,SW,10.3,0.0,Clear,False,False,False,False,False,False,False,False,False,False,False,False,False,Day,Day,Day,Day
A-3351006,Source1,2,2019-12-15 18:11:46.384247,2019-12-15 19:31:46.384247,37.551171,-77.460281,,-77.455509,3.153,Few series drop worker staff source.,Blair Corner,Richmond,West Sherrimouth,VA,02839,US,US/Eastern,KGzo,2019-12-15 17:46:46.384247,61.5,0.0,92.6,29.02,8.1,WNW,0.0,0.0,Mostly Cloudy,False,False,False,False,False,False,False,False,False,False,False,False,False,Night,Day,Day,Day
A-1258160,Source1,2,2022-01-13 11:58:42.334132,2022-01-13 12:50:42.334132,30.170858,-97.793761,30.166284,,1.701,Family knowledge call work because end stay.,James Turnpike,Austin,Sallyton,TX,57655,US,US/Eastern,KGjg,2022-01-13 11:37:42.334132,52.3,0.0,34.0,30.07,10.7,W,11.0,0.0,Fair,False,False,False,False,False,False,False,False,False,False,False,False,False,Day,Day,Day,Day
A-2444180,Source1,2,2019-11-26 23:44:01.182089,2019-11-27 00:24:01.182089,38.515514,-121.408719,,,1.9,Onto Mrs include.,Paul Cape,Sacramento,Jonesfurt,CA,26260,US,US/Eastern,Kegs,2019-11-26 23:16:01.182089,37.1,0.0,44.7,30.06,4.4,NW,5.0,0.0,Mostly Cloudy,True,False,False,False,False,False,False,False,False,False,False,False,False,Night,Night,Night,Night
A-7043923,Source1,3,2021-08-19 16:22:29.401932,2021-08-19 16:37:29.401932,45.566535,-122.718937,,-122.712221,3.311,Fear responsibility individual bit.,Martin Heights,Portland,Dylanmouth,OR,90416,US,US/Eastern,KGkW,2021-08-19 15:53:29.401932,96.0,0.0,79.5,31.0,8.6,N,0.0,,Fair,False,False,False,False,False,False,False,False,False,False,False,False,False,Day,Day,Day,Day
A-3953955,Source1,2,2019-08-28 05:50:13.283608,2019-08-28 08:11:13.283608,29.342511,-98.532534,,,0.481,Television market performance more store stock pass.,Ryan Extensions,San Antonio,New Arthur,TX,85789,US,US/Eastern,KdSS,2019-08-28 05:35:13.283608,68.7,,44.9,29.02,4.6,SSW,1.4,0.0,Clear,False,False,False,False,False,False,False,False,False,False,False,False,False,Night,Day,Day,Day
A-1566662,Source1,2,2021-02-19 02:17:55.292898,2021-02-19 02:58:55.292898,33.702636,-84.328157,33.693773,,0.536,Actually myself you anyone between write.,Cruz Loop,Atlanta,North Scottfurt,GA,78509,US,US/Eastern,KgEC,2021-02-19 02:05:55.292898,45.7,,56.3,28.11,9.2,Variable,10.1,0.0,Cloudy,False,False,False,False,True,False,False,False,False,False,False,False,False,Night,Night,Night,Night
A-5254869,Source2,2,2021-03-22 18:15:43.798813,2021-03-22 22:03:43.798813,33.848531,-84.396876,,-84.398605,1.261,Item road recently method.,Carrillo Orchard,Atlanta,West Tammy,GA,43351,US,US/Eastern,KaIp,2021-03-22 17:50:43.798813,56.0,0.0,61.9,28.48,13.0,CALM,7.1,0.0,Partly Cloudy,False,False,False,False,False,False,False,False,False,False,False,False,False,Night,Day,Day,Day
A-8843432,Source2,2,2020-07-08 02:15:50.419518,2020-07-08 04:53:50.419518,44.947739,-93.382298,,,1.89,Simple represent quite program occur lot.,Schaefer Hill,Minneapolis,Douglasborough,MN,32754,US,US/Eastern,Kcdp,2020-07-08 02:02:50.419518,65.0,0.0,76.5,29.93,9.6,SSE,11.4,0.0,Fair,False,False,False,False,False,False,False,False,False,False,False,False,False,Night,Night,Night,Night
A-2179985,Source1,2,2021-07-25 22:32:11.668580,2021-07-26 00:23:11.668580,29.717457,-95.44129,29.716968,-95.436211,2.903,Which race be happy.,Hayes Wall,Houston,Nicholasborough,TX,67976,US,US/Eastern,KsKv,2021-07-25 22:19:11.668580,59.7,0.0,97.6,29.38,8.3,WSW,2.8,0.0,Overcast,False,False,False,False,False,False,False,False,False,False,False,False,False,Night,Night,Night,Night
A-6648014,Source1,3,2020-07-13 05:32:08.574700,2020-07-13 08:58:08.574700,33.473086,-112.180212,33.469848,-112.17164,4.053,Yard analysis modern group worker build simply.,Mendoza Manors,Phoenix,North Stephanie,AZ,54104,US,US/Eastern,KEMM,2020-07-13 05:08:08.574700,35.3,,51.6,29.95,5.5,,13.9,,Fog,False,False,False,False,False,False,False,False,False,False,False,False,False,Night,Day,Day,Day
A-7047086,Source1,2,2018-08-09 20:50:54.021424,2018-08-09 21:39:54.021424,32.84122,-96.761386,,-96.75983,0.496,Professor scene ball.,Alicia Ridges,Dallas,Schmidtland,TX,97234,US,US/Eastern,KHuu,2018-08-09 20:38:54.021424,65.7,0.0,72.1,29.56,9.3,Calm,6.6,,Fair,False,False,False,False,False,False,False,False,False,False,False,False,False,Night,Night,Night,Night
A-1033627,Source2,3,2021-10-08 01:00:10.745108,2021-10-08 01:57:10.745108,29.73517,-95.521832,,,2.0,What system attack house recently.,Dunn Plaza,Houston,New Danielstad,TX,46117,US,US/Eastern,KIxy,2021-10-08 00:33:10.745108,43.4,32.1945946043602,103.1,29.36,9.7,WSW,16.0,,Fair,False,False,False,False,True,False,False,False,False,True,False,False,False,Night,Night,Night,Night
A-4543181,Source2,2,2022-12-15 01:18:46.113391,2022-12-15 05:08:46.113391,35.435141,-97.555856,35.416711,-97.553473,2.871,Heart special teacher pick police born raise.,Schmidt Mount,Oklahoma City,Meganton,OK,15005,US,US/Eastern,KOoK,2022-12-15 00:54:46.113391,67.4,0.0,81.7,30.16,14.1,SW,10.1,0.0,Clear,True,False,False,False,False,False,False,False,False,False,False,False,False,Night,Night,Night,Night
A-2833274,Source2,2,2021-07-13 20:12:51.423802,2021-07-13 21:22:51.423802,30.417085,-91.10254,30.420159,-91.100216,0.703,Skill election us low main knowledge walk.,Mason Flat,Baton Rouge,Austintown,LA,37285,US,US/Eastern,KsYP,2021-07-13 19:58:51.423802,40.4,33.21990472463841,93.5,30.94,7.5,SW,10.2,,Blowing Snow / Windy,False,False,False,False,False,False,False,False,False,False,False,False,False,Night,Night,Night,Night
A-8597821,Source2,2,2018-10-25 00:59:11.007181,2018-10-25 01:13:11.007181,34.096074,-118.199825,34.098609,-118.200508,1.28,Technology play pay alone degree painting take.,Sullivan Manors,Los Angeles,Anthonyview,CA,23422,US,US/Eastern,KPQQ,,39.4,32.413062093588614,32.6,30.35,11.4,SE,10.0,0.0,Partly Cloudy,False,False,False,False,False,False,False,False,False,False,False,False,False,Night,Night,Night,Night
A-9200406,Source2,2,2019-07-29 02:44:27.323377,2019-07-29 03:16:27.323377,34.041146,-118.34485,,,0.57,Write easy democratic teach performance.,Johnny Fields,Los Angeles,New Dannymouth,CA,55964,US,US/Eastern,Kdke,2019-07-29 02:31:27.323377,55.2,,,28.53,11.3,CALM,2.5,0.0,,False,False,False,False,False,False,False,False,False,False,False,True,False,Night,Night,Night,Night
A-1189718,Source2,2,2018-07-22 19:53:58.066637,2018-07-22 21:58:58.066637,25.817558,-80.276848,25.827809,,2.011,Music face per wrong and situation.,Christian Pines,Miami,Lake Danielle,FL,32530,US,US/Eastern,KUiV,2018-07-22 19:29:58.066637,26.4,21.975848237485543,90.9,30.49,9.0,VAR,6.3,0.0,Fair,False,False,False,False,True,False,False,False,False,False,False,False,False,Night,Night,Day,Day
A-4867116,Source2,2,2020-09-12 00:25:30.237064,2020-09-12 03:52:30.237064,35.835207,-78.582069,,,0.415,Investment our let so eye great require.,Frank Centers,Raleigh,Garcialand,NC,46752,US,US/Eastern,KGEn,2020-09-12 00:14:30.237064,72.1,0.0,75.4,29.01,13.9,NNW,8.0,0.0,Fair,False,False,True,False,False,False,False,False,False,False,False,False,False,Night,Night,Night,Night
A-380704,Source2,4,2018-09-16 13:28:10.476846,2018-09-16 15:01:10.476846,45.047191,-92.967774,45.053278,,3.823,Hear tax machine allow where better.,Wendy Rue,Saint Paul,Michaelburgh,MN,30681,US,US/Eastern,KkBp,2018-09-16 13:08:10.476846,51.5,0.0,81.9,30.89,7.9,Calm,2.4,0.0,Partly Cloudy,False,False,True,False,False,False,False,False,False,False,False,False,False,Day,Day,Day,Day
A-7542139,Source2,2,2022-03-20 18:08:54.004617,2022-03-20 20:26:54.004617,28.492371,-81.479276,,,0.803,Face office southern form such.,Samuel Skyway,Orlando,South Brittanyshire,FL,99112,US,US/Eastern,Kwar,2022-03-20 18:03:54.004617,50.9,0.0,51.9,30.82,6.9,VAR,0.0,0.0,Fair,False,False,False,False,False,False,False,False,False,False,False,False,False,Night,Day,Day,Day
A-2603133,Source1,2,2024-10-30 16:45:29.000043,2024-10-30 18:38:29.000043,30.392546,-81.714515,30.393625,-81.698446,2.041,Whom rich right attention phone term later.,John Plains,Jacksonville,North Gregory,FL,61302,US,US/Eastern,Kvvu,2024-10-30 16:28:29.000043,29.3,,52.4,28.29,1.0,CALM,5.5,0.0,Clear,False,False,False,False,True,False,False,False,False,False,False,False,False,Day,Day,Day,Day
A-5828446,Source2,2,2024-11-20 10:09:13.609171,2024-11-20 12:59:13.609171,29.488069,-98.47631,,-98.475301,0.658,Late participant member expect authority hand.,Hannah Road,San Antonio,North John,TX,68054,US,US/Eastern,Kjuj,2024-11-20 09:43:13.609171,31.5,26.53009897657808,46.4,29.1,10.5,WNW,7.1,,Mostly Cloudy,False,False,False,False,False,False,False,False,False,False,False,False,False,Day,Day,Day,Day
A-976134,Source2,3,2022-03-12 22:16:02.426598,2022-03-13 02:11:02.426598,45.470686,-122.630996,,,1.829,Light quite maybe physical rather capital.,Brown Creek,Portland,Clarkbury,OR,79259,US,US/Eastern,KEeE,2022-03-12 21:53:02.426598,52.9,0.0,67.6,28.6,11.9,Calm,6.8,0.0,Mostly Cloudy,False,False,False,False,False,False,False,False,False,False,False,False,False,Night,Night,Night,Night
A-3701650,Source2,3,2021-04-15 23:14:47.689197,2021-04-16 03:02:47.689197,29.725444,-95.51936,,-95.516117,0.144,Work public family fact matter different.,Tanner Mountain,Houston,Thomasmouth,TX,86444,US,US/Eastern,KGIf,2021-04-15 22:56:47.689197,70.8,0.0,112.2,28.8,8.8,W,16.9,0.0,Cloudy,False,False,True,False,False,False,False,False,False,False,False,False,False,Night,Night,Night,Night
A-2077602,Source1,2,2024-02-23 09:28:52.460581,2024-02-23 11:23:52.460581,33.701384,-112.044182,,-112.04091,0.227,Treat view well travel financial cover least.,Johnson Mews,Phoenix,Port Anntown,AZ,21980,US,US/Eastern,KdDI,2024-02-23 09:16:52.460581,29.7,24.931779803630498,55.3,30.99,5.8,ESE,6.9,0.24,Light Rain,False,False,False,False,False,False,False,False,False,False,False,False,False,Day,Day,Day,Day
A-3835882,Source2,2,2022-10-12 06:00:44.415612,2022-10-12 08:10:44.415612,41.813163,-87.613269,41.814608,,0.843,Medical help fund go very.,Jones Stravenue,Chicago,Troyfurt,IL,64629,US,US/Eastern,KTgr,2022-10-12 05:38:44.415612,57.5,0.0,64.5,30.41,6.6,N,,0.0,Mostly Cloudy,False,False,False,False,False,False,False,False,False,False,False,False,False,Day,Day,Day,Day
A-1917968,Source1,2,2019-07-18 03:01:19.114003,2019-07-18 03:12:19.114003,33.870539,-118.234423,,-118.234,4.291,Give than fish center fine prove use.,Mcbride Ville,Los Angeles,West Scottton,CA,43716,US,US/Eastern,KOOS,2019-07-18 02:55:19.114003,47.9,0.0,73.0,29.47,5.9,NNW,0.0,0.06,Rain,False,False,False,False,False,False,False,False,False,False,False,False,False,Night,Night,Night,Night
A-2276771,Source2,2,2020-01-25 01:38:58.926228,2020-01-25 02:53:58.926228,32.903812,-117.096508,,-117.089457,1.505,Commercial field suffer.,Bowman Square,San Diego,Richardmouth,CA,65540,US,US/Eastern,KIRj,2020-01-25 01:17:58.926228,80.4,0.0,74.5,29.03,11.0,SW,5.7,,Cloudy,False,False,False,False,False,False,False,False,False,False,False,False,False,Night,Night,Night,Night
A-8108680,Source1,2,2023-05-28 02:02:24.935975,2023-05-28 05:37:24.935975,44.887273,-93.333519,44.88123,,0.835,Institution TV develop hard each appear.,Sanchez Via,Minneapolis,Morganburgh,MN,74390,US,US/Eastern,KqZU,2023-05-28 01:53:24.935975,70.7,0.0,83.3,30.22,11.2,NNW,0.0,,Scattered Clouds,False,False,False,False,False,False,False,False,False,False,False,True,False,Night,Night,Night,Night
A-1878962,Source2,2,2023-09-06 17:48:41.662277,2023-09-06 20:31:41.662277,35.831869,-78.712896,,-78.717323,0.254,Strong direction newspaper ability everything store whether.,Edwards Harbors,Raleigh,Nicholaschester,NC,69681,US,US/Eastern,KSLJ,2023-09-06 17:42:41.662277,70.4,0.0,42.5,28.43,4.5,CALM,17.1,0.0,Clear,False,False,False,False,False,False,False,False,False,False,False,False,False,Day,Day,Day,Day
A-7962763,Source1,3,2023-12-12 17:48:23.665493,2023-12-12 21:14:23.665493,35.389601,-97.552897,,,0.549,Myself sea office others executive.,Simpson Crescent,Oklahoma City,Patriciashire,OK,72389,US,US/Eastern,KJFM,2023-12-12 17:43:23.665493,92.3,0.0,81.9,30.18,6.4,S,3.3,0.0,Fair,False,False,False,False,True,False,False,False,False,False,False,False,False,Day,Day,Day,Day
A-5174523,Source1,2,2023-04-15 08:06:27.295051,2023-04-15 08:44:27.295051,30.229328,-97.655937,30.22758,-97.657914,1.162,Fill huge course page.,Frank View,Austin,West Raymond,TX,65567,US,US/Eastern,Kcqf,2023-04-15 07:38:27.295051,53.6,0.0,72.4,30.29,5.8,W,6.7,0.0,Partly Cloudy,False,False,False,False,False,False,False,False,False,True,False,False,False,Day,Day,Day,Day
A-9762520,Source1,2,2024-10-30 10:40:22.622497,2024-10-30 14:10:22.622497,45.609684,-122.643466,,-122.640733,2.162,Physical when nothing by what size thought.,Leonard Spur,Portland,Lake Audrey,OR,57669,US,US/Eastern,KmlJ,2024-10-30 10:12:22.622497,67.6,0.0,73.4,29.32,10.2,Calm,6.0,0.0,Clear,False,False,False,False,False,False,False,False,False,False,False,False,False,Day,Day,Day,Day
A-1240757,Source2,2,2019-04-05 19:36:46.961539,2019-04-05 21:37:46.961539,35.899346,-78.733718,,,0.643,There rather phone protect laugh.,Nancy Greens,Raleigh,Longchester,NC,26804,US,US/Eastern,KOwv,2019-04-05 19:07:46.961539,56.4,,102.8,30.93,4.5,Variable,4.0,0.0,Mostly Cloudy,False,False,False,False,False,False,False,False,False,False,False,False,False,Night,Night,Day,Day
A-4113702,Source2,2,2025-03-06 16:27:30.217700,2025-03-06 17:11:30.217700,29.725811,-95.328134,29.719564,,2.115,Admit friend out become.,Ashley Square,Houston,Larryborough,TX,91097,US,US/Eastern,KAXO,2025-03-06 16:17:30.217700,50.3,0.0,58.7,30.35,11.8,,,0.0,Mostly Cloudy,False,False,False,False,False,False,False,False,False,False,False,False,False,Day,Day,Day,Day
A-2439182,Source1,2,2019-07-14 05:23:43.196457,2019-07-14 06:17:43.196457,38.682936,-121.430649,38.67962,-121.436632,0.738,Write take building together evening us music.,Mark Circles,Sacramento,Villanuevafort,CA,55656,US,US/Eastern,KqNM,2019-07-14 05:18:43.196457,79.3,0.0,67.3,29.59,10.5,WSW,6.5,0.0,Partly Cloudy,False,False,False,False,False,False,False,False,False,False,False,False,False,Night,Day,Day,Day
A-2370706,Source1,2,2021-06-18 08:51:12.952374,2021-06-18 09:20:12.952374,28.465579,-81.384762,28.457306,-81.380718,4.163,Statement hand indeed treat seek choice population.,,Orlando,East Laurabury,FL,57854,US,US/Eastern,Ktnl,2021-06-18 08:31:12.952374,54.3,,62.8,27.99,11.0,North,10.4,0.0,Fair,False,False,False,False,False,False,False,False,False,False,False,False,False,Day,Day,,Day
A-7714804,Source2,2,2018-04-23 18:44:56.255758,2018-04-23 21:02:56.255758,32.115734,-110.907491,32.121893,,2.018,Happy agreement form the four green impact accept.,Daniel Row,Tucson,East Michaelland,AZ,24026,US,US/Eastern,KsfG,2018-04-23 18:23:56.255758,52.5,0.0,68.2,29.85,10.7,SE,14.3,0.0,Clear,False,False,False,False,False,False,False,False,False,False,False,False,False,Night,Day,Day,Day
A-5372776,Source2,2,2025-07-31 09:32:09.483552,2025-07-31 12:09:09.483552,32.819058,-117.065905,32.810083,,0.37,Nice prove thing key second dinner.,Randall Plain,San Diego,New Danielletown,CA,64427,US,US/Eastern,KVOZ,2025-07-31 09:09:09.483552,52.4,0.0,84.2,29.89,0.6,SW,0.7,,Light Rain,False,False,False,False,False,False,False,False,False,False,False,False,False,Day,Day,Day,Day
A-1668309,Source2,2,2023-03-16 07:02:23.973276,2023-03-16 10:25:23.973276,30.421528,-97.804426,30.421954,-97.793242,2.475,Knowledge final especially itself huge.,West Ridges,Austin,South Jonathan,TX,89466,US,US/Eastern,KVIB,2023-03-16 06:52:23.973276,51.8,,45.2,29.97,6.4,NNE,4.8,0.0,Scattered Clouds,False,False,False,False,False,False,False,False,True,False,False,False,False,Day,Day,Day,Day
A-5940464,Source1,2,2022-07-05 19:49:05.003882,2022-07-05 21:01:05.003882,32.833903,-96.710419,,-96.718571,0.759,Land technology thing since democratic themselves.,John Extensions,Dallas,Port Julie,TX,35549,US,US/Eastern,KPDL,2022-07-05 19:26:05.003882,54.5,0.0,32.9,27.82,9.0,VAR,9.6,,Clear,False,False,False,False,False,False,False,False,False,False,False,False,False,,Night,Day,Day
A-2385921,Source2,2,2022-06-20 16:20:34.097872,2022-06-20 18:20:34.097872,35.166537,-80.731692,35.174084,-80.735063,0.267,Way follow stay high individual look talk.,Micheal Drive,Charlotte,Hallmouth,NC,86501,US,US/Eastern,KVEX,2022-06-20 16:12:34.097872,64.2,,29.0,29.59,8.9,W,2.3,0.0,Clear,False,False,False,False,False,False,False,False,False,False,False,True,False,Day,Day,Day,Day
A-9768190,Source2,2,2021-05-16 08:48:04.232912,2021-05-16 10:45:04.232912,32.760381,-117.115226,32.730276,,1.856,Four manage child drive sort.,Eric Rapid,San Diego,Elizabethmouth,CA,80993,US,US/Eastern,KnCZ,2021-05-16 08:31:04.232912,87.1,0.0,81.2,28.31,,West,12.7,,Clear,False,False,False,False,False,False,False,False,False,False,False,False,False,Day,Day,Day,Day
A-8062957,Source1,2,2023-04-11 21:21:51.321540,2023-04-12 01:18:51.321540,32.165532,-110.964202,,-110.962564,2.644,Fear quite cause tonight drop month.,James Lakes,Tucson,Jamietown,AZ,77326,US,US/Eastern,Kjfj,2023-04-11 20:52:51.321540,75.6,,69.4,27.89,14.4,W,2.3,0.0,Mostly Cloudy,False,False,False,False,False,False,False,False,False,True,False,False,False,Night,Night,Night,Night
A-270557,Source2,2,2025-09-13 21:59:45.876594,2025-09-14 00:58:45.876594,34.16996,-118.327133,,-118.331451,0.945,Into beautiful interest degree herself whether next.,Kristin View,Los Angeles,Dawnchester,CA,81002,US,US/Eastern,Keel,2025-09-13 21:53:45.876594,73.3,0.0,60.8,29.25,9.6,SW,0.2,0.25,Heavy Rain,False,False,False,False,False,False,False,False,False,False,False,False,False,Night,Night,Night,Night
A-4674560,Source1,2,2023-07-28 06:07:42.542311,2023-07-28 08:07:42.542311,28.548605,-81.236918,,-81.242283,1.55,Executive according order site.,Linda Points,Orlando,Howeside,FL,72071,US,US/Eastern,KPJO,2023-07-28 05:53:42.542311,88.7,0.0,76.9,30.17,9.6,S,0.0,,Clear,True,False,False,False,False,False,False,False,False,False,False,False,False,Day,Day,Day,Day
A-7428351,Source1,3,2023-12-06 23:18:15.047538,2023-12-07 00:23:15.047538,34.85843,-82.315214,34.860331,-82.314303,0.895,Worker adult material.,Brandon Viaduct,Greenville,South Brandon,SC,48655,US,US/Eastern,KfbO,2023-12-06 22:52:15.047538,56.4,0.0,23.4,30.1,8.1,SW,4.5,0.0,Overcast,False,False,False,False,False,False,False,False,False,False,False,False,False,Night,Night,Night,Night
A-1915983,Source1,2,2023-12-21 01:44:39.051570,2023-12-21 01:59:39.051570,37.56584,-77.479801,,-77.47873,2.24,Something like guess although.,Walters Ramp,Richmond,Mariafort,VA,27595,US,US/Eastern,KkmU,2023-12-21 01:16:39.051570,42.9,0.0,59.7,29.45,5.4,Calm,0.0,0.0,Mostly Cloudy,False,False,False,False,False,False,False,False,False,False,False,False,False,Night,Night,Night,Night
A-160150,Source2,2,2024-03-26 17:08:13.977469,2024-03-26 19:24:13.977469,32.949082,-96.865936,,-96.871036,0.555,Part top political candidate.,Allen Terrace,Dallas,Mariaside,TX,94313,US,US/Eastern,KxdL,2024-03-26 16:54:13.977469,52.5,,61.7,30.82,9.0,WNW,10.6,0.0,Fair,False,False,False,False,False,False,False,False,False,False,False,True,False,Day,Day,Day,Day
A-5918021,Source1,2,2022-03-09 10:36:32.294618,2022-03-09 10:57:32.294618,32.885295,-96.752065,32.881564,-96.758331,2.458,Bring pick political dark road.,Dalton Key,Dallas,Crystalshire,TX,81564,US,US/Eastern,KvGG,2022-03-09 10:31:32.294618,83.0,0.0,98.4,29.03,10.8,CALM,1.4,,Partly Cloudy,False,False,False,False,False,False,False,False,False,False,False,True,False,Day,Day,Day,Day
A-1930173,Source2,2,2022-01-23 19:33:51.140531,2022-01-23 21:22:51.140531,35.14842,-80.852067,,-80.856497,2.776,Trip fall return product language.,Madison Drive,Charlotte,North Troymouth,NC,37806,US,US/Eastern,Kwcx,2022-01-23 19:10:51.140531,43.3,38.78052050579901,17.8,30.22,14.1,SSE,6.5,,,False,False,False,False,False,False,False,False,False,False,False,False,False,Night,Night,Day,Day
A-1183135,Source1,3,2020-09-20 18:22:08.021343,2020-09-20 20:00:08.021343,34.039606,-118.511337,34.038626,-118.503124,0.29,Best do seat pay.,Scott Burg,Los Angeles,Williammouth,CA,82217,US,US/Eastern,KXwV,2020-09-20 18:15:08.021343,53.3,0.0,96.7,29.51,8.8,Variable,4.0,,Cloudy,False,False,False,False,False,False,False,False,True,False,False,True,False,Night,Day,Day,Day
A-8135586,Source1,2,2021-10-17 11:38:29.525946,2021-10-17 12:15:29.525946,37.577598,-77.457265,,-77.457587,0.067,Main dream theory serious spend attorney require.,Gillespie Brooks,Richmond,Brownfurt,VA,49141,US,US/Eastern,KaHg,2021-10-17 11:14:29.525946,29.5,,112.9,27.73,8.4,Variable,,0.0,Overcast,False,False,False,False,False,False,False,False,False,False,False,False,False,Day,Day,Day,Day
A-4556635,Source1,2,2018-10-03 02:40:32.610360,2018-10-03 03:08:32.610360,32.822753,-117.144798,32.817585,-117.147198,2.87,Require together buy down pressure.,Gonzales Forges,San Diego,East Jenniferfort,CA,72326,US,US/Eastern,KpPW,2018-10-03 02:28:32.610360,54.8,0.0,57.2,27.98,,WSW,5.1,0.0,Clear,False,False,False,False,False,False,False,False,False,False,False,False,False,Night,Night,Night,Night
A-6082848,Source1,3,2023-07-29 13:38:32.936089,2023-07-29 17:33:32.936089,33.800961,-84.366283,33.810845,-84.371923,1.43,Best Republican relate laugh spend measure.,Carlos Manor,Atlanta,Popestad,GA,54581,US,US/Eastern,KdUn,2023-07-29 13:23:32.936089,41.3,,48.3,29.68,10.5,WSW,7.8,0.0,Clear,False,False,False,False,False,False,False,False,False,False,False,False,False,Day,Day,Day,Day
A-3875738,Source1,2,2018-05-24 00:55:28.627809,2018-05-24 01:13:28.627809,34.108918,-118.303546,34.105319,-118.318675,1.732,Form chance quality site when step eat.,John Mill,Los Angeles,Stephanieville,CA,40110,US,US/Eastern,KXvs,2018-05-24 00:28:28.627809,96.5,,84.9,31.42,10.2,West,6.4,0.0,Fair,False,False,False,False,False,False,False,False,False,False,False,False,False,Night,Night,Night,Night
A-8294297,Source2,3,2024-10-18 05:00:38.398518,2024-10-18 07:54:38.398518,35.842951,-78.675494,35.843281,-78.680521,4.599,Mouth program democratic leader stop writer.,Hopkins Locks,Raleigh,West Jennifer,NC,11497,US,US/Eastern,KVmF,2024-10-18 04:34:38.398518,92.5,0.0,46.7,29.06,7.3,N,5.5,0.0,Fog,False,False,False,False,False,False,False,False,False,False,False,False,False,Night,Day,Day,Day
A-5134347,Source1,3,2021-11-22 23:31:39.366144,2021-11-22 23:51:39.366144,30.443699,-91.043932,30.44292,-91.050654,0.331,Town seek person special house six including.,Douglas Path,Baton Rouge,Vickieville,LA,55791,US,US/Eastern,KkOF,2021-11-22 23:07:39.366144,12.9,4.295963272139973,61.2,29.57,8.0,SE,12.3,0.0,Mostly Cloudy / Windy,False,False,False,False,False,False,False,False,False,False,False,False,False,Night,Night,Night,Night
A-6369695,Source2,3,2025-04-21 03:01:01.265963,2025-04-21 05:27:01.265963,34.064083,-118.178405,34.060137,-118.17263,0.589,Recognize respond it toward.,Cameron Shore,Los Angeles,Thomasmouth,CA,81092,US,US/Eastern,KQlr,2025-04-21 02:47:01.265963,46.9,36.77610157211821,,30.15,9.6,CALM,14.4,0.0,Cloudy,False,False,False,False,False,False,False,False,False,False,False,False,False,Night,Night,Night,Night
A-768344,Source1,3,2023-10-16 01:41:29.470507,2023-10-16 02:19:29.470507,29.675603,-95.456039,29.676436,-95.468068,4.681,Out discussion there other.,Diaz Alley,Houston,Rileymouth,TX,66230,US,US/Eastern,KBKf,2023-10-16 01:12:29.470507,68.8,,25.5,31.0,12.3,S,11.5,0.0,Clear,False,False,False,False,False,False,False,False,False,False,False,False,False,Night,Night,Night,Night
A-967792,Source2,3,2022-08-16 01:57:58.182364,2022-08-16 03:26:58.182364,29.440843,-98.506661,,-98.508325,1.678,Plant effort rich size network sea.,Cooper Mission,San Antonio,Andrewburgh,TX,49269,US,US/Eastern,KLxX,2022-08-16 01:49:58.182364,56.0,0.0,87.7,28.2,10.9,ENE,0.0,,Mostly Cloudy,False,False,False,False,False,False,False,False,False,False,False,False,False,Night,Night,Night,Night
A-6426115,Source1,3,2025-12-18 09:23:09.623774,2025-12-18 09:58:09.623774,28.527619,-81.451949,,,2.481,Project us stop green.,Jenny Road,Orlando,South Jacquelinehaven,FL,27858,US,US/Eastern,KvyW,2025-12-18 09:08:09.623774,66.1,0.0,74.8,30.04,12.0,South,2.9,0.0,Mostly Cloudy,False,False,False,False,False,False,False,False,False,False,False,False,False,Day,Day,Day,Day
A-2493310,Source2,3,2023-06-13 14:04:50.581720,2023-06-13 14:22:50.581720,34.011617,-118.142825,,-118.144625,0.56,Prepare which program around.,Roy Harbor,Los Angeles,Sanchezmouth,CA,76987,US,US/Eastern,KBag,2023-06-13 13:58:50.581720,67.0,0.0,83.5,29.06,10.0,VAR,11.1,0.0,Partly Cloudy,False,False,False,False,False,False,False,False,False,False,False,False,False,Day,Day,Day,Day
A-2832294,Source2,2,2024-10-27 16:25:52.446221,2024-10-27 18:12:52.446221,41.907847,-87.70793,41.899338,-87.704513,2.731,Smile to into operation.,Williams Avenue,Chicago,Shaneborough,IL,60065,US,US/Eastern,KjtP,2024-10-27 15:56:52.446221,70.5,,43.8,29.41,9.2,W,4.2,,Fair,False,False,False,False,False,False,False,False,False,False,False,False,False,Day,Day,Day,Day
A-4410137,Source1,2,2018-10-26 12:10:24.633301,2018-10-26 13:19:24.633301,37.295359,-121.926625,,,1.141,News mother miss evidence above laugh.,Schwartz Burg,San Jose,Keithbury,CA,80068,US,US/Eastern,KkSX,2018-10-26 11:41:24.633301,41.1,0.0,49.6,28.87,1.7,WNW,0.0,,Light Rain,False,False,True,False,False,False,False,False,False,False,False,True,False,Day,Day,Day,Day
A-1604545,Source1,2,2018-03-19 11:25:54.147999,2018-03-19 11:47:54.147999,30.239018,-97.721938,,,1.743,Standard property goal management collection continue.,Bruce Station,Austin,Thomastown,TX,21552,US,US/Eastern,KgUW,2018-03-19 11:07:54.147999,75.2,0.0,107.0,27.17,7.0,NNW,2.3,0.0,Fair,False,False,False,False,False,False,False,False,False,False,False,False,False,Day,Day,Day,Day
A-640087,Source2,2,2020-05-14 01:29:20.418722,2020-05-14 02:44:20.418722,29.832241,-95.448059,,-95.448901,0.785,View start check human partner pattern teach town.,Perkins Stream,Houston,Stephenberg,TX,90480,US,US/Eastern,KyKr,2020-05-14 01:03:20.418722,,0.0,115.8,28.94,6.7,VAR,,,Cloudy,False,False,False,False,False,False,False,False,False,False,False,False,False,Night,Night,Night,Night
A-2948602,Source1,2,2023-12-24 18:44:00.041411,2023-12-24 22:04:00.041411,38.541493,-121.392343,38.527987,,1.389,Issue owner six.,Murphy Fords,Sacramento,Colefort,CA,86431,US,US/Eastern,KGLH,2023-12-24 18:21:00.041411,96.6,,51.2,30.03,10.1,W,3.4,0.0,Fair,False,False,True,False,False,False,False,False,False,False,False,False,False,Night,Day,Day,Day
A-8587768,Source2,2,2018-10-13 23:23:35.902878,2018-10-14 00:55:35.902878,45.539523,-122.780313,45.536511,-122.780947,0.89,Sense tough have since need.,Cole Passage,Portland,Moniquemouth,OR,18678,US,US/Eastern,KxOD,2018-10-13 23:09:35.902878,51.1,0.0,77.6,29.57,5.8,CALM,0.6,0.0,Scattered Clouds,False,False,False,False,False,False,False,False,False,False,False,False,False,Night,Night,Night,Night
A-4649547,Source1,2,2025-02-17 10:46:19.628590,2025-02-17 12:11:19.628590,29.632118,-95.533511,,,1.562,Third around story allow plan occur surface.,Elizabeth Oval,Houston,Deanville,TX,99785,US,US/Eastern,KeUA,2025-02-17 10:32:19.628590,58.5,0.0,57.6,30.59,4.4,SSE,15.8,,Fair,False,False,False,False,False,False,False,False,False,False,False,True,False,Day,Day,Day,Day
A-3271096,Source2,2,2019-04-23 03:43:52.642274,2019-04-23 05:50:52.642274,32.825862,-96.839307,,-96.83369,1.005,Make watch unit few of.,Olivia Harbor,Dallas,Smithfurt,TX,58801,US,US/Eastern,KIEb,2019-04-23 03:15:52.642274,85.5,,95.9,28.79,6.9,N,5.9,,Cloudy,False,False,True,False,False,False,False,False,False,False,False,False,False,Night,Night,Night,Night
A-3739404,Source1,2,2020-11-28 18:16:11.577893,2020-11-28 20:34:11.577893,44.895436,-93.307838,44.891295,-93.319459,0.362,Score support need better machine raise least.,Wilson Lights,Minneapolis,Lake Lisa,MN,50122,US,US/Eastern,KhMe,2020-11-28 18:02:11.577893,32.7,28.029181747691958,23.1,27.98,10.9,West,6.6,0.0,Clear,False,False,False,False,False,False,False,False,False,False,False,False,False,Night,Day,Day,Day
A-2553437,Source1,3,2018-05-05 16:45:07.205439,2018-05-05 19:48:07.205439,32.784211,-96.78971,,,0.057,Cover hope artist financial might.,Murray Well,Dallas,Port Jessica,TX,69038,US,US/Eastern,KnUM,2018-05-05 16:36:07.205439,42.7,,77.3,29.11,16.4,SSW,6.4,,Fair,False,False,False,False,False,False,False,False,True,False,False,False,False,Day,Day,Day,Day
A-2818541,Source1,2,2021-10-24 09:52:14.402102,2021-10-24 11:04:14.402102,25.625426,-80.269478,25.620035,,0.414,Deep affect answer big democratic teacher.,Ricardo Terrace,Miami,Port Christopherbury,FL,91728,US,US/Eastern,KhKt,2021-10-24 09:42:14.402102,49.3,0.0,55.7,29.73,9.1,WNW,0.0,0.0,Light Snow,False,False,True,False,False,False,False,False,False,False,False,False,False,Day,Day,Day,Day
A-9899896,Source2,2,2020-12-07 14:13:14.092627,2020-12-07 17:45:14.092627,35.816109,-78.706941,35.811952,-78.709357,1.139,Contain human seek one ahead conference by.,Aaron Creek,Raleigh,Kevinfort,NC,71646,US,US/Eastern,KGOl,2020-12-07 13:57:14.092627,80.3,0.0,46.9,30.69,7.3,NNE,9.2,,Mostly Cloudy,False,False,False,False,False,False,False,False,False,False,False,False,False,Day,Day,Day,Day
A-2573761,Source1,2,2020-07-23 05:56:39.631444,2020-07-23 08:14:39.631444,28.502845,-81.412789,28.505627,-81.414304,0.682,Service paper job agree.,Lee Greens,Orlando,East Rebeccaside,FL,08109,US,US/Eastern,KjGa,2020-07-23 05:41:39.631444,80.8,0.0,33.8,28.48,2.2,SSE,,0.13,Rain,False,False,False,False,False,False,False,False,False,False,False,False,False,Night,Day,Day,Day
A-6283192,Source2,3,2019-06-18 10:27:48.809176,2019-06-18 12:28:48.809176,34.820513,-82.290282,,-82.292618,1.171,Away business speak individual plant.,Juan Plain,Greenville,North Tiffany,SC,28901,US,US/Eastern,Kgwt,2019-06-18 10:02:48.809176,84.0,0.0,51.3,29.71,2.8,E,4.2,0.0,Mostly Cloudy,False,False,False,False,False,False,False,False,False,False,False,False,False,Day,Day,Day,Day
A-3767090,Source1,2,2019-06-02 16:26:04.614542,2019-06-02 20:01:04.614542,33.824791,-84.335784,,-84.339185,2.707,Brother cover attorney perform.,Linda Run,Atlanta,Chadchester,GA,08704,US,US/Eastern,KORf,2019-06-02 16:20:04.614542,35.2,0.0,75.8,31.55,5.2,South,0.6,,Light Rain,False,False,False,False,False,False,False,False,False,False,False,False,False,Day,Day,Day,Day
A-7855128,Source2,3,2020-11-01 22:44:11.344342,2020-11-02 01:22:11.344342,45.499692,-122.678755,45.496855,,3.421,Away start mouth word worker art.,Kennedy Turnpike,Portland,New Tammy,OR,19302,US,US/Eastern,KOPC,2020-11-01 22:16:11.344342,68.2,0.0,42.1,30.5,5.8,W,7.0,0.0,Clear,False,False,False,False,False,False,False,False,False,False,False,False,False,Night,Night,Night,Night
A-9964513,Source2,2,2019-12-20 06:29:55.520775,2019-12-20 10:10:55.520775,32.909934,-96.719363,,-96.717956,2.216,Family kitchen eight example half ready commercial represent.,Williams Ranch,Dallas,Pamland,TX,29135,US,US/Eastern,KAzL,2019-12-20 06:07:55.520775,45.9,41.71112172857741,63.8,29.23,9.8,SSE,5.9,0.0,Fair,False,False,False,False,True,False,False,False,False,False,False,False,False,Day,Day,Day,Day
A-819498,Source2,3,2019-10-29 14:35:49.267680,2019-10-29 15:18:49.267680,27.960317,-82.601577,27.958382,,0.165,Last everything staff rule say investment employee.,Smith Radial,Tampa,Jonesmouth,FL,18505,US,US/Eastern,Kyct,2019-10-29 14:21:49.267680,71.7,,62.9,31.11,7.9,CALM,3.0,0.0,Overcast,False,False,False,False,False,False,False,False,False,False,False,False,False,Day,Day,Day,Day
A-3529724,Source1,2,2020-05-07 09:12:39.436991,2020-05-07 10:20:39.436991,37.328528,-121.89283,,,2.223,Base building either standard room arm glass.,Scott Fork,San Jose,East Williammouth,CA,26960,US,US/Eastern,KYnw,2020-05-07 08:47:39.436991,45.9,,64.5,32.1,10.3,S,1.6,0.0,Mostly Cloudy,False,False,False,False,False,False,False,False,False,False,False,True,False,Day,Day,Day,Day
A-1699374,Source1,2,2024-03-25 10:51:16.114529,2024-03-25 11:06:16.114529,29.548471,-98.477971,29.555688,-98.471799,0.196,Media data structure woman artist protect.,Janice Isle,San Antonio,West Gregory,TX,28044,US,US/Eastern,KavI,2024-03-25 10:38:16.114529,63.6,,67.8,29.97,13.8,SW,3.7,0.0,Cloudy,False,False,False,False,False,False,False,False,False,False,False,False,False,Day,Day,Day,Day
A-1684874,Source1,2,2018-04-03 06:54:44.657875,2018-04-03 08:29:44.657875,27.952395,-82.417371,,-82.411605,2.835,Kind to appear statement piece task.,Elizabeth Well,Tampa,Elizabethfurt,FL,57659,US,US/Eastern,KCDC,2018-04-03 06:31:44.657875,60.4,0.0,46.9,28.37,9.0,SE,15.7,,Mostly Cloudy,False,False,False,False,False,False,False,False,False,False,False,False,False,Day,Day,Day,Day
A-9805601,Source1,2,2026-02-11 22:06:30.770364,2026-02-12 00:13:30.770364,35.747233,-78.650594,35.750099,-78.651347,2.169,Good something time majority.,Wilson Prairie,Raleigh,West Jasonfort,NC,00688,US,US/Eastern,KgYv,2026-02-11 21:58:30.770364,86.8,,83.4,28.65,8.4,Calm,0.0,,Fair,False,False,False,False,False,False,False,False,False,False,False,False,False,Night,Night,Night,Night
A-2930478,Source1,2,2025-10-29 08:01:46.613113,2025-10-29 08:54:46.613113,28.535332,-81.479773,,-81.482119,3.591,Fly challenge agree religious despite too let.,Miles Falls,Orlando,Port Daniellemouth,FL,49757,US,US/Eastern,KWph,2025-10-29 07:44:46.613113,83.5,0.0,53.2,29.92,9.6,CALM,7.2,0.0,Partly Cloudy,False,False,False,False,False,False,False,False,False,False,False,False,False,Day,Day,Day,Day
A-5895215,Source2,3,2020-07-03 03:47:44.049869,2020-07-03 04:01:44.049869,35.264132,-80.823552,35.258504,-80.82745,1.522,Would guy idea age point.,Moore Oval,Charlotte,Danielmouth,NC,21641,US,US/Eastern,KFNB,2020-07-03 03:28:44.049869,81.2,0.0,81.4,29.38,5.6,S,0.8,0.0,Mostly Cloudy,False,False,False,False,False,False,False,False,False,False,False,False,False,Night,Night,Night,Night
A-6932459,Source2,2,2018-05-24 09:56:23.871570,2018-05-24 13:26:23.871570,45.504073,-122.665341,,,4.208,Bar north building you.,Cabrera Summit,Portland,Millermouth,OR,63857,US,US/Eastern,KMZV,,40.0,29.53476152249589,69.3,31.3,5.3,CALM,14.9,0.0,Partly Cloudy,False,False,True,False,False,False,False,False,False,False,False,False,False,Day,Day,Day,Day
A-3140993,Source2,2,2022-06-08 10:46:31.646200,2022-06-08 12:08:31.646200,44.879161,-93.337202,44.884548,,0.606,Statement land much quickly each a.,Nicholas Keys,Minneapolis,North Jamiemouth,MN,30269,US,US/Eastern,KHCx,2022-06-08 10:41:31.646200,62.1,,55.0,28.94,8.2,W,,,Scattered Clouds,False,False,False,False,False,False,False,False,False,True,False,False,False,Day,Day,Day,Day
A-2525888,Source2,2,2026-01-25 13:13:21.613490,2026-01-25 16:58:21.613490,25.817728,-80.246063,,-80.241812,1.057,Culture much authority plant focus capital.,Douglas Corners,Miami,Smithstad,FL,42108,US,US/Eastern,KqFn,2026-01-25 13:00:21.613490,92.7,0.0,49.5,30.03,8.7,NE,9.9,,Light Rain,False,False,False,False,False,False,False,False,False,False,False,False,False,Day,Day,Day,Day
A-4343603,Source1,3,2024-03-03 11:35:30.609817,2024-03-03 14:09:30.609817,37.32551,-121.874404,37.328295,-121.875251,0.077,Fine capital against computer.,Black Forest,San Jose,Melissashire,CA,74624,US,US/Eastern,KYsN,2024-03-03 11:28:30.609817,77.2,0.0,29.6,27.79,5.0,S,4.2,0.0,Clear,False,False,False,False,False,False,False,False,False,False,False,False,False,Day,Day,Day,Day
A-3662753,Source2,2,2023-06-20 04:32:20.444014,2023-06-20 07:47:20.444014,37.327099,-121.878108,37.330368,,2.686,Full treatment amount society put task want.,Michael Trace,San Jose,South Peter,CA,99512,US,US/Eastern,KTSj,2023-06-20 04:23:20.444014,72.4,,85.7,30.49,9.3,S,7.2,,Fog,False,False,False,False,False,False,False,False,False,False,False,False,False,Night,Night,Day,Day
A-8505305,Source1,2,2022-04-13 17:47:37.838396,2022-04-13 21:14:37.838396,38.664331,-121.450261,,-121.450789,3.235,Heart too quality free these air.,Nicholas Throughway,Sacramento,South Carmenborough,CA,22325,US,US/Eastern,KoRN,2022-04-13 17:38:37.838396,90.0,,80.9,28.39,9.8,SSW,2.6,0.0,Fair,False,False,True,False,False,False,False,False,False,False,False,False,False,Day,Day,Day,Day
A-8333111,Source2,3,2022-06-03 20:18:00.855686,2022-06-03 21:30:00.855686,38.499179,-121.378361,38.510372,,2.509,Others hospital outside player hour like blue reason.,John Knolls,Sacramento,Port Jennifer,CA,24533,US,US/Eastern,KaNi,2022-06-03 20:08:00.855686,58.4,0.0,82.5,30.29,2.2,WNW,1.8,0.26,Light Rain,False,False,False,False,True,False,False,False,False,False,False,False,False,Night,Night,Night,Night
A-3335974,Source1,3,2024-05-30 10:55:37.729174,2024-05-30 12:27:37.729174,30.206836,-97.712874,,-97.719928,0.073,Heart research step occur.,Brandon Throughway,Austin,South Frances,TX,79760,US,US/Eastern,KtJd,2024-05-30 10:35:37.729174,64.6,0.0,54.8,29.59,8.7,SSW,1.5,0.0,Mostly Cloudy,False,False,False,False,False,False,False,False,False,False,False,True,False,Day,Day,Day,Day
A-1386544,Source1,2,2019-03-06 07:18:57.985480,2019-03-06 11:08:57.985480,30.327878,-97.779294,,-97.780436,1.445,Five television discuss loss land.,Wanda Valleys,Austin,Stephentown,TX,60456,US,US/Eastern,KheU,2019-03-06 07:04:57.985480,70.0,0.0,94.6,28.33,8.4,WSW,16.6,0.0,Fair,False,False,False,False,False,False,False,False,False,False,False,True,False,Day,Day,Day,Day
A-6059946,Source2,4,2020-01-23 08:01:36.240589,2020-01-23 10:52:36.240589,32.822463,-96.711875,,,0.617,Color manage food military direction from.,Wendy Branch,Dallas,North Patricktown,TX,71455,US,US/Eastern,KTbK,2020-01-23 07:56:36.240589,69.6,0.0,69.9,28.36,9.9,SW,5.5,,Partly Cloudy / Windy,False,False,False,False,False,False,False,False,False,False,False,False,False,Day,Day,Day,Day
A-6289799,Source1,3,2018-10-31 17:58:09.731920,2018-10-31 18:41:09.731920,37.501122,-77.418741,37.495671,-77.414467,2.528,Stock couple available reason free.,Dillon Manors,Richmond,South Ericaburgh,VA,51576,US,US/Eastern,Kcby,2018-10-31 17:41:09.731920,82.7,0.0,14.6,30.94,11.7,West,14.8,0.0,Clear,False,False,False,False,False,False,False,False,False,False,False,False,False,Day,Day,Day,Day
A-6897327,Source1,2,2021-03-08 04:02:25.107162,2021-03-08 04:40:25.107162,34.046013,-118.234558,34.036065,-118.238747,0.468,National dream senior.,Rivera Brooks,Los Angeles,Simsburgh,CA,58793,US,US/Eastern,KlSL,2021-03-08 03:57:25.107162,78.0,,81.2,28.15,9.9,Calm,11.3,0.0,Fair,False,False,False,False,False,False,False,False,False,False,False,False,False,Night,Night,Day,Day
A-3247029,Source1,2,2022-12-13 23:21:48.497693,2022-12-14 01:13:48.497693,35.258289,-80.948262,35.26169,,0.636,Way need new data later.,Jones Curve,Charlotte,Rileyfurt,NC,37496,US,US/Eastern,KKwc,2022-12-13 23:03:48.497693,64.6,0.0,70.9,29.57,5.0,NW,2.4,0.27,Light Rain,False,False,False,False,False,False,False,False,False,False,False,False,False,Night,Night,Night,Night
A-353184,Source2,2,2022-03-22 02:09:35.550839,2022-03-22 04:06:35.550839,30.322834,-81.791579,,-81.797449,0.975,Program behavior mean someone.,Anthony Keys,Jacksonville,Jenniferfort,FL,12826,US,US/Eastern,Klhm,2022-03-22 02:04:35.550839,32.4,,63.9,28.92,9.7,NE,15.0,0.0,Clear,False,False,True,False,False,False,False,False,False,False,False,False,False,Night,Night,Night,Night
A-6348376,Source1,2,2021-04-25 18:33:09.185158,2021-04-25 21:17:09.185158,44.98303,-93.33525,,-93.334614,1.914,Around imagine such per hard compare discuss.,Melvin Rapid,Minneapolis,West Christopher,MN,12087,US,US/Eastern,KOSM,2021-04-25 18:26:09.185158,119.5,0.0,62.2,29.54,,Variable,19.2,0.0,Fair,False,False,False,False,False,False,False,False,False,False,False,False,False,Night,,Day,Day
A-9726674,Source1,2,2024-11-02 03:46:40.728137,2024-11-02 04:20:40.728137,33.733907,-84.359134,,,1.443,No meet quite another stay everything.,William Plains,Atlanta,Perrytown,GA,96892,US,US/Eastern,KVuA,2024-11-02 03:39:40.728137,55.6,,56.2,29.64,9.6,N,9.2,0.0,Scattered Clouds,False,False,True,False,False,False,False,False,False,False,False,False,False,Night,Night,Night,Night
A-9339866,Source1,2,2026-03-04 05:11:04.520700,2026-03-04 05:41:04.520700,30.50051,-91.141302,30.500394,,1.382,Budget animal up dream pressure.,Robert Falls,Baton Rouge,New Rebeccaport,LA,99309,US,US/Eastern,KQKM,2026-03-04 04:58:04.520700,62.4,0.0,,29.47,,SE,0.0,,Fair,False,False,False,False,False,False,False,False,False,False,False,False,False,Night,Day,Day,Day
A-9585606,Source1,2,2022-02-26 07:33:22.824057,2022-02-26 10:07:22.824057,34.017095,-118.302493,34.03098,,1.411,Economy add wonder form.,Brian Shoal,Los Angeles,East Melinda,CA,29485,US,US/Eastern,KdOO,2022-02-26 07:10:22.824057,66.0,0.0,42.3,28.52,9.4,VAR,,0.0,Light Snow,False,False,False,False,False,False,False,False,False,False,False,True,False,Day,Day,Day,Day
A-6786362,Source1,3,2024-01-06 09:38:27.249463,2024-01-06 12:58:27.249463,28.5805,-81.249041,,,1.067,Inside for expert common hear wife.,Crawford Road,Orlando,Port Codyside,FL,96098,US,US/Eastern,KocA,2024-01-06 09:25:27.249463,79.9,0.0,35.8,28.5,9.8,SW,5.7,0.0,Fair,False,False,False,False,True,False,False,False,False,False,False,False,False,Day,Day,Day,Day
A-2425202,Source2,2,2024-05-06 12:25:33.604318,2024-05-06 15:55:33.604318,29.710216,-95.180863,,-95.185709,1.847,Wife agency and before water exist upon.,Black Manor,Houston,Lake Christinashire,TX,58189,US,US/Eastern,Ksqo,2024-05-06 11:56:33.604318,74.0,0.0,58.7,29.11,5.6,SSE,0.1,,Cloudy,False,False,True,False,False,False,False,False,False,False,False,True,False,Day,Day,Day,Day
A-2327416,Source2,2,2025-06-03 02:10:37.453710,2025-06-03 04:10:37.453710,29.866758,-95.386942,,,2.712,Threat child box clearly table game easy.,Lee Common,Houston,Davisside,TX,47471,US,US/Eastern,KFIn,2025-06-03 02:02:37.453710,64.0,0.0,36.3,31.13,11.5,NNE,6.4,0.0,,False,False,False,False,False,False,False,False,False,False,False,False,False,Night,Night,Night,Night
A-5414365,Source1,2,2022-05-22 11:15:15.687402,2022-05-22 13:33:15.687402,29.818765,-95.520018,,,0.193,Let stand class rate recent accept.,Moore Estates,Houston,Paulshire,TX,27373,US,US/Eastern,KqdT,2022-05-22 11:02:15.687402,82.1,0.0,93.1,29.56,9.9,North,6.9,0.0,Mostly Cloudy,False,False,True,False,False,False,False,False,False,False,False,True,False,Day,Day,Day,Day
A-1254711,Source1,2,2021-11-05 01:03:55.606606,2021-11-05 01:23:55.606606,45.49316,-122.643654,,-122.660154,1.753,Must Republican base full sister thank book.,Moore Green,Portland,Melissashire,OR,43139,US,US/Eastern,KYhP,2021-11-05 00:54:55.606606,67.0,0.0,91.5,27.51,8.8,SW,6.2,,Mostly Cloudy,False,False,False,False,False,False,False,False,False,False,False,False,False,Night,Night,Night,Night
A-3666077,Source1,2,2025-01-26 16:26:25.171976,2025-01-26 18:01:25.171976,30.262547,-97.655291,30.24594,-97.656313,1.243,Skin where dream bag.,Elizabeth Turnpike,Austin,Anthonyhaven,TX,60321,US,US/Eastern,KNHH,2025-01-26 16:02:25.171976,99.0,0.0,97.0,27.7,9.2,SE,16.8,0.0,Mostly Cloudy,False,False,False,False,False,False,False,False,False,False,False,False,False,Day,Day,Day,Day
A-1758499,Source1,2,2018-05-03 03:53:58.668866,2018-05-03 07:12:58.668866,32.929477,-96.705425,32.935217,,0.952,Child game including along mention.,Bridges Throughway,Dallas,East Alyssaborough,TX,50371,US,US/Eastern,KSkm,2018-05-03 03:33:58.668866,51.7,,68.5,29.7,10.3,WNW,9.8,0.0,Fair,False,False,False,False,False,False,False,False,False,False,False,True,False,Night,Night,Night,Night
A-6137978,Source1,2,2021-12-20 06:41:21.509396,2021-12-20 06:55:21.509396,30.38743,-91.139732,,-91.139569,3.306,Produce likely plan care finally anything which bad.,Kathryn Springs,Baton Rouge,Reneeberg,LA,73109,US,US/Eastern,KJcD,2021-12-20 06:12:21.509396,31.1,0.0,85.3,30.7,10.3,N,2.8,0.0,Haze,False,False,False,False,False,False,False,False,False,False,False,False,False,Day,Day,Day,Day
A-1045384,Source1,3,2019-09-09 22:42:37.371338,2019-09-09 22:57:37.371338,32.87019,-96.811395,,,0.107,Join laugh meeting southern.,Douglas Brooks,Dallas,New Austinhaven,TX,87251,US,US/Eastern,KUxB,2019-09-09 22:35:37.371338,62.0,,54.9,30.32,10.7,E,14.4,0.0,Heavy Snow,False,False,True,False,False,True,False,False,False,False,False,False,False,Night,Night,Night,Night
A-4504029,Source2,2,2024-03-28 20:36:20.870522,2024-03-28 23:30:20.870522,30.316042,-97.641657,30.32529,-97.639043,2.069,Officer line ahead great.,Richard Glen,Austin,East Calebview,TX,46516,US,US/Eastern,KiLL,2024-03-28 20:23:20.870522,58.0,,39.8,27.86,14.6,W,1.7,0.0,Cloudy,False,False,False,False,False,False,False,False,False,False,False,False,False,Night,Night,Night,Night
A-6118579,Source1,2,2020-01-14 20:16:43.327619,2020-01-14 22:14:43.327619,30.08677,-97.859392,,-97.854562,3.162,Eat how against attorney from bar.,Vargas Stravenue,Austin,Weberbury,TX,33841,US,US/Eastern,KPLo,2020-01-14 19:59:43.327619,48.2,41.975114720206214,78.5,29.44,7.3,Calm,8.8,0.17,Light Rain,True,False,True,False,False,False,False,False,False,True,False,True,False,Night,Night,Night,Night
A-7614718,Source2,3,2025-09-30 11:51:17.742774,2025-09-30 12:16:17.742774,25.70615,-80.251852,25.715788,-80.246449,0.176,Moment speech low.,Clark Path,Miami,Lake Erin,FL,33552,US,US/Eastern,KwBR,2025-09-30 11:42:17.742774,67.4,0.0,68.0,28.58,5.9,WNW,0.0,0.0,Mostly Cloudy,False,False,False,False,False,False,False,False,False,False,False,False,False,Day,Day,Day,Day
A-4651643,Source1,2,2019-08-09 10:44:02.233743,2019-08-09 11:15:02.233743,33.918197,-84.413341,,-84.421424,3.289,Him for give hear wish.,Linda Spurs,Atlanta,Port Autumnfort,GA,55320,US,US/Eastern,Kowj,2019-08-09 10:32:02.233743,59.5,,-7.1,30.3,4.0,SSE,0.6,,Clear,False,False,False,False,False,False,False,False,False,False,False,True,False,Day,Day,Day,Day
A-4535385,Source2,3,2025-07-22 23:44:32.010779,2025-07-23 02:52:32.010779,25.865225,-80.384635,,,1.916,Bar player color resource door man American.,Dana Turnpike,Miami,West Christopherland,FL,51841,US,US/Eastern,KVip,2025-07-22 23:29:32.010779,72.7,,75.4,28.25,5.1,NE,5.4,,Mostly Cloudy,False,False,False,False,False,False,False,False,False,False,False,False,False,Night,Night,Night,Night
A-4274291,Source1,3,2019-05-11 11:37:42.401065,2019-05-11 14:04:42.401065,34.150591,-118.35829,,,3.705,Right street standard room practice front.,Colon Ramp,Los Angeles,North Jenniferview,CA,95874,US,US/Eastern,KxiA,2019-05-11 11:28:42.401065,83.8,0.0,34.8,30.81,10.0,CALM,19.4,0.0,Fair,False,False,False,False,True,False,False,False,False,False,False,False,False,Day,Day,Day,Day
A-8590546,Source2,3,2019-05-14 03:55:46.357754,2019-05-14 07:27:46.357754,30.504949,-97.680206,30.500082,-97.686199,0.933,Discussion television resource let his.,Lacey Islands,Austin,Lake Michael,TX,14821,US,US/Eastern,KtSl,2019-05-14 03:46:46.357754,86.8,0.0,20.4,27.91,7.7,WSW,1.5,0.0,Clear,False,False,False,False,False,False,False,False,False,False,False,False,False,Night,Night,Night,Night
A-8161447,Source1,2,2023-01-18 11:52:59.340608,2023-01-18 12:54:59.340608,38.579791,-121.459611,38.582226,,3.96,Image almost little mother nature sure.,Michael Viaduct,Sacramento,West Courtney,CA,15882,US,US/Eastern,KMCL,2023-01-18 11:42:59.340608,87.9,0.0,29.8,28.63,12.3,NNE,13.6,0.0,Clear,False,False,False,False,False,False,False,False,False,False,False,True,False,Day,Day,Day,Day
A-1888013,Source1,2,2025-12-09 10:00:25.123311,2025-12-09 12:17:25.123311,35.779679,-78.729012,35.785526,,1.194,Together play region part production visit community.,Stout Station,Raleigh,Daytown,NC,67356,US,US/Eastern,KJPy,2025-12-09 09:34:25.123311,103.5,0.0,50.0,28.88,9.4,Calm,5.9,0.0,Fair,False,False,False,False,False,False,False,False,False,False,False,False,False,Day,Day,Day,Day
A-8560948,Source1,2,2018-07-11 07:55:11.313177,2018-07-11 10:42:11.313177,35.774495,-78.633228,35.772993,,0.34,Important whether follow range believe list.,Claudia Avenue,Raleigh,East Stephen,NC,90456,US,US/Eastern,KkkV,2018-07-11 07:42:11.313177,,0.0,36.7,30.39,8.1,E,12.8,,Fair,False,False,False,False,False,False,False,False,False,False,False,False,False,Day,Day,Day,Day
A-5894028,Source2,3,2018-06-20 10:42:39.956833,2018-06-20 12:09:39.956833,32.319392,-111.0995,,,4.088,Story buy stuff nice dinner knowledge.,Herbert Point,Tucson,Scottbury,AZ,73175,US,US/Eastern,KQTM,2018-06-20 10:13:39.956833,79.7,,68.7,28.88,9.4,SW,5.0,,Partly Cloudy,False,False,True,False,False,False,True,False,False,False,False,True,False,Day,Day,Day,Day
A-1369555,Source1,1,2022-11-21 03:17:40.802545,2022-11-21 03:38:40.802545,25.719951,-80.175521,,-80.172718,1.971,Care discussion site cup.,Williams Path,Miami,Amyburgh,FL,79050,US,US/Eastern,KHWa,2022-11-21 03:04:40.802545,40.0,,52.5,31.17,12.0,NNE,6.3,0.0,Fair,False,False,False,False,False,False,False,False,False,False,False,False,False,Night,Night,Night,Night
A-5035537,Source2,2,2021-08-12 11:22:39.253721,2021-08-12 13:37:39.253721,36.092531,-86.685837,36.098441,-86.679448,2.742,Manage culture wind.,Heather Knoll,Nashville,Port Sarahtown,TN,70881,US,US/Eastern,KFGO,2021-08-12 10:53:39.253721,63.2,0.0,44.7,27.73,7.0,SE,7.3,0.0,Light Drizzle,False,False,False,False,True,False,False,False,False,False,False,False,False,Day,Day,Day,Day
A-9289049,Source2,2,2025-02-03 17:20:54.176974,2025-02-03 20:02:54.176974,28.045718,-82.421876,28.039534,,0.022,Final require president adult.,Shea Canyon,Tampa,North Kimberly,FL,47159,US,US/Eastern,KFWS,2025-02-03 16:54:54.176974,59.8,0.0,63.8,29.38,9.8,WSW,8.4,0.0,Mostly Cloudy,False,False,False,False,False,False,False,False,False,False,False,False,False,Day,Day,Day,Day
A-6323397,Source1,2,2022-08-06 04:52:32.149601,2022-08-06 07:46:32.149601,29.784487,-95.411904,29.799358,-95.429638,1.102,Perhaps step pattern describe bill spring.,Douglas Manor,Houston,New Kelseymouth,TX,48697,US,US/Eastern,KnZD,,24.0,,47.3,30.52,6.8,NNW,6.1,0.0,Partly Cloudy,False,False,False,False,False,False,False,False,False,False,False,False,False,Night,Night,Day,Day
A-2040081,Source2,2,2024-11-17 23:35:35.824925,2024-11-18 03:20:35.824925,27.947002,-82.517253,27.94967,-82.516441,0.561,Some international very reveal significant not.,Campbell Burgs,Tampa,Martinezfurt,FL,48436,US,US/Eastern,KVZB,2024-11-17 23:28:35.824925,,,58.1,31.0,6.9,VAR,13.0,0.0,Cloudy,False,False,False,False,False,False,False,False,False,False,False,False,False,Night,Night,Night,Night
A-6853531,Source1,2,2020-03-25 19:29:54.592442,2020-03-25 23:08:54.592442,37.644065,-77.499505,37.638211,-77.499437,0.254,Early join writer rest old smile west bill.,William Underpass,Richmond,West Thomas,VA,81928,US,US/Eastern,KonX,2020-03-25 19:15:54.592442,74.1,0.0,97.6,28.28,8.2,SSE,5.1,0.0,Cloudy,False,False,False,False,False,False,False,False,False,False,False,False,False,Night,Night,Day,Day
A-9387431,Source2,2,2022-02-28 23:13:27.663057,2022-03-01 02:44:27.663057,29.845184,-95.340488,29.852529,-95.337383,0.153,Popular off always.,Vargas Ville,Houston,Parkerborough,TX,33591,US,US/Eastern,Kyhd,2022-02-28 22:51:27.663057,60.4,0.0,71.4,29.45,11.2,,9.3,0.0,Fair,False,False,False,False,False,False,True,False,False,False,False,False,False,Night,Night,Night,Night
A-6426456,Source1,2,2020-09-27 08:59:51.792944,2020-09-27 11:05:51.792944,32.790841,-96.851648,32.789244,,2.297,Important far rise sound party stock oil.,King Summit,Dallas,West Robert,TX,02334,US,US/Eastern,KvNe,2020-09-27 08:44:51.792944,65.3,,91.5,28.83,6.5,NE,9.3,0.0,Fair,False,False,False,False,False,False,False,False,False,False,False,False,False,Day,Day,Day,Day
A-6426505,Source1,2,2018-11-11 16:53:14.682243,2018-11-11 20:06:14.682243,35.448789,-97.553729,35.454666,-97.548459,0.808,Someone feeling of energy high thousand message.,Gonzalez Fields,Oklahoma City,New Joseph,OK,53021,US,US/Eastern,KcNz,2018-11-11 16:28:14.682243,42.7,,91.8,29.37,7.9,SE,13.2,0.0,Cloudy,False,False,False,False,False,False,False,False,False,False,False,True,False,Day,Day,Day,Day
A-8454707,Source1,2,2022-09-12 10:21:58.664643,2022-09-12 11:12:58.664643,35.292529,-80.918284,,-80.910215,3.882,System represent reduce pay which six evening.,Caitlin Stravenue,Charlotte,Lisaport,NC,63047,US,US/Eastern,KGrU,2022-09-12 09:52:58.664643,54.1,0.0,80.3,30.34,13.5,SSE,6.2,0.0,Light Snow / Windy,False,False,True,False,False,False,False,False,False,False,False,False,False,Day,Day,Day,Day
A-6709605,Source1,2,2025-04-08 20:53:08.585744,2025-04-08 21:34:08.585744,45.58589,-122.505517,45.58152,-122.50832,2.083,Factor appear central issue prepare red.,Gonzalez Point,Portland,Francisport,OR,16118,US,US/Eastern,KOCs,2025-04-08 20:34:08.585744,63.3,0.0,63.4,30.52,12.2,SSW,0.0,,Fair,False,False,False,False,False,False,False,False,False,False,False,True,False,Night,Night,Night,Night
A-6239044,Source2,2,2026-01-08 13:48:35.480071,2026-01-08 17:17:35.480071,36.096364,-86.753646,,,2.927,Let up young prevent.,Brown Shoal,Nashville,Tinaville,TN,55936,US,US/Eastern,KNJn,2026-01-08 13:41:35.480071,50.1,0.0,79.6,30.13,7.0,NNE,0.0,0.0,Clear,False,False,True,False,False,False,False,False,False,False,False,False,False,Day,Day,Day,Day
A-3142235,Source1,2,2025-08-25 16:04:49.583551,2025-08-25 16:47:49.583551,41.93263,-87.600048,,-87.616202,0.29,Bar could office sing pull sister.,Nicole Walks,Chicago,West Julieland,IL,94615,US,US/Eastern,KfKN,2025-08-25 15:56:49.583551,44.3,,34.1,31.03,11.1,ESE,10.1,0.0,Fair,False,False,False,False,False,False,False,False,False,False,False,False,False,Day,Day,Day,Day
A-7510648,Source2,2,2025-05-27 20:00:31.139105,2025-05-27 22:44:31.139105,32.839096,-117.169159,32.839202,,1.434,Hotel win condition class husband human.,John Orchard,San Diego,Campbellbury,CA,22945,US,US/Eastern,Kqvn,2025-05-27 19:40:31.139105,16.6,0.0,102.7,28.63,8.9,ESE,0.0,,Mostly Cloudy,False,False,False,False,False,False,False,False,False,False,False,True,False,Night,Night,Night,Night
A-3271205,Source1,3,2019-12-14 08:59:43.273627,2019-12-14 12:51:43.273627,29.645291,-95.360332,29.646478,-95.361373,0.832,You off have newspaper right economy.,Tommy Unions,Houston,Margaretville,TX,09359,US,US/Eastern,KIDJ,2019-12-14 08:44:43.273627,64.0,0.0,67.6,29.77,8.3,SSE,13.6,0.0,Fair,False,False,False,False,False,False,False,False,False,False,False,False,False,Day,Day,Day,Day
A-7760984,Source1,3,2021-06-02 06:39:18.352688,2021-06-02 08:31:18.352688,25.845327,-80.261448,,,1.674,Develop what brother current occur.,Best Valley,Miami,Lake Brianmouth,FL,68091,US,US/Eastern,KkuW,2021-06-02 06:32:18.352688,64.1,0.0,65.7,30.3,7.7,ESE,,0.0,Clear,False,False,False,False,False,False,False,False,False,False,False,False,False,Day,Day,Day,Day
A-2493270,Source2,2,2025-01-21 04:58:14.801576,2025-01-21 05:56:14.801576,35.860919,-78.649506,35.850923,-78.654648,0.568,Authority my blood window sure modern.,Carrie Passage,Raleigh,Carrillofort,NC,88824,US,US/Eastern,KwUe,2025-01-21 04:50:14.801576,98.8,0.0,53.2,31.48,11.0,W,14.4,0.0,,False,False,False,False,False,False,False,False,False,False,False,False,False,Night,Night,Day,Day
A-3497206,Source2,2,2024-10-17 11:58:41.185884,2024-10-17 15:34:41.185884,38.611014,-121.303676,38.614241,,1.686,Change style trade cup street change for.,Brian Stream,Sacramento,Campbellton,CA,24128,US,US/Eastern,KAQv,2024-10-17 11:31:41.185884,81.4,0.0,72.9,29.17,8.7,WNW,6.9,0.0,Clear,False,False,False,False,False,False,False,False,False,False,False,False,False,Day,Day,Day,Day
A-1269172,Source2,2,2024-06-20 15:16:18.648448,2024-06-20 15:49:18.648448,36.157043,-86.738782,36.155571,-86.741668,0.597,Bill leave method.,Gutierrez Village,Nashville,Coreyburgh,TN,54629,US,US/Eastern,KXHc,2024-06-20 15:07:18.648448,48.4,40.97590339025346,76.1,31.29,6.2,SSE,10.6,0.0,Partly Cloudy,False,False,True,False,False,False,False,False,False,False,False,False,False,Day,Day,Day,Day
A-1561407,Source1,2,2025-04-06 05:31:17.577325,2025-04-06 08:56:17.577325,30.422789,-91.118637,30.428028,-91.109578,0.225,There artist if mouth serve.,Kristy Isle,Baton Rouge,West Carolynburgh,LA,10289,US,US/Eastern,KCmd,2025-04-06 05:16:17.577325,53.7,0.0,94.7,29.8,11.5,SW,9.1,0.0,Fair,False,False,False,False,False,False,False,False,False,False,False,True,False,Night,Day,Day,Day
A-7041782,Source2,2,2020-08-02 21:10:13.441208,2020-08-02 23:22:13.441208,36.121203,-86.766378,36.119564,-86.766116,1.747,Five suffer more candidate.,Vaughan Plain,Nashville,Markhaven,TN,38356,US,US/Eastern,KWHC,2020-08-02 20:54:13.441208,46.1,37.80398290201489,89.5,31.18,7.1,S,11.8,0.0,Clear,False,False,True,False,False,False,False,False,False,False,False,False,False,Night,Night,Night,Night
A-2852819,Source1,2,2018-11-13 22:24:04.824234,2018-11-13 23:35:04.824234,27.995835,-82.584971,27.995511,,3.549,Pretty write win always.,Patricia Station,Tampa,Mariaborough,FL,44928,US,US/Eastern,KGaZ,2018-11-13 22:08:04.824234,87.5,0.0,42.2,30.52,9.4,VAR,5.9,,Scattered Clouds,False,False,False,False,False,False,False,False,False,False,False,False,False,Night,Night,Night,Night
A-6700867,Source2,2,2018-05-31 13:22:18.998084,2018-05-31 14:16:18.998084,35.868009,-78.64165,,,1.821,Fine thing think report race write.,Chang Corners,Raleigh,Mckeefurt,NC,95421,US,US/Eastern,KZfC,2018-05-31 13:15:18.998084,59.6,,110.8,28.94,,CALM,,0.0,Mostly Cloudy,False,False,False,False,False,False,False,False,False,False,False,False,False,Day,Day,Day,Day
A-8078421,Source1,2,2019-12-25 02:37:11.921861,2019-12-25 04:16:11.921861,34.857291,-82.433256,34.866546,-82.431152,0.787,Arm black leader matter offer.,Jacob Rapid,Greenville,Allenfurt,SC,88108,US,US/Eastern,KeTg,2019-12-25 02:30:11.921861,93.8,0.0,31.8,29.41,6.9,W,14.9,0.15,Light Rain,False,False,True,False,False,False,False,False,False,False,False,False,False,Night,Night,Night,Night
A-7827733,Source1,3,2020-12-23 11:57:19.375170,2020-12-23 14:06:19.375170,35.165186,-80.862153,,-80.875028,2.264,Move hour spring alone happy dream.,Jacobson Ports,Charlotte,Hermanfort,NC,60885,US,US/Eastern,KhGq,2020-12-23 11:34:19.375170,91.4,0.0,31.1,29.3,10.3,Variable,3.8,0.0,Fair,False,False,False,False,False,False,False,False,False,False,False,True,False,Day,Day,Day,Day
A-5305944,Source1,2,2024-02-03 14:19:35.964535,2024-02-03 15:53:35.964535,30.396558,-81.602756,30.373081,-81.593381,3.879,Expert mission turn field red their everyone.,Steele Shoals,Jacksonville,Smithtown,FL,31174,US,US/Eastern,KoZC,2024-02-03 14:02:35.964535,57.2,0.0,74.2,30.06,9.1,SW,15.0,0.13,Light Rain / Windy,False,False,True,False,False,False,False,False,False,False,False,False,False,Day,Day,Day,Day
A-2936591,Source2,2,2020-07-20 14:40:27.951276,2020-07-20 18:16:27.951276,30.423152,-91.124226,30.423376,-91.13095,2.041,Listen behind sing many bring.,Debra Plains,Baton Rouge,Port Jasminshire,LA,16111,US,US/Eastern,KFxr,2020-07-20 14:23:27.951276,65.0,0.0,78.3,29.51,8.9,NW,13.6,,Mostly Cloudy / Windy,False,False,False,False,False,False,False,False,True,False,False,False,False,Day,Day,Day,Day
A-4102552,Source1,2,2021-12-10 15:11:02.999904,2021-12-10 19:04:02.999904,44.99816,-93.18738,44.99812,,1.809,Well beautiful impact have movie.,Karen Brook,Saint Paul,North David,MN,91310,US,US/Eastern,KJfn,2021-12-10 15:00:02.999904,38.2,25.5971961043984,104.9,30.43,7.1,ESE,18.1,,,False,False,False,False,False,False,False,False,False,False,False,False,False,Day,Day,Day,Day
A-3984374,Source1,2,2021-11-25 15:25:27.603784,2021-11-25 18:42:27.603784,35.327487,-97.515375,,-97.513462,2.029,Class skill population big really subject part.,Mason Center,Oklahoma City,North Charlesville,OK,05134,US,US/Eastern,KJqY,2021-11-25 14:57:27.603784,56.7,0.0,,27.33,5.0,S,14.7,0.0,Mostly Cloudy,False,False,False,False,False,False,False,False,False,False,False,False,False,Day,Day,Day,Day
A-798003,Source2,2,2025-05-26 09:14:02.941767,2025-05-26 10:20:02.941767,32.745157,-117.142293,,-117.142904,0.266,Edge media program your now.,Frost Lodge,San Diego,East Lisa,CA,33803,US,US/Eastern,KCTc,2025-05-26 09:01:02.941767,54.4,,,29.1,5.7,WSW,9.6,0.0,Clear,False,False,False,False,False,False,False,False,True,False,False,False,False,Day,Day,Day,Day
A-9401779,Source1,2,2025-09-08 02:19:33.476931,2025-09-08 03:00:33.476931,25.801431,-80.298454,,-80.291703,1.705,Threat field prove.,James Unions,Miami,Kennethport,FL,18193,US,US/Eastern,KVnH,2025-09-08 01:52:33.476931,80.3,0.0,66.0,29.04,12.4,S,2.2,0.0,Mostly Cloudy,False,False,False,False,False,False,False,False,False,False,False,False,False,Night,Night,Night,Night
A-6220658,Source1,2,2023-02-27 03:54:17.349952,2023-02-27 04:56:17.349952,25.810177,-80.374261,25.819922,,1.225,Reveal out someone big.,Hester Path,Miami,Lake Matthew,FL,54432,US,US/Eastern,KuBZ,2023-02-27 03:47:17.349952,49.1,,62.1,29.92,10.9,N,11.9,,Wintry Mix,False,False,False,False,False,False,False,False,False,False,False,False,False,Night,Night,Night,Night
A-2019171,Source2,3,2024-01-01 05:52:44.083655,2024-01-01 06:02:44.083655,35.596648,-97.428321,35.599479,-97.426672,0.589,Very like skin mean article road sort.,Timothy Place,Oklahoma City,Mooreside,OK,37450,US,US/Eastern,KYgV,2024-01-01 05:41:44.083655,85.1,0.0,82.3,27.5,12.2,West,7.5,,Partly Cloudy,False,False,False,False,False,False,False,False,False,False,False,False,False,Night,Day,,Day
A-7524945,Source1,3,2019-04-06 03:40:39.505257,2019-04-06 05:50:39.505257,36.114933,-86.872697,36.111336,-86.86977,0.577,Hand work million him.,Raven Hills,Nashville,Robinsonmouth,TN,02723,US,US/Eastern,Kclm,2019-04-06 03:27:39.505257,77.8,0.0,92.9,,6.5,NNW,14.0,0.0,Fair,False,False,False,False,False,False,False,False,False,False,False,False,False,Night,Night,Night,Night
A-9491786,Source2,2,2019-09-19 06:36:17.006477,2019-09-19 09:48:17.006477,44.972025,-93.172755,44.957732,,0.418,Moment create major set individual million again.,King Mission,Saint Paul,Courtneyville,MN,19426,US,US/Eastern,KLVO,2019-09-19 06:21:17.006477,36.2,,90.3,28.23,7.5,CALM,2.9,,Overcast,False,False,False,False,False,False,False,False,False,False,False,False,False,Day,Day,Day,Day
A-9195882,Source2,2,2021-11-20 23:45:04.317469,2021-11-21 02:12:04.317469,28.469727,-81.406099,28.460807,-81.395414,1.827,Strong west church explain like account.,Amanda Lodge,Orlando,Snyderborough,FL,68093,US,US/Eastern,Kqtq,2021-11-20 23:19:04.317469,68.0,,25.7,30.03,11.7,S,0.0,0.0,Mostly Cloudy,False,False,False,False,False,False,False,False,False,False,False,True,False,Night,Night,Night,Night
A-6802256,Source2,2,2019-02-18 02:27:37.640686,2019-02-18 03:25:37.640686,36.167945,-86.718835,,-86.723589,2.566,Rest during professional travel church stuff.,Wiggins Trace,Nashville,Laurentown,TN,03712,US,US/Eastern,KmbU,2019-02-18 02:03:37.640686,51.5,0.0,44.8,28.69,4.3,CALM,0.9,0.0,Fair,False,False,False,False,False,False,False,False,False,False,False,True,False,Night,Night,Night,Night
A-996243,Source1,2,2018-12-10 11:04:08.854658,2018-12-10 13:33:08.854658,34.087972,-118.174094,,-118.153163,6.067,Or play team system necessary bed trip.,Jason Road,Los Angeles,Eatonton,CA,62443,US,US/Eastern,KBIT,2018-12-10 10:59:08.854658,65.4,0.0,94.8,30.78,14.6,NNW,12.9,0.0,Clear,False,False,True,False,True,False,False,False,False,False,False,False,False,Day,Day,Day,Day
A-9144055,Source2,2,2021-07-24 04:36:18.142511,2021-07-24 06:53:18.142511,45.534168,-122.700512,45.530669,,1.466,Health force entire oil.,Tara Creek,Portland,New Justin,OR,51504,US,US/Eastern,KUec,2021-07-24 04:26:18.142511,67.8,0.0,59.5,30.47,7.3,CALM,,0.0,Mostly Cloudy,False,False,False,False,False,False,False,False,False,False,False,False,False,Night,Night,Day,Day
A-7249529,Source1,2,2019-07-01 19:56:15.779829,2019-07-01 22:41:15.779829,39.836161,-86.064917,39.830943,-86.070402,0.397,Road claim leader clear.,Joseph Brooks,Indianapolis,Walkerfort,IN,31527,US,US/Eastern,KoVU,2019-07-01 19:40:15.779829,27.5,17.969351938245836,56.3,30.89,7.8,VAR,13.7,0.12,Light Rain,False,False,False,False,False,False,False,False,False,False,False,False,False,Night,Night,Day,Day
A-2430617,Source1,3,2024-03-26 00:57:48.819582,2024-03-26 03:01:48.819582,30.397801,-91.118296,30.400087,,1.448,Such guy participant myself begin and force foreign.,Jimenez Walk,Baton Rouge,Leonardshire,LA,38600,US,US/Eastern,KRle,2024-03-26 00:45:48.819582,52.2,0.0,50.7,28.34,7.6,NNW,9.0,0.0,Fair,False,False,False,False,False,False,False,False,False,False,False,False,False,Night,Night,Night,Night
A-9603472,Source1,2,2022-12-26 16:11:25.186993,2022-12-26 20:00:25.186993,29.68514,-95.399793,29.685845,-95.404458,0.803,Executive upon perform manage tend wonder.,Brenda Flat,Houston,Port Melissamouth,TX,10134,US,US/Eastern,KeTR,2022-12-26 15:53:25.186993,73.7,0.0,,,9.3,CALM,4.2,0.0,Fair,False,False,False,True,False,False,False,False,False,False,False,False,False,Day,Day,Day,Day
A-2090040,Source1,2,2025-04-17 21:54:43.239035,2025-04-17 23:04:43.239035,35.47052,-97.481037,,-97.479918,0.245,Around technology its help full notice.,Stephen Glens,Oklahoma City,Port Norman,OK,84625,US,US/Eastern,KRMj,2025-04-17 21:35:43.239035,39.1,0.0,30.8,29.35,14.0,Calm,0.0,,Clear,False,False,False,False,False,False,False,False,False,False,False,False,False,Night,Night,Night,Night
A-9658555,Source1,2,2025-03-31 02:07:45.314802,2025-03-31 03:43:45.314802,29.755069,-95.43664,29.752722,,1.666,Clear green life should couple.,Allen Orchard,Houston,Andreaberg,TX,09673,US,US/Eastern,KUJH,2025-03-31 02:00:45.314802,85.0,,95.4,29.84,4.4,SSW,1.7,0.0,Scattered Clouds,False,False,False,False,True,False,False,False,False,False,False,False,False,Night,Night,Night,Night
A-9517146,Source1,3,2023-04-07 08:38:44.426162,2023-04-07 12:09:44.426162,35.830503,-78.495417,35.830804,-78.489218,0.629,Suddenly throw chair.,Charles Inlet,Raleigh,Port Christine,NC,30729,US,US/Eastern,KXxF,2023-04-07 08:26:44.426162,49.3,41.37763211645574,91.2,28.8,6.2,South,11.4,0.0,Partly Cloudy,False,False,False,False,False,False,False,False,False,False,False,True,False,Day,Day,Day,Day
A-5888291,Source1,2,2020-04-26 10:59:20.425981,2020-04-26 12:45:20.425981,37.512878,-77.439556,37.523615,-77.441227,0.979,Mean total store.,Kenneth Parkway,Richmond,Andersonview,VA,07167,US,US/Eastern,KDvR,2020-04-26 10:47:20.425981,80.3,0.0,78.7,29.62,2.7,S,17.9,0.13,Light Rain,False,False,False,False,False,False,False,False,False,False,False,False,False,Day,Day,Day,Day
A-6361107,Source1,3,2018-05-14 17:10:37.925298,2018-05-14 20:33:37.925298,28.4225,-81.566424,28.421894,-81.577184,2.2,Ask old now.,Lopez Mission,Orlando,New Patricia,FL,69058,US,US/Eastern,Knef,2018-05-14 17:00:37.925298,59.6,0.0,55.2,28.91,,WSW,7.2,0.0,Cloudy,False,False,False,False,False,False,False,False,False,False,False,False,False,Day,Day,Day,Day
A-6257829,Source1,2,2018-10-31 17:45:57.630112,2018-10-31 19:40:57.630112,36.160817,-86.705156,36.152982,,2.189,Skill candidate provide military seven.,Kimberly Court,Nashville,New Lee,TN,65298,US,US/Eastern,KhVx,2018-10-31 17:25:57.630112,38.2,,64.7,27.02,6.2,,6.4,0.0,Overcast,False,False,False,False,False,False,False,False,False,False,False,False,False,Day,Day,Day,
A-7816073,Source1,3,2020-11-26 00:17:56.662820,2020-11-26 02:07:56.662820,33.982394,-118.381785,,-118.381613,0.271,Machine bring ok finish short.,Miller Glen,Los Angeles,South John,CA,96865,US,US/Eastern,KXiP,2020-11-26 00:08:56.662820,101.4,0.0,82.3,29.4,8.6,Variable,1.8,0.0,Mostly Cloudy,False,False,False,False,False,False,False,False,False,False,False,False,False,Night,Night,Night,Night
A-3923748,Source2,3,2020-06-20 17:49:18.196306,2020-06-20 20:47:18.196306,30.131503,-81.374449,,-81.366881,4.227,Water child realize leave class.,Lisa Pines,Jacksonville,Christopherview,FL,03963,US,US/Eastern,KABv,2020-06-20 17:44:18.196306,85.7,0.0,64.0,27.91,9.8,South,2.8,0.0,Mostly Cloudy,False,False,False,False,False,False,False,False,False,True,False,True,False,Day,Day,Day,Day
A-6028494,Source2,2,2024-02-16 20:19:47.255373,2024-02-16 22:58:47.255373,29.61601,-95.468466,,,0.703,Save many sport level.,Williams Glens,Houston,New Sean,TX,87790,US,US/Eastern,KKuT,2024-02-16 20:14:47.255373,65.3,,38.3,30.98,13.5,NE,4.4,,Cloudy,False,False,False,False,False,False,False,False,False,False,False,False,False,Night,Night,Night,Night
A-6591330,Source2,2,2019-09-04 00:08:56.034549,2019-09-04 03:40:56.034549,35.771451,-78.621325,35.773861,-78.626144,0.978,Offer outside why after agreement.,Edgar Canyon,Raleigh,Port Juanburgh,NC,59424,US,US/Eastern,KIMA,2019-09-03 23:49:56.034549,51.8,,,30.26,10.5,WNW,2.2,0.0,Fair,False,False,False,False,False,False,False,False,False,False,False,True,False,Night,Night,Night,Night
A-8972378,Source2,2,2023-10-21 08:05:21.590753,2023-10-21 08:34:21.590753,32.90534,-96.951474,32.901887,-96.947437,2.574,Simply door specific show game argue figure help.,Latoya Valley,Dallas,East Susan,TX,20762,US,US/Eastern,KAhK,2023-10-21 07:38:21.590753,33.2,29.438867977878047,99.4,30.86,9.1,CALM,5.4,,Fair,False,False,False,False,False,False,False,False,False,False,False,False,False,Day,Day,Day,Day
A-7261963,Source1,4,2023-03-29 13:22:01.601845,2023-03-29 15:47:01.601845,38.420723,-121.444176,38.413307,-121.437382,0.732,Receive sport spend world condition.,Salazar Forge,Sacramento,Lake Kevin,CA,10412,US,US/Eastern,Khxk,2023-03-29 13:10:01.601845,95.7,0.0,,29.69,5.9,CALM,18.4,0.0,Clear,False,False,False,False,False,False,False,False,False,False,False,False,False,Day,Day,Day,Day
A-4515983,Source1,3,2024-12-11 18:14:50.984245,2024-12-11 19:54:50.984245,32.886916,-96.735439,,,1.701,Physical page watch.,Rocha Key,Dallas,North Zacharyfort,TX,03152,US,US/Eastern,KxUl,2024-12-11 17:50:50.984245,56.8,0.0,51.9,29.45,11.6,South,5.1,,Fair,False,False,False,False,False,False,False,False,False,False,False,False,False,Night,Day,Day,Day
A-6448012,Source2,3,2019-06-27 01:22:52.037791,2019-06-27 04:43:52.037791,29.756491,-95.427168,,-95.437829,1.512,Pull science happen learn floor whatever.,Perez Way,Houston,New Taylor,TX,43721,US,US/Eastern,KCPJ,2019-06-27 01:11:52.037791,57.0,0.0,67.5,30.0,12.3,ESE,9.6,0.0,Scattered Clouds,False,False,False,False,False,False,False,False,False,False,False,False,False,Night,Night,Night,Night
A-6527879,Source2,2,2021-12-25 17:24:03.826457,2021-12-25 20:38:03.826457,34.798401,-82.31079,34.797972,,0.177,Bed edge analysis decade teacher.,Peterson Pines,Greenville,Hernandezport,SC,66905,US,US/Eastern,KEiU,2021-12-25 17:07:03.826457,62.3,0.0,49.7,30.64,3.9,North,9.6,,Clear,False,False,False,False,False,False,False,False,False,False,False,False,False,Day,Day,Day,Day
A-6077004,Source2,2,2026-01-15 20:47:44.461247,2026-01-15 23:59:44.461247,33.944573,-84.444268,33.939086,,1.914,Ask fast listen customer.,John Roads,Atlanta,Curtisberg,GA,63416,US,US/Eastern,KBHo,2026-01-15 20:33:44.461247,68.0,,77.2,29.88,3.5,W,16.0,,Cloudy,False,False,False,False,True,False,False,False,False,False,False,False,False,Night,Night,Night,Night
A-4638911,Source1,2,2023-10-14 04:40:11.478882,2023-10-14 07:14:11.478882,30.305496,-81.734475,30.306989,,2.426,Hotel fall task.,Lozano Squares,Jacksonville,Johnnyton,FL,76332,US,US/Eastern,KeuJ,2023-10-14 04:16:11.478882,63.6,0.0,110.8,29.21,13.3,SSW,11.1,,Fair,True,False,False,False,False,False,False,False,False,False,False,False,False,Night,Night,Day,Day
A-5608246,Source1,2,2021-11-23 06:39:03.648929,2021-11-23 10:33:03.648929,35.841716,-78.700518,35.832998,,0.108,Drop white to.,Heather Prairie,Raleigh,Robertsonchester,NC,35074,US,US/Eastern,KiTE,2021-11-23 06:32:03.648929,90.0,,72.7,30.74,16.6,W,16.0,0.0,Partly Cloudy,False,False,False,False,False,False,False,False,False,False,False,False,False,Day,Day,Day,Day
A-1326348,Source2,2,2025-01-08 05:52:46.940304,2025-01-08 08:46:46.940304,34.847623,-82.394823,34.844938,-82.397533,2.418,Hear around purpose take.,Douglas Groves,Greenville,East Jasmine,SC,06639,US,US/Eastern,KLBm,2025-01-08 05:27:46.940304,38.7,0.0,98.9,29.13,9.2,S,1.2,0.0,Mostly Cloudy,False,False,False,False,False,False,False,False,False,False,False,True,False,Night,Day,Day,Day
A-9944607,Source2,3,2018-05-05 03:05:28.643281,2018-05-05 05:03:28.643281,36.08695,-86.699308,36.08258,-86.701213,2.145,Make have south Mr.,Tina Loaf,Nashville,Jefferyview,TN,83901,US,US/Eastern,KFHl,2018-05-05 02:36:28.643281,12.6,,74.7,28.61,7.1,N,3.8,0.0,Partly Cloudy,False,False,False,False,False,False,False,False,False,False,False,False,False,Night,Night,Night,Night
A-3860541,Source1,2,2024-05-01 12:06:43.896589,2024-05-01 14:27:43.896589,29.701668,-95.502557,29.688426,,1.212,Approach coach theory five stuff ten identify.,Monique Rue,Houston,Port Shelbyburgh,TX,67900,US,US/Eastern,KkVp,2024-05-01 11:55:43.896589,76.4,0.0,39.3,,5.7,NNE,5.1,,Clear,False,False,False,False,False,False,False,False,False,False,False,False,False,Day,Day,Day,Day
A-9523781,Source3,2,2022-03-17 02:01:02.479100,2022-03-17 04:57:02.479100,45.539169,-122.650134,45.537242,-122.644263,2.345,Rock about occur life.,Fletcher Harbor,Portland,Port Timothy,OR,90228,US,US/Eastern,KJvo,2022-03-17 01:55:02.479100,70.5,0.0,,28.73,13.1,SSE,5.9,0.0,Clear,False,False,False,False,False,False,False,False,False,False,False,False,False,Night,Night,Night,Night
A-1141998,Source2,2,2025-05-25 20:25:15.816324,2025-05-25 23:28:15.816324,39.703198,-86.105317,39.701941,,0.374,Open right hot fear sister chance product treatment.,Burke Terrace,Indianapolis,East Erichaven,IN,50767,US,US/Eastern,KuQt,2025-05-25 20:00:15.816324,62.7,0.0,119.1,28.88,8.0,CALM,,,Cloudy,False,False,False,False,False,False,False,False,False,False,False,False,False,Night,Night,Night,Night
A-2070432,Source1,2,2022-07-30 10:10:47.833988,2022-07-30 10:29:47.833988,30.376137,-91.11626,,,0.898,Property so opportunity start drug their.,Emma Causeway,Baton Rouge,South Victorfurt,LA,25073,US,US/Eastern,KUhs,2022-07-30 09:51:47.833988,75.7,0.0,85.8,27.73,10.1,SW,8.5,0.0,Partly Cloudy,False,False,False,False,True,False,False,False,False,True,False,False,False,Day,Day,Day,Day
A-2211811,Source1,2,2019-06-03 15:22:01.841500,2019-06-03 17:05:01.841500,35.445497,-97.567301,,,2.718,Inside Mrs field those knowledge enough.,Bass Squares,Oklahoma City,Port Johnport,OK,80010,US,US/Eastern,Kwmt,2019-06-03 14:54:01.841500,30.7,26.541034172278447,69.2,29.22,10.6,SSW,6.0,0.0,Mostly Cloudy,False,False,True,False,False,False,False,False,False,False,False,False,False,Day,Day,Day,Day
A-1502745,Source1,3,2019-01-13 22:11:52.584113,2019-01-13 23:31:52.584113,25.520988,-80.427921,,,3.447,With so executive fear whether culture.,Michelle Ford,Miami,South Isaacland,FL,24964,US,US/Eastern,Kevu,2019-01-13 22:06:52.584113,58.7,,20.0,29.09,2.6,West,9.2,0.0,Fair,False,False,False,False,False,False,False,False,False,False,False,False,False,Night,Night,Night,Night
A-39901,Source2,3,2024-01-22 15:51:26.025610,2024-01-22 16:55:26.025610,44.838052,-93.251318,44.835044,-93.251802,0.501,Admit class five work clearly your.,Julie Streets,Minneapolis,Jenniferberg,MN,30394,US,US/Eastern,KoIK,2024-01-22 15:38:26.025610,26.6,0.0,77.2,30.04,6.8,North,4.0,0.16,Light Rain,False,False,False,False,False,False,False,False,False,False,False,False,False,Day,Day,Day,Day
A-2332285,Source2,2,2022-07-22 08:19:09.698211,2022-07-22 08:37:09.698211,45.552209,-122.63964,45.549647,,0.169,Pick kind whom whether particular thousand.,Smith Forest,Portland,Nicoleside,OR,35321,US,US/Eastern,KltI,2022-07-22 08:05:09.698211,65.1,,60.8,28.94,9.0,ENE,10.9,,Mostly Cloudy,False,False,False,False,False,False,False,False,False,False,False,True,False,Day,Day,Day,Day
A-8138067,Source1,2,2022-02-15 01:21:55.161134,2022-02-15 02:31:55.161134,38.538822,-121.385748,,,1.645,Stock eat play hundred.,Jones Ports,Sacramento,Lake Jessica,CA,97975,US,US/Eastern,KYsf,2022-02-15 01:12:55.161134,78.5,0.0,76.7,29.35,9.4,CALM,9.4,0.0,Cloudy,False,False,False,False,False,False,False,False,False,False,False,False,False,Night,Night,Night,Night
A-6975181,Source2,2,2021-12-01 06:37:43.721578,2021-12-01 08:46:43.721578,39.77283,-86.183298,39.765078,-86.183989,0.773,Simple each minute entire.,Jacqueline Pines,Indianapolis,North Haleyside,IN,01191,US,US/Eastern,KHRJ,2021-12-01 06:11:43.721578,57.9,0.0,65.5,30.32,8.4,NNW,3.7,0.03,Light Rain,False,False,False,False,False,False,False,False,False,False,False,True,False,Day,Day,Day,Day
A-1944372,Source1,3,2018-06-03 17:28:27.560891,2018-06-03 18:24:27.560891,29.823699,-95.350777,29.831765,-95.360221,2.17,Student recent receive carry science small public.,Owens Key,Houston,North David,TX,06835,US,US/Eastern,KNot,2018-06-03 17:04:27.560891,75.3,,96.0,28.63,8.9,South,8.5,0.0,Cloudy,False,False,False,False,False,False,False,False,False,False,False,False,False,Day,Day,Day,Day
A-1261308,Source1,2,2026-03-02 00:46:26.687331,2026-03-02 04:29:26.687331,38.531295,-121.586691,38.531398,-121.579634,0.348,Create really require religious appear throw.,John Manors,Sacramento,Chelseaville,CA,35264,US,US/Eastern,KVbC,2026-03-02 00:22:26.687331,54.9,,,30.52,5.3,E,5.9,0.0,Light Snow,False,False,False,False,False,False,False,False,False,False,False,False,False,Night,Night,Night,Night
A-9237758,Source1,2,2024-06-05 01:21:09.072532,2024-06-05 04:06:09.072532,32.174479,-111.082563,,-111.085015,0.33,Card generation pattern together room western often.,Smith Center,Tucson,Coxbury,AZ,11762,US,US/Eastern,KJnV,2024-06-05 01:10:09.072532,75.5,,75.5,28.0,8.9,WNW,10.7,0.0,Clear,False,False,False,False,False,False,False,False,False,False,False,False,False,Night,Night,Night,Night
A-3200781,Source2,2,2018-06-28 15:51:46.452808,2018-06-28 18:26:46.452808,35.848678,-78.623077,,-78.622472,2.933,Explain produce economic memory kind certainly.,Harris Plains,Raleigh,South Aaron,NC,99272,US,US/Eastern,KNpX,2018-06-28 15:44:46.452808,109.7,0.0,75.3,30.66,9.8,CALM,12.4,0.0,Cloudy,False,False,False,False,False,False,False,False,False,False,False,False,False,Day,Day,Day,Day
A-8571107,Source1,2,2019-02-16 21:46:43.467114,2019-02-17 01:28:43.467114,35.257576,-80.788486,35.246247,-80.782933,1.91,Long itself better.,Braun Stream,Charlotte,Port Michelle,NC,73057,US,US/Eastern,Kkyp,2019-02-16 21:23:43.467114,32.1,,12.7,30.54,9.7,North,7.3,,Clear,False,False,False,False,False,False,False,False,False,False,False,False,False,Night,Night,Night,Night
A-3982982,Source1,2,2020-11-03 05:00:57.141410,2020-11-03 07:21:57.141410,35.300802,-80.799172,,-80.795069,1.178,Leave thing here nice worry.,Joshua Lane,Charlotte,Galvanfurt,NC,58154,US,US/Eastern,Kxnw,2020-11-03 04:54:57.141410,,,78.5,29.36,5.6,WNW,1.6,,Mostly Cloudy,False,False,False,False,False,False,False,False,False,False,False,False,False,Night,Day,Day,Day
A-6309744,Source1,2,2025-02-13 05:25:38.894398,2025-02-13 08:53:38.894398,36.119714,-86.822357,36.118314,-86.827338,0.26,Fill deal approach reality college figure can.,Taylor Flat,Nashville,East Amy,TN,51773,US,US/Eastern,KscY,2025-02-13 05:14:38.894398,66.9,0.0,83.6,29.98,9.5,CALM,21.7,0.0,Cloudy,False,False,False,False,True,False,False,False,False,True,False,True,False,Night,Day,Day,Day
A-6651621,Source1,2,2019-12-04 23:30:11.233673,2019-12-05 02:26:11.233673,45.007951,-93.314122,,,0.449,Here happen be indeed enough popular lead.,Earl Pike,Minneapolis,Port Meagan,MN,65158,US,US/Eastern,KThj,2019-12-04 23:05:11.233673,87.8,0.0,89.5,29.04,10.7,WNW,4.7,0.0,Light Drizzle,False,False,False,False,False,False,False,False,False,False,False,False,False,Night,Night,Night,Night
A-9531135,Source1,2,2020-05-04 23:22:43.919140,2020-05-05 00:38:43.919140,33.468002,-111.943278,33.467599,-111.933898,1.245,Drug too tree amount offer.,Kaitlyn Forest,Phoenix,Dianaberg,AZ,10243,US,US/Eastern,Kmyp,2020-05-04 23:11:43.919140,67.3,,86.7,30.41,13.4,VAR,0.0,0.0,Partly Cloudy,False,False,False,False,False,False,False,False,False,False,False,False,False,Night,Night,Night,Night
A-3096878,Source2,3,2019-06-23 10:03:21.847586,2019-06-23 10:13:21.847586,45.576665,-122.540316,45.571182,,0.037,Fall yes phone road war Republican surface.,Bradley Ville,Portland,West Heather,OR,14519,US,US/Eastern,Kiwq,2019-06-23 09:52:21.847586,56.4,0.0,54.0,29.02,5.0,Calm,3.8,0.0,Clear,False,False,False,False,False,False,False,False,False,False,False,True,False,Day,Day,Day,Day
A-9466581,Source1,3,2021-01-30 04:09:39.225780,2021-01-30 07:39:39.225780,35.286828,-80.725161,,-80.725375,0.137,Interesting lot ball president.,Leonard Walks,Charlotte,Martinton,NC,66575,US,US/Eastern,Khkc,2021-01-30 03:48:39.225780,74.4,0.0,99.2,29.87,7.9,WSW,7.4,0.0,Fair,False,False,False,False,False,False,False,False,False,False,False,False,False,Night,Night,Day,Day
A-4646215,Source2,3,2020-11-12 16:59:05.989360,2020-11-12 20:36:05.989360,34.018153,-118.410281,34.024997,-118.411019,0.648,Yeah explain career authority many land water.,Miller Avenue,Los Angeles,Shellyside,CA,65252,US,US/Eastern,Kysc,2020-11-12 16:39:05.989360,35.7,0.0,77.7,29.06,7.6,WNW,0.0,0.0,Cloudy,False,False,False,False,False,False,False,False,False,False,False,False,False,Day,Day,Day,Day
A-8991968,Source2,2,2018-11-26 08:24:58.637943,2018-11-26 11:59:58.637943,32.785381,-117.211762,,-117.209404,0.004,Space produce medical lose lawyer.,Erin Point,San Diego,South Raymondville,CA,70339,US,US/Eastern,Kqhg,2018-11-26 08:04:58.637943,57.9,0.0,27.0,31.09,5.8,CALM,10.6,,Mostly Cloudy,False,False,False,False,False,False,True,False,False,False,False,False,False,Day,Day,Day,Day
A-9903750,Source2,2,2020-10-04 12:43:05.605055,2020-10-04 15:37:05.605055,35.802141,-78.814242,35.79969,,2.058,Town moment price rather rate agent.,Johnson Highway,Raleigh,New Traceyfurt,NC,69582,US,US/Eastern,KNDc,2020-10-04 12:38:05.605055,46.9,42.63896516690948,61.6,31.09,16.2,CALM,6.0,0.0,Overcast,False,False,True,False,False,False,False,False,False,False,False,False,False,Day,Day,Day,Day
A-644095,Source1,2,2026-01-04 17:51:43.418926,2026-01-04 18:59:43.418926,37.573731,-77.427573,37.582848,,3.688,Country face night contain foreign can manage exist.,Fowler Ridges,Richmond,Lake Veronica,VA,58672,US,US/Eastern,KFvG,2026-01-04 17:29:43.418926,68.1,0.0,20.5,29.43,5.6,ENE,8.6,0.0,Clear,False,False,False,False,False,False,False,False,False,False,False,False,False,Day,Day,Day,Day
A-9026907,Source2,2,2020-09-01 15:31:57.963488,2020-09-01 16:17:57.963488,45.532469,-122.719874,45.540222,,2.932,Interesting rock sure later at success positive.,Williams Row,Portland,Port Cassidyfurt,OR,68164,US,US/Eastern,Kbyl,2020-09-01 15:17:57.963488,135.5,0.0,66.7,29.02,11.1,ENE,7.6,0.0,Clear,False,False,False,False,False,False,False,False,False,False,False,False,False,Day,Day,Day,Day
A-2108729,Source2,2,2021-05-14 05:47:27.458288,2021-05-14 09:05:27.458288,32.726616,-96.832167,32.728538,,4.82,Fly worker own defense property trip region.,Brandy Pike,Dallas,Coxhaven,TX,40316,US,US/Eastern,KFYp,2021-05-14 05:20:27.458288,42.0,37.48502494794614,109.4,31.61,11.1,W,6.5,0.0,Fair,False,False,False,False,False,False,False,False,False,True,False,False,False,Night,Day,Day,Day
A-4890063,Source1,2,2025-01-15 13:55:12.663232,2025-01-15 14:28:12.663232,35.006458,-80.862103,35.003171,-80.851224,0.724,Last it instead issue scientist material season.,Rowe Junctions,Charlotte,Port Kevin,NC,45780,US,US/Eastern,KsbT,2025-01-15 13:29:12.663232,79.7,0.0,48.4,30.86,10.7,NE,0.7,0.0,Overcast,False,False,False,False,False,False,False,False,False,False,False,False,False,Day,Day,Day,Day
A-1150977,Source1,2,2018-10-08 06:35:04.271741,2018-10-08 08:29:04.271741,36.18883,-86.691196,36.185722,-86.685348,0.854,Us affect enjoy difficult.,Santos Unions,Nashville,Lake Paulahaven,TN,70178,US,US/Eastern,KCWw,2018-10-08 06:08:04.271741,66.4,0.0,25.4,28.77,12.1,W,15.8,0.0,Fair,False,False,False,False,False,False,False,False,False,False,False,False,False,Day,Day,Day,Day
A-9300915,Source1,3,2020-09-07 15:53:36.963042,2020-09-07 18:00:36.963042,25.744571,-80.385759,25.742495,-80.386892,1.418,Race determine decide toward enjoy threat quality.,Jordan Mill,Miami,Lake Timothy,FL,31513,US,US/Eastern,KwPu,2020-09-07 15:28:36.963042,98.0,,,29.57,,ESE,4.6,0.0,Fair,False,False,True,False,False,False,False,False,False,False,False,False,False,Day,Day,Day,Day
A-3030060,Source1,2,2021-10-18 17:33:51.158076,2021-10-18 19:26:51.158076,41.796942,-87.760892,41.808605,,0.515,Agreement poor prepare protect people argue.,Steve Squares,Chicago,Colehaven,IL,67050,US,US/Eastern,KQAy,2021-10-18 17:27:51.158076,74.6,0.0,44.2,29.62,5.1,VAR,3.1,0.0,Mostly Cloudy,False,False,False,False,False,False,False,False,False,False,False,True,False,Day,Day,Day,Day
A-1910246,Source2,2,2025-01-12 11:38:13.309260,2025-01-12 15:31:13.309260,34.113436,-118.317344,34.119926,,2.983,Sit send billion believe raise play whose.,Karen Light,Los Angeles,Joelfurt,CA,98348,US,US/Eastern,KqRd,2025-01-12 11:30:13.309260,48.2,42.20413086302742,129.8,28.33,10.4,CALM,8.5,0.0,Mostly Cloudy,False,False,True,False,True,False,False,False,False,False,False,False,False,Day,Day,Day,Day
A-6900814,Source2,2,2018-07-24 00:46:54.610785,2018-07-24 02:50:54.610785,29.602293,-95.433642,,,0.746,Almost accept eight contain.,Rivera Motorway,Houston,Lake Stephen,TX,81867,US,US/Eastern,KGnd,2018-07-24 00:38:54.610785,73.2,0.0,101.4,29.75,4.1,N,9.2,,Partly Cloudy,False,False,False,False,False,False,False,False,True,False,False,True,False,Night,Night,Night,Night
A-1104732,Source2,2,2023-06-25 22:46:28.128109,2023-06-26 00:24:28.128109,35.873762,-78.74055,35.872895,-78.744954,1.742,Lose model left.,Lyons Viaduct,Raleigh,East Briannaton,NC,99010,US,US/Eastern,Kuav,2023-06-25 22:19:28.128109,47.7,42.072888510228985,95.3,30.23,10.1,East,8.0,,Overcast,False,False,False,False,False,False,False,False,False,False,False,True,False,Night,Night,Night,Night
A-6341020,Source2,2,2025-11-17 09:34:24.888400,2025-11-17 13:08:24.888400,36.065551,-86.75574,36.064761,,0.456,Road often seek type way girl particular.,Sharon Mountains,Nashville,North Kimberly,TN,83238,US,US/Eastern,KSGL,2025-11-17 09:05:24.888400,42.2,,98.7,30.43,8.7,NNE,7.6,,Mostly Cloudy,False,False,False,False,False,False,False,False,False,False,False,False,False,Day,Day,Day,Day
A-5799758,Source1,2,2025-10-25 09:44:50.035987,2025-10-25 11:25:50.035987,36.167381,-86.773441,36.169641,,1.211,Our modern who for.,Ramsey Shore,Nashville,Sarafurt,TN,78993,US,US/Eastern,KKgY,2025-10-25 09:33:50.035987,52.3,0.0,44.6,30.14,9.0,South,11.0,,Clear,False,False,False,False,False,False,False,False,False,False,False,False,False,Day,Day,Day,Day
A-6051544,Source1,4,2021-06-01 03:25:58.995008,2021-06-01 03:36:58.995008,35.778935,-78.538363,35.779514,-78.542859,0.366,Move less everyone inside.,Regina Pike,Raleigh,Brittanyfort,NC,93955,US,US/Eastern,KSMZ,2021-06-01 03:18:58.995008,61.9,0.0,107.2,31.9,12.5,N,13.6,0.0,Partly Cloudy,False,False,False,False,False,False,False,False,False,False,False,False,False,Night,Night,Night,Night
A-6954087,Source2,2,2025-11-23 19:30:18.220155,2025-11-23 21:18:18.220155,45.020866,-93.371854,,,0.144,Worker personal include instead billion trial.,Rose Corners,Minneapolis,Danaville,MN,00740,US,US/Eastern,KlkS,2025-11-23 19:25:18.220155,60.9,0.0,82.2,29.98,10.0,,0.0,,Cloudy,False,False,False,False,False,False,False,False,False,False,False,False,False,Night,Night,Day,Day
A-1964188,Source2,2,2023-09-14 23:49:23.008690,2023-09-15 02:17:23.008690,27.977342,-82.397841,27.967523,,2.842,Later cause cold become.,Jones Ranch,Tampa,Lake Patrickmouth,FL,19438,US,US/Eastern,KVzu,2023-09-14 23:43:23.008690,41.5,34.96514173364959,66.7,29.44,8.9,CALM,9.3,0.0,Mostly Cloudy,False,False,False,False,False,False,False,False,False,False,False,True,False,Night,Night,Night,Night
A-8230378,Source2,3,2018-04-13 01:29:28.681689,2018-04-13 03:01:28.681689,37.421844,-121.856119,37.414556,,2.824,Meet few word do step writer future discuss.,Francis Springs,San Jose,Websterfurt,CA,22706,US,US/Eastern,KXky,2018-04-13 01:13:28.681689,40.6,,77.5,30.71,8.0,NNW,7.7,0.0,Cloudy,False,False,False,False,False,False,False,False,False,False,False,False,False,Night,Night,Night,Night
A-5544627,Source1,2,2018-03-20 03:43:43.934223,2018-03-20 05:15:43.934223,25.71827,-80.26582,25.739043,,1.298,More myself gun forget must challenge.,Maria Fork,Miami,Lake Victoria,FL,83430,US,US/Eastern,KXBH,2018-03-20 03:36:43.934223,58.4,0.0,74.3,28.92,9.4,North,18.0,,Light Snow,False,False,False,False,False,False,False,False,False,False,False,False,False,Night,Night,Night,Night
A-3254471,Source1,2,2018-03-21 21:26:16.618883,2018-03-21 23:36:16.618883,30.490806,-97.708784,,,0.853,Agency they senior peace toward medical.,Sherman Ranch,Austin,Lake Jacquelinestad,TX,56269,US,US/Eastern,KIKQ,2018-03-21 21:02:16.618883,79.6,0.0,86.9,30.06,4.8,West,0.0,0.0,Mostly Cloudy,False,False,False,False,False,False,False,False,False,False,False,True,False,Night,Night,Night,Night
A-8775076,Source2,2,2019-09-10 07:16:22.347755,2019-09-10 09:58:22.347755,33.82311,-84.26192,,,0.285,Audience himself like war.,Wilson Street,Atlanta,North Jodiberg,GA,36749,US,US/Eastern,Kvzm,2019-09-10 07:04:22.347755,80.6,0.0,83.0,30.05,7.3,NW,13.7,,Cloudy,False,False,False,False,False,False,False,False,False,False,False,False,False,Day,Day,Day,Day
A-7979408,Source2,2,2023-05-10 16:17:41.308968,2023-05-10 17:11:41.308968,44.941249,-93.252742,44.944669,,3.279,Wear think five field.,Robinson Pine,Minneapolis,Kaylaview,MN,67883,US,US/Eastern,KgzR,2023-05-10 15:50:41.308968,62.1,0.0,58.6,29.4,9.6,CALM,7.0,,Mostly Cloudy,False,False,True,False,False,False,False,False,False,False,False,False,False,Day,Day,Day,Day
A-5189895,Source2,2,2025-09-24 12:37:17.352292,2025-09-24 13:19:17.352292,34.009354,-118.282406,34.001069,-118.287602,0.844,Science six something drive ready computer new sign.,Delgado Plains,Los Angeles,Heatherside,CA,46250,US,US/Eastern,KtQp,2025-09-24 12:13:17.352292,45.5,0.0,66.6,29.91,6.9,WSW,1.2,,Fair,False,False,False,False,False,False,False,False,False,False,False,False,False,Day,Day,Day,Day
A-9484357,Source1,2,2019-06-02 20:46:18.795400,2019-06-03 00:31:18.795400,32.75877,-96.858077,,,1.565,Wrong indicate where prevent responsibility bed.,Dixon Island,Dallas,Rodriguezchester,TX,37297,US,US/Eastern,KRqR,2019-06-02 20:17:18.795400,77.7,0.0,68.5,29.68,3.6,CALM,7.2,,Fair,False,False,False,False,False,False,False,False,False,False,False,True,False,Night,Night,Night,Night
A-2297704,Source1,2,2020-07-17 08:02:07.857129,2020-07-17 10:10:07.857129,38.538946,-121.50022,,-121.50107,0.267,Government despite measure which.,Vance Expressway,Sacramento,New Saraton,CA,87707,US,US/Eastern,KIDb,2020-07-17 07:41:07.857129,75.2,,28.4,28.98,9.8,,7.7,0.0,Mostly Cloudy,False,False,False,False,False,False,False,False,False,False,False,False,False,Day,Day,Day,Day
A-7014028,Source2,2,2020-07-25 02:59:43.037179,2020-07-25 04:38:43.037179,32.192076,-110.746673,32.194181,-110.7545,2.175,Quality traditional red together.,Allen Coves,Tucson,Kellerville,AZ,24633,US,US/Eastern,KZNg,2020-07-25 02:51:43.037179,65.8,0.0,63.0,29.65,9.1,WNW,3.9,,Fair,False,False,False,False,False,False,False,False,False,False,False,True,False,Night,Night,Night,Night
A-7192259,Source1,2,2025-06-03 07:28:55.792218,2025-06-03 09:25:55.792218,34.079848,-118.394593,,-118.392321,1.604,Three spring region scientist professional next.,Coleman Pines,Los Angeles,Port Joseph,CA,78009,US,US/Eastern,KhAJ,,,0.0,84.7,30.77,8.8,NW,0.0,0.0,Fair,False,False,False,False,False,False,False,False,False,False,False,False,False,Day,Day,Day,Day
A-6795566,Source1,2,2019-12-01 22:28:08.727049,2019-12-01 23:58:08.727049,35.14665,-80.860633,35.157145,,3.138,Later nor what bill order development couple.,Maria Street,Charlotte,Marquezville,NC,74058,US,US/Eastern,KtGG,2019-12-01 22:04:08.727049,52.1,,41.2,29.11,13.3,ENE,2.5,0.0,Fair,False,False,False,False,False,False,False,False,False,False,False,False,False,Night,Night,Night,Night
A-8660427,Source1,2,2019-11-29 02:26:00.109099,2019-11-29 05:05:00.109099,32.847207,-96.848992,32.846034,-96.855503,1.22,Quite civil father realize drug prove small.,Gonzalez Tunnel,Dallas,Susanmouth,TX,72648,US,US/Eastern,KxHo,2019-11-29 02:14:00.109099,25.7,,102.7,29.54,10.0,ENE,14.9,,Mostly Cloudy,False,False,False,False,False,False,False,False,True,False,False,False,False,Night,Night,Night,Night
A-6741509,Source1,2,2025-03-26 11:32:48.525733,2025-03-26 12:19:48.525733,33.982899,-118.262019,33.977564,-118.254722,1.881,West guess right develop sister.,Hughes Fork,Los Angeles,Timothytown,CA,60940,US,US/Eastern,KsEp,2025-03-26 11:13:48.525733,66.0,0.0,60.7,29.54,7.3,CALM,8.7,0.0,Fair,False,False,True,False,False,False,False,False,True,False,False,False,False,Day,Day,Day,Day
A-2000553,Source1,4,2020-05-30 09:13:00.586490,2020-05-30 11:52:00.586490,32.815228,-96.76673,32.815919,,1.617,Whole billion popular hundred a sell show identify.,Paul Island,Dallas,New Alan,TX,68889,US,US/Eastern,KGZu,2020-05-30 09:04:00.586490,49.6,,55.3,29.78,10.1,CALM,6.6,0.0,Fair,False,False,False,False,False,False,False,False,False,True,False,True,False,Day,Day,Day,Day
A-8692537,Source2,2,2023-09-19 00:10:38.960652,2023-09-19 03:26:38.960652,32.804216,-96.726404,,-96.728378,1.304,Tv perform response all box.,Calderon Lodge,Dallas,West Williamstad,TX,29797,US,US/Eastern,KKHr,2023-09-18 23:55:38.960652,51.3,,74.0,28.6,,West,6.1,0.0,Fair,False,False,False,False,False,False,False,False,False,False,False,False,False,Night,Night,Night,Night
A-1080659,Source1,3,2022-03-22 04:37:20.102107,2022-03-22 08:05:20.102107,36.155492,-86.791868,36.161701,-86.790939,1.46,Pay management camera total pattern age show.,Johnson Crossroad,Nashville,Barrytown,TN,19075,US,US/Eastern,KPyq,2022-03-22 04:19:20.102107,63.3,,52.0,29.02,9.0,Calm,,0.0,Cloudy,False,False,False,False,False,False,False,False,False,False,False,False,False,Night,Night,Day,Day
A-8057495,Source2,3,2018-09-06 22:36:43.909698,2018-09-06 23:15:43.909698,30.456512,-97.732276,30.470886,,1.417,Minute development pull while.,Robert Drive,Austin,South Christopherfurt,TX,24566,US,US/Eastern,KuQM,2018-09-06 22:13:43.909698,44.7,0.0,96.0,29.02,5.9,S,4.9,,Rain,False,False,False,False,False,False,False,False,False,False,False,False,False,Night,Night,Night,Night
A-1020254,Source1,2,2024-04-17 11:56:22.496608,2024-04-17 14:25:22.496608,35.895786,-78.615398,35.893602,,1.035,Technology security new experience.,Wendy Fork,Raleigh,Garyburgh,NC,38771,US,US/Eastern,KUJR,2024-04-17 11:46:22.496608,75.5,0.0,89.7,29.06,11.8,ENE,5.2,0.0,Cloudy,False,False,False,False,False,False,False,False,False,False,False,True,False,Day,Day,Day,Day
A-6150226,Source2,2,2018-08-22 06:50:13.248697,2018-08-22 09:48:13.248697,35.888231,-78.719535,,-78.723755,0.661,Enjoy half baby establish inside one.,Mark Trail,Raleigh,Anthonyville,NC,58086,US,US/Eastern,KJjY,2018-08-22 06:40:13.248697,62.8,0.0,55.3,28.9,5.7,NNE,2.7,0.0,Cloudy,False,False,False,False,False,False,False,False,False,False,False,True,False,Day,Day,Day,Day
A-1212119,Source1,2,2021-11-13 02:50:30.184277,2021-11-13 04:17:30.184277,32.211803,-111.02045,,,4.138,Gun your religious court something trouble discover.,Hill Summit,Tucson,Thomasburgh,AZ,88605,US,US/Eastern,KkJF,2021-11-13 02:33:30.184277,50.4,,67.1,28.68,8.2,West,3.8,,Partly Cloudy,False,False,True,False,False,False,False,False,False,False,False,False,False,Night,Night,Night,Night
A-2194937,Source2,2,2020-12-20 05:17:12.555903,2020-12-20 08:25:12.555903,47.574178,-122.373785,47.576459,-122.373908,0.802,Market family behavior edge clear truth.,Jordan Shores,Seattle,New Sheilaport,WA,36595,US,US/Eastern,KfLW,2020-12-20 04:52:12.555903,60.5,,83.6,28.36,9.5,ESE,2.3,0.0,Overcast,False,False,False,False,False,False,False,False,False,False,False,False,False,Night,Day,Day,Day
A-407107,Source1,3,2025-03-14 06:23:38.573825,2025-03-14 08:16:38.573825,28.440108,-81.415226,,-81.421216,1.517,Class instead poor door seek sit ahead.,Ronald Brook,Orlando,Smithborough,FL,62777,US,US/Eastern,KyTM,2025-03-14 06:03:38.573825,32.4,,59.8,28.39,15.2,SSE,19.4,,Light Rain,False,False,False,False,True,False,False,False,False,False,False,False,False,Day,Day,Day,Day
A-5234329,Source1,2,2021-02-18 20:50:21.484514,2021-02-19 00:11:21.484514,29.941371,-95.541239,,-95.554873,3.858,Lose forward hot still dinner foot.,Ronald Station,Houston,Lake Ericland,TX,63535,US,US/Eastern,KDJi,2021-02-18 20:40:21.484514,50.9,0.0,94.4,32.0,11.3,W,4.0,0.0,Overcast,False,False,False,False,False,False,False,False,False,False,False,False,False,Night,Night,Night,Night
A-1720783,Source1,2,2018-04-12 22:50:58.765789,2018-04-13 01:11:58.765789,35.404288,-97.505325,,-97.492594,2.87,Mind or generation group second task radio room.,Smith Rest,Oklahoma City,Benjaminstad,OK,76390,US,US/Eastern,KuZH,2018-04-12 22:23:58.765789,59.6,0.0,67.8,30.21,6.8,WNW,10.3,0.2,Heavy Rain,False,False,False,False,False,False,False,False,False,False,False,False,False,Night,Night,Night,Night
A-2537194,Source2,4,2020-09-19 00:28:15.791513,2020-09-19 04:26:15.791513,30.239007,-97.714715,30.242711,-97.720819,0.62,Always law drop meeting agency.,David Knoll,Austin,Johnsontown,TX,44005,US,US/Eastern,KXgf,,61.7,0.0,48.8,,12.7,SW,7.4,0.0,Mostly Cloudy,False,False,False,False,False,False,False,False,False,False,False,False,False,Night,Night,Night,Night
A-1503019,Source1,2,2026-01-28 15:45:37.068877,2026-01-28 18:44:37.068877,25.767378,-80.311104,,-80.300041,1.502,President today alone end sister.,Salas Mountains,Miami,Marcuston,FL,08670,US,US/Eastern,KYVX,,75.0,0.0,28.1,30.2,10.1,S,7.0,0.0,Haze,False,False,False,False,False,False,False,False,False,False,False,False,False,Day,Day,Day,Day
A-1929289,Source1,3,2020-04-07 00:29:34.436881,2020-04-07 03:25:34.436881,35.40992,-97.58494,,-97.587791,0.651,Theory middle task speech election with edge it.,Williams Mountains,Oklahoma City,Danielland,OK,30810,US,US/Eastern,KjIe,2020-04-07 00:02:34.436881,102.8,0.0,76.9,,,SE,12.8,0.0,Mostly Cloudy,False,False,False,False,False,False,False,False,False,False,False,True,False,Night,Night,Night,Night
A-757481,Source1,2,2022-11-21 01:29:52.749739,2022-11-21 02:28:52.749739,30.460397,-91.093061,30.46562,,1.12,Make discuss food wind subject image sit.,Nguyen Course,Baton Rouge,Lake Ashleyshire,LA,07911,US,US/Eastern,KgCh,2022-11-21 01:05:52.749739,76.0,0.0,45.7,28.44,6.0,E,11.0,0.0,Cloudy,False,False,False,False,False,False,False,False,False,False,False,False,False,Night,Night,Night,Night
A-435792,Source1,3,2025-10-09 23:17:08.393268,2025-10-10 00:45:08.393268,25.651679,-80.307091,25.667706,-80.30462,0.564,Investment base affect true entire.,William Forks,Miami,Savannahshire,FL,83973,US,US/Eastern,KmYP,2025-10-09 23:08:08.393268,59.8,0.0,84.2,29.57,11.7,W,9.3,0.29,Heavy Rain,False,False,True,False,False,False,False,False,False,False,False,False,False,Night,Night,Night,Night
A-9894079,Source2,3,2023-12-10 23:23:33.752182,2023-12-11 02:09:33.752182,35.15455,-80.835302,,-80.82746,0.222,Sense because interest.,Katherine Trail,Charlotte,Doyleview,NC,30081,US,US/Eastern,KlIB,2023-12-10 23:14:33.752182,33.8,,74.1,30.75,12.0,SE,6.9,0.0,Fair,False,False,False,False,False,False,False,False,False,True,False,False,False,Night,Night,Night,Night
A-6293008,Source2,4,2020-09-28 20:40:49.982784,2020-09-29 00:01:49.982784,36.093162,-86.756339,36.091913,-86.75939,0.022,Agree team available most role employee.,Henderson Lodge,Nashville,Porterburgh,TN,86675,US,US/Eastern,KGFw,,58.4,,40.0,29.98,9.6,N,17.8,0.0,Fair,False,False,False,False,False,False,False,False,False,False,False,False,False,Night,Night,Night,Night
A-863526,Source1,2,2020-04-20 06:13:26.626408,2020-04-20 09:00:26.626408,33.613967,-84.398993,33.617626,-84.409642,3.224,Law kind get.,Ayala Mews,Atlanta,North Kimberlyton,GA,31300,US,US/Eastern,KQnW,2020-04-20 05:53:26.626408,58.1,0.0,64.9,30.05,6.0,SSE,7.9,0.0,Partly Cloudy,False,False,False,False,False,False,False,False,False,False,False,False,False,Day,Day,Day,Day
A-3638178,Source1,2,2023-08-10 07:09:22.118418,2023-08-10 08:17:22.118418,33.709786,-84.222592,,,1.78,Certainly six party along prove visit same.,Hess Course,Atlanta,Jessicashire,GA,21106,US,US/Eastern,KOnN,2023-08-10 06:40:22.118418,69.0,0.0,77.6,28.98,10.2,CALM,9.2,0.0,Scattered Clouds,False,False,True,False,False,False,False,False,False,False,False,False,False,Day,Day,Day,Day
A-2928673,Source1,2,2024-04-27 11:05:58.817649,2024-04-27 12:28:58.817649,36.106639,-86.745279,36.10628,-86.747177,2.164,Follow until person film teacher deal.,Andres Throughway,Nashville,Lake Jameston,TN,44089,US,US/Eastern,KRZP,2024-04-27 10:58:58.817649,114.9,0.0,79.6,28.11,13.0,NNE,14.7,0.23,Light Rain,False,False,False,False,False,False,False,False,True,False,False,False,False,Day,Day,Day,Day
A-7603621,Source1,2,2021-06-26 14:49:29.753358,2021-06-26 17:09:29.753358,38.639728,-121.450059,38.6456,-121.448819,0.133,Special involve knowledge rock tonight service.,Maria Mission,Sacramento,East Dominique,CA,02242,US,US/Eastern,,2021-06-26 14:20:29.753358,71.4,0.0,68.3,29.16,7.7,WSW,3.5,0.0,Partly Cloudy,False,False,False,False,False,False,False,False,False,False,False,False,False,Day,Day,Day,Day
A-7933035,Source2,2,2019-09-29 15:18:00.146652,2019-09-29 16:55:00.146652,35.23732,-80.77042,,-80.768235,0.198,Somebody next else use develop to method.,Pierce Well,Charlotte,New Andreport,NC,11094,US,US/Eastern,KyCs,2019-09-29 15:07:00.146652,40.6,31.493934931402666,74.5,29.02,13.1,NW,13.0,0.0,Partly Cloudy,False,False,False,False,False,False,False,False,False,False,False,True,False,Day,Day,Day,Day
A-2522992,Source1,4,2019-07-08 20:21:40.446976,2019-07-08 21:36:40.446976,25.636498,-80.336414,25.63717,-80.34392,0.761,Bank debate pull happy off brother eat professional.,Bennett Trace,Miami,Port Sarahbury,FL,54597,US,US/Eastern,KEJK,2019-07-08 20:16:40.446976,45.4,0.0,43.6,30.56,11.1,Calm,2.1,0.0,Fair,False,False,False,False,False,False,False,False,False,False,False,False,False,Night,Night,Night,Night
A-9972748,Source1,2,2022-02-08 21:57:07.248642,2022-02-08 23:14:07.248642,30.271495,-97.797305,30.263107,-97.804718,1.383,Out enjoy inside religious war.,Stout Road,Austin,Rayburgh,TX,68394,US,US/Eastern,KnXn,2022-02-08 21:44:07.248642,68.5,0.0,67.0,32.11,11.2,W,1.3,0.0,Fair,False,False,True,False,False,False,False,False,False,False,False,False,False,Night,Night,Night,Night
A-8664514,Source2,2,2023-10-17 18:06:33.704492,2023-10-17 21:06:33.704492,34.064913,-118.44232,,-118.43996,1.816,Call similar effect surface response.,Alisha Ports,Los Angeles,New Richard,CA,15152,US,US/Eastern,KkwH,2023-10-17 17:49:33.704492,27.3,,52.5,28.38,11.8,SSE,8.5,0.0,Fair,False,False,False,False,False,False,False,False,False,False,False,True,False,Night,Day,Day,Day
A-3207078,Source1,2,2021-06-16 02:46:30.891639,2021-06-16 03:40:30.891639,34.076739,-118.391907,,-118.397041,1.855,Have instead eat morning.,Butler Gardens,Los Angeles,West Nicholasview,CA,48051,US,US/Eastern,Kehz,2021-06-16 02:25:30.891639,38.5,30.07218827596367,51.8,31.12,9.5,S,12.1,,Fair,False,False,False,False,False,False,False,False,False,False,False,False,False,Night,Night,Night,Night
A-1596320,Source2,2,2022-10-06 16:04:10.536643,2022-10-06 18:40:10.536643,32.728569,-96.699082,32.719485,-96.706036,2.083,Inside article mention hand ability less.,Williams Brooks,Dallas,West Hannah,TX,94738,US,US/Eastern,KkIb,2022-10-06 15:35:10.536643,87.3,0.0,50.3,28.64,3.5,East,0.0,0.0,Cloudy,False,False,False,False,False,False,False,False,False,False,False,False,False,Day,Day,Day,Day
A-3598921,Source2,2,2018-05-19 23:12:48.180467,2018-05-20 02:27:48.180467,35.284597,-80.769568,35.284093,-80.774825,0.032,Eight final player team activity wind.,Ward Trail,Charlotte,New Cynthia,NC,47541,US,US/Eastern,KVaD,2018-05-19 22:45:48.180467,90.4,,78.1,28.63,7.4,WNW,2.8,,Fair,False,False,False,False,False,False,False,False,False,False,False,False,False,Night,Night,Night,Night
A-6533977,Source2,3,2021-09-12 04:10:40.959485,2021-09-12 05:36:40.959485,32.088116,-110.955791,,-110.945928,0.562,Music fear thousand institution now.,Justin Trail,Tucson,Philipville,AZ,41002,US,US/Eastern,Krog,2021-09-12 04:04:40.959485,117.7,0.0,59.1,29.72,7.5,CALM,14.1,0.0,Partly Cloudy,False,False,False,False,True,False,False,False,False,False,False,False,False,Night,Night,Day,Day
A-1889581,Source2,2,2020-06-30 04:56:04.934825,2020-06-30 08:31:04.934825,34.783943,-82.282511,34.779688,,2.698,Rich data hard main.,Derek Fort,Greenville,South Melissashire,SC,50712,US,US/Eastern,KCvZ,2020-06-30 04:45:04.934825,61.7,0.0,63.3,31.92,8.8,South,16.4,0.0,,False,False,False,False,False,False,False,False,False,False,False,False,False,Night,Night,Day,Day
A-957092,Source1,3,2019-08-01 02:21:53.972268,2019-08-01 06:08:53.972268,36.237806,-86.744455,36.234085,-86.738395,2.063,Book begin five clear.,Garza Mews,Nashville,Smithshire,TN,47842,US,US/Eastern,KALQ,2019-08-01 01:55:53.972268,67.8,0.0,,29.71,12.8,WSW,9.2,0.0,Scattered Clouds,False,False,False,False,False,False,False,False,False,False,False,False,False,Night,Night,Night,Night
A-6279450,Source2,2,2020-11-24 17:32:50.205124,2020-11-24 18:12:50.205124,29.710887,-95.505023,29.720526,,0.726,Large fill at smile several oil head.,Matthew Freeway,Houston,West Christophermouth,TX,06730,US,US/Eastern,KBRK,2020-11-24 17:05:50.205124,22.6,15.712780145775415,54.4,30.31,10.1,CALM,9.9,,Partly Cloudy,False,False,True,False,False,False,False,False,False,False,False,False,False,Day,Day,Day,Day
A-5721665,Source2,3,2023-06-05 04:33:26.248824,2023-06-05 05:47:26.248824,44.902771,-93.300967,44.902987,-93.304917,0.915,Talk local ready official a allow project party.,Jessica Forge,Minneapolis,Rossmouth,MN,64532,US,US/Eastern,KruU,2023-06-05 04:26:26.248824,34.1,0.0,54.4,30.1,12.1,E,4.8,0.0,Patches of Fog,False,False,False,False,True,False,False,False,False,False,False,False,False,Night,Night,Day,Day
A-4006852,Source2,2,2020-11-12 16:27:18.112632,2020-11-12 17:25:18.112632,29.68692,-95.475388,29.678282,-95.466494,2.291,Ten through this modern provide information gun.,Rodriguez Fork,Houston,North Ryanfurt,TX,46766,US,US/Eastern,KHbV,2020-11-12 16:15:18.112632,64.4,0.0,46.1,30.09,8.2,WSW,13.8,0.0,Haze,False,False,False,False,False,False,False,False,False,False,False,False,False,Day,Day,Day,Day
A-2498118,Source1,2,2022-05-09 11:09:01.138208,2022-05-09 11:32:01.138208,25.663652,-80.40003,25.669487,-80.382532,2.295,Behind discuss short.,Bobby Port,Miami,North Nicolemouth,FL,79598,US,US/Eastern,KKFw,2022-05-09 11:04:01.138208,53.2,,104.2,29.81,7.6,S,11.0,0.28,Rain,False,False,False,False,False,False,False,False,False,False,False,False,False,Day,Day,,Day
A-9553289,Source1,2,2020-04-11 04:32:38.203849,2020-04-11 06:23:38.203849,29.37519,-98.496853,,-98.50711,1.181,Usually health decade.,Amber Spurs,San Antonio,South John,TX,05559,US,US/Eastern,KcWb,2020-04-11 04:19:38.203849,39.1,34.4376260317151,77.7,30.41,7.5,ENE,6.7,0.0,Mostly Cloudy,False,False,False,False,False,False,False,False,False,False,False,False,False,Night,Night,Day,Day
A-9911687,Source2,2,2022-07-16 12:19:58.353944,2022-07-16 12:35:58.353944,32.787401,-96.750196,32.807199,,2.418,Back a whose keep street it sound modern.,Booth Garden,Dallas,Lake Jeffreychester,TX,11266,US,US/Eastern,KMeR,2022-07-16 11:59:58.353944,52.2,,73.3,29.9,9.6,NNW,15.5,0.0,Mostly Cloudy,False,False,False,False,False,False,False,False,True,False,False,False,False,Day,Day,Day,Day
A-9677582,Source1,2,2022-08-13 06:27:24.664307,2022-08-13 08:30:24.664307,35.781197,-78.577425,35.786626,-78.582319,1.851,Tree her have those writer finish field.,Taylor Ramp,Raleigh,West Edward,NC,18926,US,US/Eastern,KCcE,2022-08-13 06:10:24.664307,65.1,,78.8,30.3,6.5,South,5.3,,Partly Cloudy,False,False,False,False,False,False,False,False,False,False,False,False,False,Day,Day,Day,Day
A-503566,Source1,2,2018-03-11 17:43:03.721571,2018-03-11 21:12:03.721571,25.869552,-80.186644,,-80.199091,1.717,Reveal pattern million head.,Kayla Manor,Miami,North Sandraport,FL,17598,US,US/Eastern,KiZY,2018-03-11 17:36:03.721571,75.8,0.0,62.3,29.2,7.9,NW,12.8,,Cloudy,False,False,False,False,False,False,False,False,False,False,False,False,False,Day,Day,Day,Day
A-6134544,Source1,2,2025-09-24 21:09:20.437950,2025-09-24 23:04:20.437950,32.880847,-96.923222,32.887512,-96.918244,4.773,Fine play social later buy expert.,Shawn Key,Dallas,New Barbara,TX,82196,US,US/Eastern,KHit,2025-09-24 20:55:20.437950,54.0,,52.7,28.62,13.2,NNE,6.7,0.0,Fair,False,False,False,False,False,False,False,False,False,False,False,False,False,Night,Night,Night,Night
A-6050663,Source1,2,2018-12-29 07:54:34.318649,2018-12-29 11:48:34.318649,32.845713,-96.798365,32.834582,-96.792803,1.29,Pay ask agency my test media interesting.,,Dallas,West Justinmouth,TX,95905,US,US/Eastern,KNcY,2018-12-29 07:47:34.318649,87.3,0.0,60.0,29.28,6.6,SSE,2.0,0.0,Fair,False,False,False,False,False,False,False,False,False,False,False,False,False,Day,Day,Day,Day
A-9036616,Source1,2,2022-04-09 22:14:48.586535,2022-04-10 01:27:48.586535,30.303474,-97.806555,30.305994,-97.808074,1.58,Information can perhaps truth relate.,Harvey Fords,Austin,Jonestown,TX,16765,US,US/Eastern,KWnU,2022-04-09 22:04:48.586535,36.6,27.483853633647634,74.4,31.28,7.7,SW,,0.0,Partly Cloudy,False,False,False,False,False,False,False,False,False,False,False,True,False,Night,Night,Night,Night
A-349444,Source1,2,2024-01-29 09:40:16.231928,2024-01-29 12:51:16.231928,33.96226,-118.447443,,-118.445613,0.435,Line something follow understand result level may.,Wood Bridge,Los Angeles,Christopherton,CA,58569,US,US/Eastern,KYTA,2024-01-29 09:32:16.231928,48.8,41.87187225356212,73.2,30.98,10.8,NNW,9.9,0.0,Partly Cloudy,False,False,False,False,False,False,False,False,False,False,False,False,False,Day,Day,Day,Day
A-5672352,Source1,3,2023-11-12 08:25:31.427882,2023-11-12 09:45:31.427882,32.760027,-96.863512,32.766297,,1.613,That fish about because discuss process challenge.,Michelle Forest,Dallas,Gibbsberg,TX,54407,US,US/Eastern,KyLB,2023-11-12 08:13:31.427882,70.4,0.0,56.9,30.45,13.4,VAR,2.4,0.0,Clear,False,False,False,False,False,False,False,False,False,False,False,False,False,Day,Day,Day,Day
A-2243372,Source2,4,2020-03-16 22:34:58.139715,2020-03-16 23:59:58.139715,33.999394,-118.338955,34.004971,-118.342594,0.624,Deep after true poor light fly good not.,Giles Wells,Los Angeles,North Josephshire,CA,57613,US,US/Eastern,KYPa,2020-03-16 22:19:58.139715,84.1,0.0,70.2,29.31,10.6,Calm,10.8,0.0,Fair,False,False,False,False,False,False,True,False,False,False,False,False,False,Night,Night,Night,Night
A-2194271,Source1,2,2019-12-16 10:39:16.363448,2019-12-16 13:05:16.363448,33.954826,-118.353928,,-118.358046,0.02,Full economic worry.,Hartman Centers,Los Angeles,Port Marktown,CA,09060,US,US/Eastern,KbHP,2019-12-16 10:33:16.363448,117.4,0.0,69.9,29.61,14.1,NNE,10.4,,Overcast,False,False,False,False,False,False,False,False,False,False,False,False,False,Day,Day,Day,Day
A-5768324,Source1,2,2020-11-26 16:18:36.588077,2020-11-26 17:08:36.588077,30.316151,-97.767018,,-97.771434,3.526,Station often third their.,Johnson Ports,Austin,East Terrence,TX,85174,US,US/Eastern,KBOw,2020-11-26 16:05:36.588077,71.4,0.0,80.5,29.47,4.9,WNW,0.0,0.12,Rain,False,False,False,False,False,False,False,False,False,False,False,False,False,Day,Day,Day,Day
A-7644181,Source2,2,2024-06-18 09:21:38.610587,2024-06-18 12:10:38.610587,32.928656,-96.773518,,-96.77482,1.207,Evening fire indeed traditional.,Shawn Junction,Dallas,New Nancyhaven,TX,18765,US,US/Eastern,KuXg,2024-06-18 09:07:38.610587,89.7,,69.0,30.15,11.3,ESE,6.3,0.0,Fair,False,False,False,False,False,False,False,False,False,False,False,False,False,Day,Day,Day,Day
A-5813068,Source2,2,2023-11-17 02:25:55.145791,2023-11-17 04:13:55.145791,32.890448,-96.816902,32.899525,-96.811447,1.609,When as reason six.,Johnson Groves,Dallas,Thomasmouth,TX,75082,US,US/Eastern,KdLw,2023-11-17 02:12:55.145791,44.5,34.326252255604565,68.1,28.11,10.5,NW,14.5,,Clear,False,False,False,False,False,False,False,False,False,False,False,False,False,Night,Night,Night,Night
A-7473831,Source2,2,2021-03-11 18:55:37.101944,2021-03-11 20:29:37.101944,25.784456,-80.314561,25.783552,,1.012,Look operation scientist federal wish everything.,Ball Plaza,Miami,Danachester,FL,40251,US,US/Eastern,KRyz,2021-03-11 18:42:37.101944,68.0,0.0,67.4,29.45,,North,16.9,0.0,Scattered Clouds,False,False,False,False,False,False,False,False,False,False,False,False,False,Night,Day,Day,Day
A-4163646,Source1,2,2022-03-26 05:42:25.253742,2022-03-26 08:43:25.253742,33.663623,-112.085351,,,0.916,Thank foreign visit who few break recent public.,Abbott Ports,Phoenix,New Adam,AZ,22137,US,US/Eastern,KAmV,2022-03-26 05:15:25.253742,67.8,0.0,105.3,30.44,11.5,CALM,,,Cloudy,False,False,False,False,False,False,False,False,False,True,False,False,False,Night,Day,Day,Day
A-580140,Source1,2,2020-08-07 00:24:14.532220,2020-08-07 02:55:14.532220,36.073633,-86.808937,,-86.806821,2.249,Response often say change.,Melissa Ridges,Nashville,New Julie,TN,69564,US,US/Eastern,KdJr,2020-08-07 00:03:14.532220,32.7,22.400452077226138,64.4,29.0,9.1,W,14.8,0.0,Clear,False,False,False,False,False,False,False,False,False,False,False,False,False,Night,Night,Night,Night
A-5765334,Source2,2,2022-09-19 16:24:40.199519,2022-09-19 18:23:40.199519,29.64047,-95.376624,29.633356,,1.878,Time nature Democrat sell guy.,Melissa Shoal,Houston,Melissaberg,TX,38415,US,US/Eastern,KOzY,2022-09-19 16:17:40.199519,63.8,,46.8,29.76,7.7,WNW,9.3,0.0,Mostly Cloudy,False,False,True,False,False,False,False,False,False,False,False,False,False,Day,Day,Day,Day
A-8768437,Source1,2,2025-03-12 07:56:05.932481,2025-03-12 10:12:05.932481,41.82255,-87.773033,,,0.838,Particularly since black spend get.,Jessica Cove,Chicago,East Melissa,IL,88951,US,US/Eastern,KNeZ,2025-03-12 07:47:05.932481,59.4,0.0,104.4,28.83,8.0,ESE,6.8,0.0,Scattered Clouds,False,False,False,False,False,False,False,False,False,False,False,False,False,Day,Day,Day,Day
A-8598298,Source1,2,2021-04-01 23:14:58.684489,2021-04-02 01:55:58.684489,35.287073,-80.924611,35.284309,,0.331,Nor interesting property go north.,Martin Tunnel,Charlotte,South Tamara,NC,02697,US,US/Eastern,KxDK,2021-04-01 22:57:58.684489,50.2,0.0,60.1,31.49,7.0,W,7.5,0.0,Partly Cloudy,False,False,False,False,False,False,False,False,False,False,False,True,False,Night,Night,Night,Night
A-9688206,Source2,2,2021-03-29 23:03:02.144554,2021-03-30 02:24:02.144554,45.560166,-122.631148,,-122.62681,0.581,Bed recent blue phone bag.,Thomas Orchard,Portland,North James,OR,41216,US,US/Eastern,KTeQ,2021-03-29 22:36:02.144554,32.7,25.233496482206732,34.6,29.22,11.3,NW,10.6,0.0,Fair,False,False,False,False,False,False,False,False,False,False,False,True,False,Night,Night,Night,Night
A-3274972,Source1,1,2023-06-14 18:10:18.595887,2023-06-14 19:55:18.595887,29.693847,-95.396161,,,1.168,Sound seek network traditional either car onto.,Brittany Ways,Houston,Randolphburgh,TX,57257,US,US/Eastern,KyrI,2023-06-14 17:54:18.595887,50.9,0.0,70.7,30.34,9.6,S,8.5,,Clear,False,False,False,False,False,False,False,False,False,False,False,False,False,Night,Day,Day,Day
A-1578965,Source1,2,2024-05-02 12:47:04.975521,2024-05-02 15:53:04.975521,35.184274,-80.795375,35.186128,-80.786488,0.988,Collection name collection.,Frank Village,Charlotte,North Lauraland,NC,51866,US,US/Eastern,KiPS,2024-05-02 12:28:04.975521,60.2,,86.4,28.98,10.7,SW,3.4,0.15,Light Rain,False,False,False,False,False,False,False,False,False,False,False,False,False,Day,Day,Day,Day
A-2723244,Source1,2,2021-04-07 05:26:11.051782,2021-04-07 08:21:11.051782,35.048165,-80.863279,35.050476,,0.58,Send we because child.,Thomas Plaza,Charlotte,East Sheriport,NC,48218,US,US/Eastern,KQGw,2021-04-07 05:08:11.051782,60.2,0.0,109.0,29.22,6.7,NW,5.1,0.0,Partly Cloudy,True,False,False,False,False,False,False,False,False,False,False,False,False,Night,Day,Day,Day
A-9084517,Source1,3,2020-12-07 01:07:00.383166,2020-12-07 02:48:00.383166,27.936174,-82.397888,,,3.087,If three create.,Harris Lodge,Tampa,South Andrew,FL,43097,US,US/Eastern,KzbA,2020-12-07 00:46:00.383166,33.8,0.0,69.5,30.29,7.7,CALM,1.9,0.0,Fair,False,False,False,False,False,False,False,False,False,False,False,False,False,Night,Night,Night,Night
A-6323308,Source2,2,2020-09-27 00:28:40.929747,2020-09-27 00:57:40.929747,25.944191,-80.346805,,-80.342301,0.267,Month with should official accept.,Johnston Rest,Miami,North Kristina,FL,11602,US,US/Eastern,KHnx,2020-09-27 00:08:40.929747,37.9,0.0,47.7,30.25,7.9,CALM,2.6,0.0,Fair,False,False,False,False,False,False,False,False,False,False,False,False,False,Night,Night,Night,Night
A-6039452,Source2,2,2022-04-08 12:46:58.750616,2022-04-08 15:39:58.750616,33.54062,-112.150778,33.554229,-112.151339,1.905,Machine husband necessary exactly anyone.,Joshua Garden,Phoenix,Lake Jessefort,AZ,63314,US,US/Eastern,KAbF,2022-04-08 12:21:58.750616,75.3,0.0,123.3,29.06,5.2,East,,0.0,Mostly Cloudy,False,False,False,False,False,False,False,False,False,False,False,False,False,Day,Day,Day,Day
A-425078,Source2,2,2018-08-15 15:36:06.369709,2018-08-15 16:28:06.369709,36.176163,-86.799311,36.1759,-86.791836,0.633,Point expert value data health chair.,Darrell Village,Nashville,Lake Kevin,TN,19174,US,US/Eastern,Kgjc,2018-08-15 15:24:06.369709,56.6,0.0,117.3,29.23,12.5,NW,6.7,,Scattered Clouds,False,False,False,False,False,False,False,False,False,False,False,False,False,Day,Day,Day,Day
A-7856065,Source1,2,2022-12-25 16:09:18.090786,2022-12-25 17:40:18.090786,28.075459,-82.537693,,,0.601,Them reveal garden individual base.,Smith Ways,Tampa,Garzastad,FL,16773,US,US/Eastern,KHsr,2022-12-25 15:45:18.090786,68.3,0.0,50.6,28.35,6.5,WNW,8.9,,Fair,False,False,False,False,False,False,False,False,False,False,False,False,False,Day,Day,Day,Day
A-1874085,Source1,2,2025-05-23 09:05:36.697262,2025-05-23 10:58:36.697262,25.851714,-80.136997,25.85156,-80.145614,1.907,Man organization American police mother federal.,Howard Village,Miami,Hillport,FL,31560,US,US/Eastern,KmRE,2025-05-23 08:57:36.697262,102.2,0.0,103.7,29.67,8.7,VAR,0.0,0.0,Fair,False,False,True,False,False,False,False,False,False,False,False,False,False,Day,Day,,Day
A-1227502,Source2,2,2020-11-23 16:28:30.244481,2020-11-23 18:07:30.244481,28.423238,-81.437958,,,1.024,North common behind performance.,Perez Keys,Orlando,Valdezhaven,FL,28501,US,US/Eastern,Kkcd,2020-11-23 16:07:30.244481,41.4,34.970164797372135,91.7,31.18,11.0,SW,9.2,,Cloudy,False,False,True,False,False,False,False,False,False,False,False,False,False,Day,Day,Day,Day
A-8932492,Source1,4,2025-10-02 04:18:06.123999,2025-10-02 06:59:06.123999,30.274429,-97.821616,,,2.658,Too treatment sister raise especially bag.,Martinez Drive,Austin,Harperchester,TX,52540,US,US/Eastern,KPGu,2025-10-02 04:09:06.123999,39.8,0.0,96.6,29.49,7.7,CALM,4.0,0.0,Fair,False,False,False,False,True,False,False,False,False,False,False,False,False,Night,Night,Day,Day
A-9460105,Source2,2,2020-11-01 22:07:57.608273,2020-11-01 23:55:57.608273,29.490638,-98.497376,29.491009,-98.505564,0.221,Tonight political agent old especially idea television.,Jacob Hill,San Antonio,Jamesbury,TX,44507,US,US/Eastern,KFPV,2020-11-01 21:40:57.608273,39.8,0.0,56.7,29.13,7.8,CALM,0.0,,Mostly Cloudy,False,False,False,False,False,False,False,False,False,False,False,False,False,Night,Night,Night,Night
A-5849460,Source1,2,2022-11-20 10:44:27.596053,2022-11-20 12:08:27.596053,25.784598,-80.379987,25.799849,-80.371485,3.449,Difference ready form set later true.,Cody Hills,Miami,East Andrewton,FL,08472,US,US/Eastern,KjnT,2022-11-20 10:15:27.596053,70.6,0.0,51.0,29.65,10.9,NNW,,0.0,Scattered Clouds,False,False,False,False,False,False,False,False,False,False,False,True,False,Day,Day,Day,Day
A-671380,Source1,3,2022-05-24 09:06:01.862780,2022-05-24 11:21:01.862780,35.212879,-80.905542,35.212949,-80.897633,2.186,National subject life serve student.,Hall Overpass,Charlotte,Whitakerfurt,NC,20714,US,US/Eastern,KaYB,2022-05-24 08:43:01.862780,64.9,,79.7,29.36,6.5,WNW,12.3,0.0,Cloudy,False,False,False,False,False,False,False,False,False,False,False,False,False,Day,Day,Day,Day
A-2626378,Source1,3,2019-02-28 08:10:28.494426,2019-02-28 09:53:28.494426,34.079744,-80.998685,34.075579,-81.012657,3.162,Affect past north list well.,Angela Knolls,Columbia,Lake Deborah,SC,39717,US,US/Eastern,KXHf,2019-02-28 07:57:28.494426,17.2,,86.2,29.82,6.8,NE,9.3,0.0,Clear,False,False,False,False,False,False,False,False,True,False,False,False,False,Day,Day,Day,Day
A-3074813,Source1,3,2023-12-03 19:48:32.535459,2023-12-03 23:22:32.535459,47.60064,-122.319843,,,0.348,Future wife wear.,Jason Parks,Seattle,Port Jerryberg,WA,25305,US,US/Eastern,KLqZ,2023-12-03 19:19:32.535459,53.8,0.0,62.4,32.1,5.9,CALM,7.2,0.0,Overcast,False,False,True,False,False,False,False,False,False,False,False,False,False,Night,Night,Day,Day
A-8822629,Source1,2,2019-10-26 06:58:59.020041,2019-10-26 07:50:59.020041,34.015406,-118.466825,34.011073,,3.62,Purpose ok list machine prevent.,Snow Squares,Los Angeles,Suttonport,CA,75273,US,US/Eastern,KzzM,2019-10-26 06:33:59.020041,64.9,0.0,94.8,28.59,9.8,CALM,0.0,,Fair,False,False,False,False,False,False,False,False,False,False,False,False,False,Day,Day,Day,Day
A-5815683,Source2,2,2024-05-20 10:18:58.128752,2024-05-20 12:58:58.128752,34.072957,-118.234207,,-118.230065,2.204,Perform effect deep baby probably though.,Moore Pine,Los Angeles,North Joemouth,CA,08190,US,US/Eastern,KqJJ,2024-05-20 09:49:58.128752,80.4,,53.9,30.13,8.7,SSE,8.4,0.0,Mostly Cloudy,False,False,False,False,False,False,False,False,False,False,False,False,False,Day,Day,Day,Day
A-2120192,Source2,2,2025-12-19 18:18:03.680062,2025-12-19 20:23:03.680062,34.01942,-118.189875,,,0.549,Value fall history good how land.,Woods Lakes,Los Angeles,Murphyfurt,CA,11762,US,US/Eastern,KABP,2025-12-19 17:54:03.680062,,0.0,61.3,29.37,8.8,Calm,17.5,0.0,Fair,False,False,False,False,False,False,False,False,False,False,False,True,False,Night,Day,Day,Day
A-1296531,Source1,2,2020-01-27 14:10:17.244924,2020-01-27 16:44:17.244924,30.214205,-97.755412,30.21561,,0.986,Less involve environmental account course base.,Jeffrey Alley,Austin,North Heather,TX,84879,US,US/Eastern,KbVD,2020-01-27 13:48:17.244924,65.0,0.0,86.1,29.13,8.4,VAR,12.5,0.18,Light Rain,False,False,False,False,False,False,False,False,False,False,False,True,False,Day,Day,Day,Day
A-6231605,Source2,3,2021-02-12 11:39:39.615143,2021-02-12 12:08:39.615143,29.497107,-98.455284,29.481891,,0.863,Less detail call little understand defense.,Ronald Fields,San Antonio,West Brookeberg,TX,16538,US,US/Eastern,KJWB,2021-02-12 11:17:39.615143,55.3,0.0,73.1,30.81,9.3,Calm,9.1,0.0,Clear,False,False,False,False,True,False,False,False,False,False,False,True,False,Day,Day,Day,Day
A-4824604,Source1,2,2019-09-06 17:51:15.431170,2019-09-06 18:56:15.431170,41.80282,-87.651523,41.809106,-87.654953,0.257,Hospital month cause large under nothing.,Wong Parkway,Chicago,Garciashire,IL,07191,US,US/Eastern,KZCl,2019-09-06 17:38:15.431170,88.3,0.0,72.6,31.37,10.3,ESE,4.2,0.0,Fair,False,False,False,False,False,False,False,False,False,False,False,False,False,Day,Day,Day,Day
A-5504735,Source2,3,2025-09-14 22:14:51.472516,2025-09-15 01:29:51.472516,36.148085,-86.776434,,-86.769804,0.578,Position green too read shake goal.,Amy Ferry,Nashville,New Alex,TN,99885,US,US/Eastern,Kjjx,2025-09-14 21:55:51.472516,73.1,,47.7,29.56,9.3,ENE,3.4,0.0,Fair,False,False,False,False,False,False,False,False,False,False,False,False,False,Night,Night,Night,Night
A-3364239,Source2,2,2025-01-27 03:01:17.764268,2025-01-27 04:30:17.764268,28.488175,-81.420803,,-81.415306,3.953,Instead glass form cause idea past fight because.,Alexander Gardens,Orlando,North Clayton,FL,17195,US,US/Eastern,KcrN,2025-01-27 02:50:17.764268,,0.0,48.4,29.9,9.4,CALM,4.5,0.0,Clear,False,False,False,False,False,False,False,False,False,False,False,False,False,Night,Night,Night,Night
A-2147234,Source2,2,2020-01-04 05:02:50.554325,2020-01-04 09:00:50.554325,29.660545,-95.312598,29.659744,-95.305226,1.085,Whether kid west through character land factor line.,Mcmillan Plain,Houston,Whitefort,TX,49210,US,US/Eastern,KPWJ,2020-01-04 04:45:50.554325,37.4,0.0,46.6,30.0,7.0,North,0.0,,Overcast,False,False,False,False,False,False,False,False,False,False,False,False,False,Night,Day,Day,Day
A-9435363,Source2,3,2025-09-27 16:10:25.655606,2025-09-27 19:19:25.655606,33.9367,-118.155966,33.940816,,3.512,Series recognize claim find board.,Troy Drive,Los Angeles,South Anthonyview,CA,15060,US,US/Eastern,KJLY,2025-09-27 15:47:25.655606,49.2,37.639570450052865,65.5,28.76,9.9,WNW,16.5,0.0,Mostly Cloudy,False,False,False,False,False,False,False,False,False,False,False,True,False,Day,Day,Day,Day
A-8852490,Source1,2,2023-03-14 08:48:12.351657,2023-03-14 12:32:12.351657,32.713534,-117.137524,32.710535,-117.142608,0.145,Late high design spring middle quickly run.,Torres Village,San Diego,East Oscarland,CA,35950,US,US/Eastern,KLnb,2023-03-14 08:27:12.351657,75.1,0.0,85.7,27.87,7.7,North,8.5,0.0,Mostly Cloudy,False,False,False,False,False,False,False,False,False,False,False,False,False,Day,Day,Day,Day
A-3939052,Source1,3,2018-11-01 01:09:44.999231,2018-11-01 01:50:44.999231,33.690833,-84.310186,33.693004,-84.311127,2.789,Wide need low important.,Marquez Ways,Atlanta,South Marytown,GA,47363,US,US/Eastern,KrgT,2018-11-01 00:50:44.999231,68.4,,75.6,28.71,9.7,W,13.4,0.0,Haze,False,False,False,False,False,False,False,False,False,False,False,False,False,Night,Night,Night,Night
A-1094514,Source1,2,2019-10-02 18:13:31.321401,2019-10-02 21:03:31.321401,44.963582,-93.120594,44.975045,-93.12684,0.77,Election young board nature enough top area general.,Smith Views,Saint Paul,Port Michelle,MN,25333,US,US/Eastern,KkDV,2019-10-02 17:53:31.321401,60.8,0.0,54.3,31.55,5.2,SE,12.2,0.0,Fair,False,False,False,False,False,False,False,False,False,False,False,False,False,Night,Day,Day,Day
A-9692179,Source1,2,2024-10-16 22:05:38.805021,2024-10-17 00:17:38.805021,35.891331,-78.634028,,,1.91,Happen sign consumer find professional.,Malone Vista,Raleigh,Sarabury,NC,31754,US,US/Eastern,KXqA,2024-10-16 21:40:38.805021,80.6,,67.7,30.17,9.6,CALM,10.9,,Mostly Cloudy,False,False,False,False,False,False,False,False,False,False,False,False,False,Night,Night,Night,Night
A-9139069,Source1,2,2026-01-22 15:16:32.982841,2026-01-22 18:15:32.982841,30.468124,-91.066495,30.466963,,1.33,Six personal somebody hundred ready station hair claim.,Howard Field,Baton Rouge,East Susan,LA,93977,US,US/Eastern,KlTe,2026-01-22 15:03:32.982841,23.1,18.922293676598777,71.7,29.38,8.3,S,6.0,,Fair,False,False,False,False,True,False,False,False,False,False,False,False,False,Day,Day,Day,Day
A-1992495,Source1,2,2024-08-14 12:29:50.810210,2024-08-14 13:41:50.810210,35.599874,-97.562497,35.609608,,1.237,Food life national whether bag group almost.,Liu Cape,Oklahoma City,Adammouth,OK,35551,US,US/Eastern,KKXk,2024-08-14 12:11:50.810210,65.6,0.0,50.4,28.59,8.5,NE,11.4,0.0,Mostly Cloudy / Windy,False,False,False,False,False,False,False,False,False,False,False,False,False,Day,Day,Day,Day
A-7973003,Source2,2,2025-05-27 04:16:16.660299,2025-05-27 06:00:16.660299,37.233304,-121.830724,37.229329,-121.830095,3.464,Make player bed mission really reflect.,Houston Roads,San Jose,North Kevin,CA,18425,US,US/Eastern,Khsf,2025-05-27 04:06:16.660299,55.2,,50.2,28.26,6.9,SSE,0.0,0.0,Wintry Mix,False,False,False,False,False,False,False,False,False,False,False,False,False,Night,Night,Day,Day
A-1132669,Source1,2,2024-03-19 04:46:03.199538,2024-03-19 05:27:03.199538,34.039064,-118.218374,34.032137,,0.669,Western need television movement significant.,Mcguire Road,Los Angeles,Sotofurt,CA,37379,US,US/Eastern,KYll,2024-03-19 04:39:03.199538,35.8,30.915827819076814,75.0,29.59,11.4,NNW,6.9,,Mostly Cloudy,False,False,False,False,False,False,False,False,False,False,False,False,False,Night,Night,Day,Day
A-1212693,Source1,2,2025-07-24 08:16:47.391107,2025-07-24 09:29:47.391107,25.843642,-80.272895,,-80.262464,0.788,Range the wear eat ten third.,Carrie Meadows,Miami,Heatherstad,FL,48219,US,US/Eastern,KyNA,2025-07-24 08:11:47.391107,92.1,0.0,132.1,29.66,6.8,SW,0.0,0.0,Cloudy,False,False,False,False,False,False,False,False,False,False,False,False,False,Day,Day,Day,Day
A-4318358,Source1,3,2022-07-12 18:06:08.263304,2022-07-12 21:36:08.263304,30.268157,-81.625656,,-81.617303,2.588,Owner customer cup factor thank.,Amy Villages,Jacksonville,South Jamesside,FL,42792,US,US/Eastern,KAUp,2022-07-12 18:01:08.263304,43.7,34.37188626114302,71.6,28.6,7.7,VAR,13.4,,Fair,False,False,False,False,False,False,True,False,False,False,False,True,False,Night,Day,Day,Day
A-2446524,Source2,2,2023-07-01 18:21:03.521245,2023-07-01 20:57:03.521245,27.926043,-82.53739,27.925352,-82.529163,0.667,Scientist Republican defense road yes wish off.,Amanda Heights,Tampa,East Elijah,FL,96080,US,US/Eastern,KSxe,2023-07-01 18:06:03.521245,72.6,0.0,57.4,28.09,11.6,South,7.1,0.0,Overcast,False,False,False,False,True,False,False,False,False,False,False,False,False,Night,Day,Day,Day
A-6631139,Source2,2,2021-05-15 19:44:32.913558,2021-05-15 21:36:32.913558,29.749486,-95.442938,29.74859,-95.437912,2.634,Forward which born.,Nash Point,Houston,Jessicaville,TX,25821,US,US/Eastern,KuTC,2021-05-15 19:16:32.913558,47.2,,70.5,29.78,6.3,SE,5.0,0.13,Light Rain,False,False,False,False,False,False,False,False,False,False,False,False,False,Night,Night,Day,Day
A-1292147,Source2,2,2018-12-10 15:36:55.950213,2018-12-10 17:38:55.950213,37.349796,-121.911458,,,2.362,Easy quickly however station local arm.,Felicia Valley,San Jose,Sarahburgh,CA,65202,US,US/Eastern,KnXT,2018-12-10 15:16:55.950213,87.5,0.0,95.4,29.6,4.5,CALM,12.2,0.1,Light Rain,False,False,False,False,False,False,False,False,False,False,False,False,False,Day,Day,Day,Day
A-4430452,Source2,2,2025-05-11 16:55:14.364173,2025-05-11 19:49:14.364173,32.817383,-96.824044,32.812349,,0.601,Understand me must attorney author job.,Ricardo Meadows,Dallas,East Vanessaberg,TX,70819,US,US/Eastern,KzUD,2025-05-11 16:40:14.364173,59.0,,49.7,29.34,6.5,W,10.8,,Fair,False,False,False,False,False,False,False,False,False,False,False,False,False,Day,Day,Day,Day
A-9884433,Source1,2,2020-05-16 22:12:12.418851,2020-05-17 01:34:12.418851,33.810745,-84.373734,,-84.38394,0.173,Skill attorney school tend write simply.,Veronica Mews,Atlanta,East Jake,GA,08650,US,US/Eastern,KUPs,2020-05-16 21:43:12.418851,84.5,,101.7,28.12,8.9,NW,,,Mostly Cloudy,False,False,False,False,False,False,False,False,False,False,False,False,False,Night,Night,Night,Night
A-5827828,Source2,2,2024-05-02 14:56:02.459754,2024-05-02 15:13:02.459754,32.751446,-96.807466,32.751552,,0.792,Happy away different allow join.,Glover Lodge,Dallas,Lake Daniel,TX,26834,US,US/Eastern,Kbti,2024-05-02 14:46:02.459754,57.7,0.0,45.0,29.5,12.2,W,11.4,,Fair,False,False,False,False,False,False,False,False,False,False,False,False,False,Day,Day,Day,Day
A-2374531,Source2,2,2021-03-14 17:30:34.087001,2021-03-14 18:58:34.087001,35.869754,-78.80851,35.873469,,1.917,Star hospital produce once attack moment debate.,Bryan Light,Raleigh,Perezville,NC,98319,US,US/Eastern,KIHm,2021-03-14 17:17:34.087001,50.0,43.18691457769815,,28.54,8.1,E,9.7,0.0,Fair,False,False,False,False,False,False,False,False,False,False,False,False,False,Day,Day,Day,Day
A-8108392,Source1,2,2019-08-06 00:53:35.268067,2019-08-06 02:52:35.268067,28.425305,-81.497769,,,0.018,Discussion budget mother step left.,Mark Divide,Orlando,East Bryanstad,FL,52308,US,US/Eastern,KYkq,2019-08-06 00:28:35.268067,76.1,,68.9,31.11,10.3,S,19.6,0.0,Clear,False,False,False,False,False,False,False,False,True,False,False,False,False,Night,Night,Night,Night
A-4451700,Source1,2,2020-09-19 17:59:54.038557,2020-09-19 21:44:54.038557,29.889442,-95.35928,,,2.619,Physical bag year respond.,Fuentes Plain,Houston,Mcgeeberg,TX,16590,US,US/Eastern,KaGf,2020-09-19 17:47:54.038557,54.6,,100.3,28.62,5.4,VAR,0.0,0.0,Partly Cloudy,False,False,False,False,False,False,False,False,False,False,False,False,False,Day,Day,Day,Day
A-4035101,Source1,2,2023-05-08 18:41:44.136114,2023-05-08 18:58:44.136114,28.496107,-81.450688,28.506301,-81.452235,0.116,Then management office which.,Steele Mills,Orlando,East Thomaschester,FL,96719,US,US/Eastern,KGEj,2023-05-08 18:22:44.136114,21.7,,17.0,29.33,3.9,S,,0.08,Rain,False,False,False,False,False,False,False,False,False,False,False,False,False,Night,Day,Day,Day
A-2790707,Source1,2,2022-06-01 12:55:11.703855,2022-06-01 13:51:11.703855,44.846532,-93.386189,,-93.394434,1.409,Weight reality particularly audience.,Matthew Stream,Minneapolis,West Robert,MN,12678,US,US/Eastern,KMmH,2022-06-01 12:28:11.703855,48.8,0.0,109.7,29.04,9.8,WNW,4.4,,Partly Cloudy,False,False,False,False,False,False,False,False,False,False,False,True,False,Day,Day,Day,Day
A-1963548,Source1,3,2021-01-16 01:27:15.306991,2021-01-16 03:40:15.306991,25.768361,-80.43288,25.763715,-80.418042,0.72,Very conference area particularly apply artist wind.,Kari Hills,Miami,Marieberg,FL,99267,US,US/Eastern,KOOx,2021-01-16 01:18:15.306991,57.6,0.0,60.6,31.24,10.4,S,21.2,0.0,Fair,False,False,False,False,False,False,False,False,False,False,False,False,False,Night,Night,Night,Night
A-9811062,Source2,2,2024-01-10 16:41:02.488058,2024-01-10 18:21:02.488058,34.117726,-118.236975,,,0.805,Relate city activity finish.,Michael Radial,Los Angeles,New Janiceburgh,CA,74777,US,US/Eastern,KeJW,2024-01-10 16:29:02.488058,20.6,14.335305948085267,24.0,28.58,14.6,S,8.9,0.0,Fair,False,False,False,False,False,False,False,False,False,False,False,False,False,Day,Day,Day,Day
A-6249474,Source1,2,2019-10-03 05:53:37.220422,2019-10-03 06:08:37.220422,37.335112,-121.786279,,-121.784455,5.473,Service people walk age today myself phone.,Scott Forges,San Jose,Anthonyview,CA,67459,US,US/Eastern,KWFS,2019-10-03 05:44:37.220422,29.6,20.406892108006588,92.9,29.36,5.1,S,13.2,0.0,Clear,False,False,True,False,False,False,False,False,False,False,False,True,False,Night,Day,Day,Day
A-7905470,Source1,2,2023-03-23 12:45:07.555820,2023-03-23 13:32:07.555820,30.301708,-81.661587,,-81.655541,1.604,One audience son eat prevent then relate.,Gould Fort,Jacksonville,West Lisa,FL,57404,US,US/Eastern,KOyt,2023-03-23 12:30:07.555820,38.5,32.749384434762284,46.5,30.06,10.1,ESE,8.2,,Fair,False,False,False,False,False,False,False,False,False,False,False,False,False,Day,Day,Day,Day
A-7392401,Source2,2,2020-06-30 00:07:26.071997,2020-06-30 02:23:26.071997,34.064844,-81.04214,,-81.03365,3.012,Up four wrong near.,Fuentes Plaza,Columbia,East Kimberlyview,SC,17767,US,US/Eastern,KPzp,2020-06-30 00:02:26.071997,56.1,0.0,108.6,30.98,8.5,NE,15.0,0.0,,False,False,False,False,False,False,False,False,False,False,False,False,False,Night,Night,Night,Night
A-8507547,Source1,2,2022-04-22 23:06:01.024783,2022-04-23 02:27:01.024783,32.858233,-96.828222,32.860196,-96.828534,0.718,Fire that state exist agency.,Jason Forest,Dallas,North Aaron,TX,62905,US,US/Eastern,KYqc,2022-04-22 22:51:01.024783,82.8,0.0,66.0,29.69,10.3,WNW,15.0,0.0,Mostly Cloudy,False,False,False,False,False,False,False,False,False,False,False,False,False,Night,Night,Night,Night
A-3902383,Source1,2,2024-03-12 12:53:21.921931,2024-03-12 13:19:21.921931,32.808639,-96.881045,32.804954,,1.555,Science network would first need church sound.,Nathaniel Isle,Dallas,West Manueltown,TX,46486,US,US/Eastern,Khkl,2024-03-12 12:47:21.921931,58.5,0.0,28.2,28.71,9.8,,7.2,,Mostly Cloudy,False,False,False,False,False,False,False,False,False,False,False,False,False,Day,Day,Day,Day
A-9384858,Source2,2,2018-09-19 03:47:00.606216,2018-09-19 05:58:00.606216,34.048511,-118.263254,34.044834,,3.511,Daughter whom gun somebody door.,Turner Wells,Los Angeles,South Kimberlyville,CA,85344,US,US/Eastern,KMEd,2018-09-19 03:37:00.606216,77.9,,73.7,28.99,7.4,W,7.5,0.0,Clear,False,False,False,False,False,False,False,False,False,False,False,False,False,Night,Night,Night,Night
A-7600303,Source1,2,2025-07-22 10:55:49.456180,2025-07-22 14:41:49.456180,35.060643,-80.784018,,-80.780001,1.034,Market old strategy laugh clearly drop.,Donald Port,Charlotte,Marshallmouth,NC,30410,US,US/Eastern,Ksyh,2025-07-22 10:38:49.456180,112.5,0.0,72.7,31.61,10.7,E,0.0,,Scattered Clouds,False,False,False,False,False,False,False,False,False,False,False,False,False,Day,Day,Day,Day
A-4391981,Source2,2,2020-11-17 10:38:47.220958,2020-11-17 12:22:47.220958,28.620431,-81.186307,28.612852,-81.189506,0.285,Outside Mr learn firm almost.,Janet Mission,Orlando,South David,FL,63352,US,US/Eastern,KSka,2020-11-17 10:26:47.220958,76.3,0.0,57.4,29.92,9.0,SW,8.1,,Scattered Clouds,False,False,False,False,False,False,False,False,False,False,False,False,False,Day,Day,Day,Day
A-752235,Source2,3,2023-08-21 11:10:25.339573,2023-08-21 11:40:25.339573,32.753839,-96.785333,,-96.786495,2.401,Environment cut through.,Jenna Stream,Dallas,Monroeville,TX,19456,US,US/Eastern,KpPz,2023-08-21 10:49:25.339573,64.8,0.0,58.0,30.24,7.5,ESE,4.3,,Partly Cloudy,False,False,False,False,False,False,False,False,False,False,False,False,False,Day,Day,Day,Day
A-2384956,Source2,2,2021-09-13 00:56:23.052443,2021-09-13 02:05:23.052443,32.76408,-117.205144,,-117.204357,0.906,Current become cover amount.,Pollard Junctions,San Diego,North Michael,CA,47081,US,US/Eastern,KovD,2021-09-13 00:30:23.052443,32.7,21.693101264247616,54.7,28.15,11.5,WNW,15.8,0.0,Fair,False,False,True,False,False,False,False,False,False,True,False,False,False,Night,Night,Night,Night
A-5696573,Source2,2,2023-06-18 20:59:37.748393,2023-06-19 00:02:37.748393,25.669935,-80.163999,,,0.52,Where sing special product.,Johnson Springs,Miami,Heatherfort,FL,67258,US,US/Eastern,KWrs,2023-06-18 20:34:37.748393,21.1,0.0,74.6,30.01,7.7,NE,0.0,0.0,Cloudy,False,False,True,False,True,False,False,False,False,False,False,False,False,Night,Night,Night,Night
A-8083141,Source1,2,2020-03-10 19:46:17.755809,2020-03-10 22:22:17.755809,33.770147,-84.337268,,-84.333096,0.355,Scene out exactly above white network most might.,Jennifer Trail,Atlanta,South Nicholeville,GA,29527,US,US/Eastern,KiPx,2020-03-10 19:34:17.755809,77.0,0.0,51.7,28.82,11.7,NNW,3.2,0.0,Clear,False,False,False,False,False,False,False,False,False,False,False,False,False,Night,Night,Day,Day
A-5991237,Source1,2,2019-01-04 19:52:10.753116,2019-01-04 20:05:10.753116,25.803943,-80.346158,,,1.694,Picture manage step pattern.,Coleman Mews,Miami,Alvarezmouth,FL,50555,US,US/Eastern,KrLW,2019-01-04 19:32:10.753116,57.2,0.0,55.1,31.73,11.5,SSE,,,Mostly Cloudy,False,False,False,False,False,False,False,False,False,False,False,False,False,Night,Night,Day,Day
A-7758290,Source2,2,2025-07-15 13:05:33.481536,2025-07-15 16:35:33.481536,33.647523,-112.05978,33.63469,-112.05929,1.096,Phone likely real.,Sandra Path,Phoenix,Richardhaven,AZ,94791,US,US/Eastern,KcPE,2025-07-15 12:49:33.481536,96.0,0.0,,29.61,7.3,WSW,0.0,0.04,Light Rain,False,False,True,False,False,False,False,False,False,False,False,True,False,Day,Day,Day,Day
A-3490430,Source1,2,2020-05-11 18:31:34.436805,2020-05-11 19:44:34.436805,30.22078,-81.795301,30.209721,,1.684,Herself happen amount western million win contain.,Sutton Points,Jacksonville,New Cindy,FL,30099,US,US/Eastern,KAML,2020-05-11 18:11:34.436805,56.3,0.0,54.0,29.42,13.2,SE,0.0,0.0,Mostly Cloudy,False,False,False,False,False,False,False,False,False,False,False,False,False,Night,Day,Day,Day
A-2283269,Source2,2,2025-08-12 16:26:08.829479,2025-08-12 20:16:08.829479,30.466403,-91.136968,30.460824,,0.041,Little walk activity seek compare avoid help.,Eduardo Union,Baton Rouge,Brownstad,LA,20671,US,US/Eastern,KIYj,2025-08-12 16:05:08.829479,63.8,0.0,108.9,28.91,8.4,VAR,3.6,0.0,Mostly Cloudy,False,False,True,False,False,False,False,False,False,False,False,True,False,Day,Day,Day,Day
A-6997322,Source1,2,2020-11-10 05:09:30.845068,2020-11-10 08:45:30.845068,29.667966,-95.29699,29.657872,,0.83,Example region admit mean.,Kristine Island,Houston,New Cynthiaport,TX,83271,US,US/Eastern,KErS,2020-11-10 04:56:30.845068,52.5,0.0,70.0,29.61,9.8,N,0.0,0.0,Fair,False,False,False,False,False,False,False,False,False,False,False,False,False,Night,Day,Day,Day
A-9897808,Source1,2,2022-09-05 19:53:08.823838,2022-09-05 23:33:08.823838,37.629266,-77.495513,,,1.032,Focus activity chair.,Parker Pass,Richmond,East Peterhaven,VA,57690,US,US/Eastern,KVOo,2022-09-05 19:47:08.823838,71.1,0.0,56.1,27.7,10.4,SSE,12.3,0.0,Fair,False,False,False,False,False,False,False,False,False,False,False,False,False,Night,Night,Day,Day
A-3400130,Source2,2,2022-03-18 13:08:29.157532,2022-03-18 15:06:29.157532,25.881096,-80.212804,25.881756,,2.147,Another possible whole people least.,Boyd Inlet,Miami,Bryantborough,FL,69774,US,US/Eastern,KCjR,2022-03-18 13:03:29.157532,59.9,0.0,46.3,30.02,10.2,,5.3,0.0,Cloudy,False,False,False,False,False,False,False,False,False,False,False,False,False,Day,Day,Day,Day
A-1479963,Source2,3,2026-02-03 15:09:20.004334,2026-02-03 17:19:20.004334,34.020438,-118.305139,34.028918,,1.111,Life dark design move picture wife.,Amber Ridges,Los Angeles,Gouldport,CA,12685,US,US/Eastern,KXXq,,82.4,0.0,68.4,27.74,7.6,Calm,14.3,,Fog,False,False,False,False,False,False,False,False,False,False,False,False,False,Day,Day,Day,Day
A-9470487,Source2,3,2020-01-31 18:26:21.218661,2020-01-31 18:42:21.218661,33.593868,-112.049593,,-112.039573,0.883,Until resource carry near.,Martin Falls,Phoenix,South Christinachester,AZ,71402,US,US/Eastern,Knyr,2020-01-31 18:15:21.218661,48.4,41.89207169725435,78.2,29.37,6.7,SW,9.3,0.0,Fair,False,False,False,False,False,False,False,False,False,False,False,False,False,Night,Day,Day,Day
A-455619,Source1,2,2021-11-30 01:45:41.977431,2021-11-30 04:44:41.977431,33.998521,-118.283787,33.999664,-118.296301,1.862,Something total stay best.,Kimberly Summit,Los Angeles,East Katherineport,CA,74889,US,US/Eastern,Kprn,2021-11-30 01:40:41.977431,49.5,44.624066893683974,101.4,30.14,6.6,CALM,6.9,,Fair,False,False,False,False,False,False,False,False,False,False,False,False,False,Night,Night,Night,Night
A-5895505,Source2,2,2022-07-31 16:30:46.865552,2022-07-31 18:49:46.865552,39.751052,-86.040615,39.757914,-86.035665,0.452,Production over network.,Diaz Causeway,Indianapolis,Lake William,IN,63237,US,US/Eastern,KgCT,2022-07-31 16:22:46.865552,45.8,0.0,61.3,28.92,,SW,1.5,0.0,Clear,False,False,False,False,False,False,False,False,False,False,False,False,False,Day,Day,Day,Day
A-6802855,Source3,3,2020-01-25 01:45:55.084983,2020-01-25 05:44:55.084983,34.08372,-80.958333,34.092283,,1.086,Individual through around miss book live door food.,Welch Heights,Columbia,Williamberg,SC,38860,US,US/Eastern,Khvk,2020-01-25 01:16:55.084983,61.8,0.0,61.4,30.28,12.1,CALM,4.1,0.0,Fair,False,False,False,False,False,False,False,False,False,False,False,False,False,Night,Night,Night,Night
A-8379143,Source1,3,2018-03-09 01:43:17.193222,2018-03-09 05:14:17.193222,33.7023,-84.391588,,,2.722,Late door guy seat.,Daniel Mission,Atlanta,Braybury,GA,34606,US,US/Eastern,KpqF,2018-03-09 01:21:17.193222,103.5,,90.7,29.64,5.9,WNW,12.3,0.0,Cloudy,False,False,False,False,False,False,False,False,False,True,False,False,False,Night,Night,Night,Night
A-5986403,Source1,2,2019-09-28 10:15:31.676924,2019-09-28 13:20:31.676924,47.763649,-122.299859,,-122.300549,1.092,Reduce appear of leave despite.,Lauren Island,Seattle,Terrenceberg,WA,47576,US,US/Eastern,KXZR,2019-09-28 10:03:31.676924,40.4,,77.8,28.52,10.7,,14.5,0.0,Scattered Clouds,False,False,False,False,False,False,False,False,False,False,False,False,False,Day,Day,Day,Day
A-354592,Source1,2,2024-11-17 02:02:24.924538,2024-11-17 04:59:24.924538,35.850207,-78.606385,,,0.871,Writer machine onto popular.,Cox Spring,Raleigh,Fernandoport,NC,86890,US,US/Eastern,Kqzp,2024-11-17 01:45:24.924538,41.2,31.75417141334399,62.9,30.81,8.7,CALM,13.6,0.0,Overcast,False,False,False,False,False,False,False,False,False,False,False,True,False,Night,Night,Night,Night
A-4933683,Source1,2,2019-04-16 02:44:50.008225,2019-04-16 04:39:50.008225,36.167052,-86.885533,36.164659,-86.879906,0.758,Per indeed oil poor turn special true.,Rodriguez Light,Nashville,Port Diana,TN,39435,US,US/Eastern,Kabw,2019-04-16 02:34:50.008225,68.0,0.0,30.9,28.4,11.9,SE,14.1,0.0,Fair,False,False,False,False,False,False,False,False,False,False,False,False,False,Night,Night,Night,Night
A-4265813,Source2,2,2020-06-16 21:45:16.289561,2020-06-16 22:04:16.289561,47.614304,-122.310576,47.605494,,1.158,Power huge paper age scene development right.,Wong Bridge,Seattle,Wilsonville,WA,43483,US,US/Eastern,KzOG,2020-06-16 21:34:16.289561,52.9,,71.7,31.34,6.7,NNE,8.6,0.0,Overcast,False,False,False,False,True,False,False,False,False,False,False,False,False,Night,Night,Night,Night
A-5948517,Source1,2,2020-02-28 17:49:45.297097,2020-02-28 21:03:45.297097,38.714893,-121.369638,,,0.412,Within be worry major wonder indicate.,Brandon Ford,Sacramento,Timothyhaven,CA,24614,US,US/Eastern,KmDv,2020-02-28 17:31:45.297097,20.6,12.6988700040692,65.7,31.51,11.7,SSW,11.4,0.0,Cloudy,False,False,False,False,False,False,False,False,False,False,False,True,False,Day,Day,Day,Day
A-2911420,Source1,2,2026-03-04 19:31:51.393070,2026-03-04 23:01:51.393070,33.530233,-112.0721,33.537187,,2.603,Myself deal push same lay have artist.,Jaime Lodge,Phoenix,Adamsport,AZ,02458,US,US/Eastern,KTUq,2026-03-04 19:21:51.393070,34.3,29.432625586028497,65.5,29.39,8.9,South,,0.0,Fair,False,False,False,False,False,False,False,False,False,False,False,False,False,Night,Night,Day,Day
A-4742596,Source1,2,2022-03-28 06:42:05.501973,2022-03-28 10:08:05.501973,25.757879,-80.210357,,,0.406,Subject art theory American believe tell college turn.,Aaron Plaza,Miami,Robersonchester,FL,32452,US,US/Eastern,KTLL,2022-03-28 06:36:05.501973,87.5,0.0,85.5,29.96,5.1,CALM,5.2,0.0,Partly Cloudy,False,False,False,False,False,False,False,False,False,False,False,False,False,Day,Day,Day,Day
A-4591133,Source1,2,2019-02-16 16:21:26.858077,2019-02-16 16:35:26.858077,44.90802,-93.277503,44.89869,,1.5,Gun approach prevent city care response.,Michael Ferry,Minneapolis,Christopherside,MN,19129,US,US/Eastern,Kftg,2019-02-16 16:02:26.858077,58.0,0.0,81.8,29.71,8.3,CALM,11.1,0.0,Scattered Clouds,False,False,False,False,False,False,False,False,False,False,False,False,False,Day,Day,Day,Day
A-2047706,Source2,4,2024-02-29 04:49:03.816988,2024-02-29 08:21:03.816988,38.534849,-121.373487,38.540141,-121.380067,1.265,Rock real time someone.,Robinson Landing,Sacramento,West Sherryburgh,CA,51712,US,US/Eastern,KYdh,2024-02-29 04:43:03.816988,45.5,41.77927557662116,68.2,31.2,6.6,SW,5.3,0.0,Partly Cloudy,False,False,False,False,False,False,False,False,False,False,False,False,False,Night,Night,Day,Day
A-9453701,Source1,3,2021-08-28 21:00:59.703743,2021-08-28 23:05:59.703743,34.069615,-118.314841,,-118.310402,0.724,Quality prevent parent save.,Robert Parkway,Los Angeles,West Wayne,CA,03055,US,US/Eastern,KhEl,2021-08-28 20:44:59.703743,69.0,0.0,84.8,29.2,10.5,WNW,10.9,,Partly Cloudy,False,False,False,False,False,False,False,False,False,False,False,False,False,Night,Night,Night,Night
A-691086,Source2,2,2022-02-27 03:11:23.166762,2022-02-27 05:11:23.166762,25.608456,-80.350139,,,0.154,Page product art possible maybe husband.,Tricia Locks,Miami,New Christina,FL,39101,US,US/Eastern,KCYr,2022-02-27 02:46:23.166762,48.7,0.0,39.8,28.24,7.9,SSW,3.4,0.0,Fair,False,False,False,False,False,False,False,False,False,False,False,False,False,Night,Night,Night,Night
A-6448309,Source2,2,2025-09-13 04:29:16.082261,2025-09-13 05:35:16.082261,34.085104,-80.885522,,-80.888309,2.76,Day economy training.,Leblanc Shoals,Columbia,Hughesstad,SC,84800,US,US/Eastern,KjXl,2025-09-13 04:01:16.082261,43.7,0.0,65.2,29.31,12.3,SW,0.0,,Mostly Cloudy,False,False,True,False,False,False,False,False,False,False,False,False,False,Night,Night,Day,Day
A-2869625,Source2,2,2020-02-12 07:13:08.549767,2020-02-12 10:01:08.549767,25.834515,-80.273674,25.834091,,2.23,Protect full produce get within visit.,Carr Viaduct,Miami,Shaneberg,FL,60158,US,US/Eastern,KBFU,2020-02-12 07:01:08.549767,65.0,0.0,47.5,30.24,11.5,SSW,6.9,0.0,Smoke,False,False,False,False,False,False,False,False,False,False,False,False,False,Day,Day,Day,Day
A-9384113,Source1,2,2023-11-03 05:24:15.426771,2023-11-03 05:35:15.426771,30.286216,-97.706455,,,1.425,Arrive huge do reduce.,Brandon Rest,Austin,Hudsonshire,TX,55609,US,US/Eastern,KONy,2023-11-03 05:07:15.426771,56.1,,,29.39,3.7,CALM,5.6,,Overcast,False,False,False,False,False,False,False,False,False,False,False,False,False,Night,Day,Day,Day
A-6300797,Source1,2,2023-01-20 09:12:33.434578,2023-01-20 12:28:33.434578,25.786854,-80.256172,25.788421,,2.818,Democratic though certainly sea vote.,Meagan Falls,Miami,Lake Sharon,FL,91075,US,US/Eastern,KiGO,2023-01-20 08:55:33.434578,52.3,0.0,50.2,29.41,7.3,SE,,,Clear,False,False,False,False,False,False,False,False,False,False,False,False,False,Day,Day,Day,Day
A-6986805,Source1,2,2018-08-12 11:47:10.096767,2018-08-12 13:13:10.096767,38.704783,-121.357182,,-121.351023,1.767,Feel family language here material air address.,Davis Extensions,Sacramento,Terryborough,CA,49229,US,US/Eastern,Kelu,2018-08-12 11:18:10.096767,68.2,,78.2,29.67,2.7,WNW,16.5,0.0,Fair,False,False,False,False,False,False,False,False,False,False,False,False,False,Day,Day,Day,Day
A-8658339,Source2,2,2022-03-05 23:14:32.709972,2022-03-06 01:57:32.709972,25.599112,-80.174283,25.585289,-80.170168,1.11,Quality science impact full.,Alexander Road,Miami,West Donna,FL,66776,US,US/Eastern,KmQk,2022-03-05 23:09:32.709972,52.0,0.0,52.2,,7.3,SSE,10.8,0.0,Overcast,False,False,False,False,False,False,False,False,False,False,False,False,False,Night,Night,Night,Night
A-3344170,Source1,3,2019-01-25 09:46:24.120417,2019-01-25 11:04:24.120417,37.291812,-121.861592,37.296771,-121.849775,0.604,Book black attack partner speak east policy.,Bianca Summit,San Jose,East Ian,CA,70861,US,US/Eastern,KQHD,2019-01-25 09:24:24.120417,32.6,0.0,104.3,27.0,10.4,VAR,4.3,,Mostly Cloudy,False,False,False,False,False,False,False,False,False,False,False,False,False,Day,Day,Day,Day
A-82454,Source2,2,2020-08-13 22:15:36.635343,2020-08-14 00:42:36.635343,32.869373,-117.251949,32.871555,,0.89,College nature physical answer decision million gun.,Osborn Valleys,San Diego,North George,CA,38136,US,US/Eastern,KQkp,2020-08-13 21:55:36.635343,74.2,,64.9,30.15,13.5,Calm,7.9,0.0,Partly Cloudy,False,False,False,False,False,False,False,False,False,False,False,False,False,Night,Night,Night,Night
A-3971207,Source2,3,2024-10-20 18:19:29.619297,2024-10-20 19:18:29.619297,29.686575,-95.414725,29.694396,,0.449,Special manager glass type pass nor ready national.,Williamson Tunnel,Houston,New Andrewshire,TX,05843,US,US/Eastern,Kjhk,2024-10-20 18:13:29.619297,49.6,46.04553501574133,64.9,30.75,5.4,VAR,5.0,0.26,Light Rain,False,False,False,False,True,False,True,False,False,False,False,False,False,Night,Day,Day,Day
A-3588124,Source1,2,2018-11-01 14:25:21.584912,2018-11-01 15:01:21.584912,29.762776,-95.366726,,,1.123,Possible animal scientist conference stop.,Johnson Rue,Houston,North Leslie,TX,85176,US,US/Eastern,KAAD,2018-11-01 13:59:21.584912,74.6,0.0,92.2,30.49,10.3,N,11.1,0.0,Cloudy,False,False,False,False,False,False,False,False,False,False,False,False,False,Day,Day,Day,Day
A-5338933,Source2,2,2021-01-22 21:06:12.334525,2021-01-22 22:38:12.334525,38.559064,-121.346613,38.558911,,1.375,Yourself magazine still.,Joseph Hill,Sacramento,East Elizabeth,CA,00529,US,US/Eastern,KhUK,2021-01-22 20:52:12.334525,74.8,0.0,75.2,29.37,8.4,N,,0.0,Clear,False,False,False,False,False,False,True,False,True,False,False,False,False,Night,Night,Night,Night
A-6372837,Source1,2,2021-06-08 15:29:25.731929,2021-06-08 16:43:25.731929,45.073219,-93.348417,45.080451,,0.399,Action or attention focus rather his send.,Nelson Freeway,Minneapolis,Pattersonchester,MN,26058,US,US/Eastern,KWKX,,79.2,,,29.55,12.3,ENE,,,,False,False,False,False,False,False,False,False,False,False,False,False,False,Day,Day,Day,Day
A-2199500,Source2,3,2025-12-15 04:20:33.172616,2025-12-15 07:30:33.172616,30.414976,-97.789037,30.42922,,0.95,Color into half sign write fly per.,Allen Wall,Austin,North Katherinefurt,TX,21944,US,US/Eastern,KSWq,2025-12-15 04:09:33.172616,78.5,0.0,83.8,30.8,10.2,NNE,6.5,,Clear,False,False,False,False,False,False,False,False,False,False,False,False,False,Night,Night,Day,Day
A-540660,Source1,2,2018-07-29 19:32:34.754078,2018-07-29 20:44:34.754078,37.515893,-77.41673,,,1.314,East report baby situation deep.,Greene Loaf,Richmond,North Donald,VA,38753,US,US/Eastern,KEST,2018-07-29 19:20:34.754078,43.0,,28.4,31.6,6.8,W,4.0,0.0,Fair,False,False,False,False,False,False,False,False,False,False,False,False,False,Night,Night,Day,Day
A-9969514,Source2,3,2020-11-24 08:53:41.172390,2020-11-24 10:31:41.172390,28.455617,-81.49982,,,3.225,Happen none section eye.,Foster Ville,Orlando,North Anthonyland,FL,10125,US,US/Eastern,KKyQ,2020-11-24 08:45:41.172390,77.9,,62.7,28.88,10.2,CALM,13.0,,Fair,False,False,True,False,True,False,False,False,False,False,False,True,False,Day,Day,Day,Day
A-5621750,Source1,2,2025-01-18 13:25:18.093741,2025-01-18 14:53:18.093741,28.382433,-81.398236,,-81.393281,1.373,Carry like at.,Stewart Plains,Orlando,Howardberg,FL,04044,US,US/Eastern,KxdC,2025-01-18 13:12:18.093741,52.4,,96.6,29.0,5.9,South,11.9,0.0,Partly Cloudy,False,False,False,False,False,False,False,False,False,False,False,True,False,Day,Day,Day,Day
A-5435612,Source1,2,2019-05-27 21:01:10.554520,2019-05-28 00:47:10.554520,34.057307,-118.417945,34.058611,-118.409506,2.902,Language word amount environmental page western consumer woman.,Shannon Place,Los Angeles,Sherrimouth,CA,19568,US,US/Eastern,KuTx,2019-05-27 20:56:10.554520,58.9,,78.0,30.71,6.2,NNW,9.0,0.0,Mostly Cloudy,False,False,False,False,False,False,False,False,False,False,False,False,False,Night,Night,Night,Night
A-5536631,Source2,2,2021-06-01 17:26:25.132259,2021-06-01 18:33:25.132259,41.944823,-87.63286,,-87.63559,4.838,Its action various mother will.,Martin Turnpike,Chicago,Andrewton,IL,32277,US,US/Eastern,KOZc,2021-06-01 17:02:25.132259,69.9,0.0,51.1,27.2,5.4,ESE,2.2,0.0,Fair,False,False,False,False,True,False,False,False,False,False,False,False,False,Day,Day,Day,Day
A-4028,Source1,3,2018-11-03 20:32:56.787599,2018-11-04 00:00:56.787599,32.786287,-96.794844,32.7786,,0.351,Charge perhaps both instead attention field.,Tyrone Groves,Dallas,Williamsview,TX,24347,US,US/Eastern,KSse,2018-11-03 20:05:56.787599,50.3,,50.6,29.5,7.8,North,7.8,0.0,Fair,False,False,False,False,False,False,True,False,False,False,False,False,False,Night,Night,Night,Night
A-1490121,Source1,2,2019-02-01 11:55:11.644708,2019-02-01 13:00:11.644708,32.738821,-96.773811,32.752728,-96.776801,1.086,Traditional later appear.,Courtney Point,Dallas,East Anna,TX,20598,US,US/Eastern,KpwB,2019-02-01 11:29:11.644708,63.6,,43.4,30.37,7.3,S,11.1,,Fair,False,False,False,False,False,False,False,False,False,False,False,False,False,Day,Day,Day,Day
A-2842055,Source2,2,2018-05-13 06:22:23.575150,2018-05-13 10:18:23.575150,25.965835,-80.359168,,-80.349992,1.81,It team responsibility trade computer fast.,Brad Route,Miami,New Angelashire,FL,07460,US,US/Eastern,KknQ,2018-05-13 05:54:23.575150,52.7,0.0,41.3,30.28,1.2,SSE,7.1,0.0,Fair,False,False,True,False,False,False,False,False,False,False,False,True,False,Day,Day,Day,Day
A-9251491,Source1,2,2023-03-29 06:38:02.311015,2023-03-29 09:47:02.311015,36.047073,-86.798504,36.044298,-86.792645,0.928,Light no space college sense thought since.,Mcclain Glens,Nashville,Mcphersonfurt,TN,00618,US,US/Eastern,KLgX,2023-03-29 06:14:02.311015,104.1,0.0,47.9,30.77,10.3,W,0.5,,Fair,False,False,False,False,False,False,False,False,False,False,False,False,False,Day,Day,Day,Day
A-8130653,Source2,2,2018-09-20 22:22:45.104960,2018-09-21 02:16:45.104960,35.31496,-80.963075,,-80.960656,0.714,Artist involve best.,Gwendolyn Parks,Charlotte,Valeriemouth,NC,50038,US,US/Eastern,KVZx,2018-09-20 22:05:45.104960,54.2,,63.3,29.36,2.9,NNW,6.2,0.11,Light Rain,False,False,False,False,True,False,False,False,False,False,False,False,False,Night,Night,Night,Night
A-9871985,Source1,2,2023-08-24 05:52:40.588338,2023-08-24 06:40:40.588338,32.67881,-96.754576,32.673681,-96.749455,0.956,Oil capital strategy want despite security ahead its.,Hobbs Skyway,Dallas,Lake Kayla,TX,33465,US,US/Eastern,KzPS,2023-08-24 05:47:40.588338,87.0,0.0,76.6,29.58,4.6,SSE,13.5,0.15,Rain,False,True,False,False,False,False,False,False,False,False,False,False,False,Night,Day,Day,Day
A-5437156,Source2,3,2024-05-19 04:37:25.395151,2024-05-19 06:37:25.395151,35.772745,-78.672184,35.786448,-78.679472,2.434,Off member professional listen poor poor heavy.,Hall Trace,Raleigh,Campbellborough,NC,98332,US,US/Eastern,KNGF,2024-05-19 04:23:25.395151,56.9,0.0,53.1,26.79,10.0,SSW,7.1,0.0,Overcast,False,False,False,False,False,False,False,False,False,False,False,False,False,Night,Night,Day,Day
A-9875065,Source2,2,2019-08-20 16:06:30.315945,2019-08-20 19:30:30.315945,34.047199,-118.248236,34.045585,,0.179,Table likely manage through different old movement.,Matthew Flats,Los Angeles,Bautistaborough,CA,59894,US,US/Eastern,KyfN,2019-08-20 15:39:30.315945,64.5,,81.1,29.29,10.1,E,17.6,0.0,Mostly Cloudy,False,False,False,False,False,False,False,False,False,False,False,False,False,Day,Day,Day,Day
A-2777217,Source1,2,2018-10-15 06:02:24.315706,2018-10-15 08:28:24.315706,36.039218,-86.783669,36.043596,-86.794448,1.318,Ago machine under moment.,Jennifer Cliffs,Nashville,Freemanmouth,TN,36207,US,US/Eastern,Kywm,2018-10-15 05:55:24.315706,46.1,,66.0,29.48,11.4,CALM,0.0,,Overcast,False,False,False,False,False,False,False,False,False,False,False,False,False,Day,Day,Day,Day
A-1716429,Source2,3,2019-10-13 14:44:02.961730,2019-10-13 14:57:02.961730,29.556405,-98.416277,29.562256,-98.41253,0.006,Letter until section magazine.,Nicholas Lodge,San Antonio,Sandratown,TX,83299,US,US/Eastern,KqlK,2019-10-13 14:23:02.961730,60.8,0.0,56.1,28.32,13.2,NNW,0.0,0.0,Fair,False,False,True,False,False,False,False,False,False,False,False,False,False,Day,Day,Day,Day
A-8394856,Source2,2,2020-10-09 15:18:16.645393,2020-10-09 17:45:16.645393,34.056485,-118.146058,34.053887,-118.15099,2.129,List account anything simple avoid member.,Stein Roads,Los Angeles,East Traceytown,CA,76369,US,US/Eastern,KVWM,2020-10-09 14:58:16.645393,46.2,,43.1,29.16,4.2,SSE,14.4,,Fair,False,False,False,False,False,False,False,False,False,False,False,False,False,Day,Day,Day,Day
A-4523921,Source1,2,2023-10-08 18:12:35.968557,2023-10-08 20:36:35.968557,37.569249,-77.478901,37.578124,,0.323,Likely possible trade newspaper process him.,Monica Viaduct,Richmond,Wilsonmouth,VA,24995,US,US/Eastern,KYdE,2023-10-08 18:07:35.968557,6.3,-6.603045908527115,30.6,29.81,10.1,CALM,18.4,0.0,Mostly Cloudy,False,False,False,False,True,False,False,False,False,False,False,True,False,Night,Day,Day,Day
A-1001781,Source2,3,2024-08-07 16:05:52.282272,2024-08-07 17:14:52.282272,28.50141,-81.415969,28.51323,-81.41369,2.858,Skin include dinner song.,Crystal Row,Orlando,Port Carolynmouth,FL,52860,US,US/Eastern,KOKN,2024-08-07 15:41:52.282272,31.9,24.458875134562273,80.8,29.87,10.6,W,10.6,0.0,Fair,False,False,False,False,False,False,False,False,False,False,False,False,False,Day,Day,Day,Day
A-5922273,Source2,2,2025-07-06 05:54:15.022174,2025-07-06 09:42:15.022174,32.742701,-96.80989,32.739114,,3.155,Natural clearly stuff development trouble score.,Goodwin Isle,Dallas,South Travisport,TX,58671,US,US/Eastern,KPqg,2025-07-06 05:31:15.022174,79.7,0.0,46.7,29.59,10.0,WSW,11.3,,Light Snow,False,False,False,False,False,False,False,False,False,False,False,False,False,Night,Day,Day,Day
A-9476589,Source2,2,2025-01-29 20:54:11.163207,2025-01-30 00:41:11.163207,30.231983,-97.770768,,-97.773634,4.23,Everyone quickly ahead hotel professional.,Morris Drive,Austin,Keyside,TX,75147,US,US/Eastern,KsZl,2025-01-29 20:25:11.163207,48.4,,67.0,29.91,5.6,WNW,10.1,0.0,Fair,False,False,False,False,False,False,False,False,False,False,False,False,False,Night,Night,Night,Night
A-636122,Source1,2,2018-07-02 04:57:12.576412,2018-07-02 05:48:12.576412,29.74582,-95.66859,29.734781,-95.663333,1.502,College design community safe quality feeling prevent.,Sara Walk,Houston,Charlesberg,TX,23929,US,US/Eastern,KLIT,2018-07-02 04:39:12.576412,50.2,0.0,96.8,28.47,7.9,CALM,16.2,,Cloudy,False,False,False,False,False,False,False,False,False,False,False,False,False,Night,Night,Day,Day
A-2780918,Source1,2,2022-01-02 08:31:37.653587,2022-01-02 12:22:37.653587,28.423155,-81.46833,28.422187,-81.468445,1.763,Born take read response weight.,Cameron Run,Orlando,Wrightville,FL,19887,US,US/Eastern,KFTu,2022-01-02 08:07:37.653587,38.3,,82.1,30.51,8.6,NW,18.5,0.0,Cloudy,False,False,False,False,False,False,False,False,False,False,False,False,False,Day,Day,Day,Day
A-3022196,Source1,2,2023-02-27 18:13:52.291076,2023-02-27 21:07:52.291076,25.772392,-80.420949,25.785907,-80.404025,0.903,Either in simply vote firm.,Andrade Gardens,Miami,Floresville,FL,21821,US,US/Eastern,KrwI,2023-02-27 17:57:52.291076,30.8,25.716978714177202,,29.11,12.1,North,7.3,0.0,Fair,False,False,False,False,True,False,False,False,False,False,False,False,False,Night,Day,Day,Day
A-6366952,Source1,2,2022-02-28 08:27:53.339234,2022-02-28 12:06:53.339234,39.664029,-86.216077,39.656462,,1.532,Relate whole mean make finally central.,Margaret Burg,Indianapolis,Port Eric,IN,29430,US,US/Eastern,KHvk,2022-02-28 08:08:53.339234,32.8,,110.8,28.88,4.4,NW,5.7,0.0,Cloudy,False,False,False,False,False,False,False,False,False,False,False,False,False,Day,Day,Day,Day
A-1365033,Source1,2,2021-04-07 00:38:18.185430,2021-04-07 02:30:18.185430,33.730107,-84.326907,33.727977,-84.336407,2.015,National police despite read want.,Andre Points,Atlanta,Powersstad,GA,84950,US,US/Eastern,KpQe,2021-04-07 00:14:18.185430,53.9,0.0,74.5,29.87,11.9,W,11.2,0.0,Partly Cloudy,False,False,False,False,False,False,False,False,True,False,False,False,False,Night,Night,Night,Night
A-8270308,Source2,2,2022-09-15 18:03:01.805507,2022-09-15 21:15:01.805507,38.613593,-121.392333,38.613908,,1.162,Rather almost determine cut manage fall push.,Jamie Roads,Sacramento,Darlenefurt,CA,73411,US,US/Eastern,KIiF,2022-09-15 17:35:01.805507,71.2,0.0,98.5,29.27,5.6,NNE,11.1,0.3,Light Rain,False,False,True,False,False,False,False,False,False,False,False,False,False,Night,Day,Day,Day
A-3924313,Source1,3,2022-03-22 14:44:57.126092,2022-03-22 18:35:57.126092,30.511166,-91.174968,,,4.803,Life partner mention require student whatever become.,White Freeway,Baton Rouge,West Amanda,LA,10057,US,US/Eastern,KgRD,2022-03-22 14:20:57.126092,37.9,,108.3,29.15,7.1,ESE,18.5,0.0,Mostly Cloudy,False,False,False,False,False,False,False,False,False,False,False,False,False,Day,Day,Day,Day
A-9556933,Source1,2,2025-01-01 18:06:30.698641,2025-01-01 19:21:30.698641,33.585793,-111.982945,33.580098,,0.659,Movement marriage factor audience health.,Gonzales Mills,Phoenix,Fitzgeraldton,AZ,86682,US,US/Eastern,Kkco,2025-01-01 17:38:30.698641,40.9,0.0,82.0,27.41,,S,3.4,0.0,Fair,False,False,False,False,False,False,False,False,False,False,False,False,False,Night,Day,Day,Day
A-1695730,Source2,2,2018-04-12 07:22:59.693358,2018-04-12 08:43:59.693358,35.444922,-97.409711,35.461211,,3.947,Stage career easy people.,Joshua Street,Oklahoma City,Powersland,OK,53521,US,US/Eastern,KPTI,2018-04-12 07:03:59.693358,57.0,0.0,43.9,31.38,7.0,WSW,5.1,0.19,Light Rain,False,False,False,False,False,False,False,False,False,False,False,False,False,Day,Day,Day,Day
A-7443656,Source1,2,2024-12-11 16:53:18.036203,2024-12-11 20:07:18.036203,33.65362,-84.398715,33.654369,-84.411341,1.059,Force employee nearly.,Owens Ports,Atlanta,Nicholasmouth,GA,49724,US,US/Eastern,KDow,2024-12-11 16:45:18.036203,43.4,36.35752461891834,20.1,29.71,4.8,WNW,10.0,0.0,Fair,False,False,False,False,False,False,False,False,True,False,False,True,False,Day,Day,Day,Day
A-1885838,Source2,2,2024-04-06 11:57:21.511671,2024-04-06 14:56:21.511671,30.285901,-97.72809,30.292888,-97.73241,0.148,Seat responsibility end consumer pull after.,Ashley Mountain,Austin,Sheilaborough,TX,37734,US,US/Eastern,KtOU,2024-04-06 11:30:21.511671,55.1,0.0,92.6,28.23,7.4,SSE,0.0,0.0,Clear,False,False,False,False,False,False,False,False,False,False,False,False,False,Day,Day,Day,Day
A-6688563,Source1,2,2025-04-12 15:31:50.207591,2025-04-12 19:23:50.207591,28.096988,-82.386805,28.09463,,1.845,Door whatever area both president concern special.,Nicholas Corners,Tampa,Paulside,FL,72536,US,US/Eastern,KaqY,2025-04-12 15:18:50.207591,68.5,0.0,33.5,30.57,10.3,NNW,,,Overcast,False,False,False,False,False,False,False,False,False,False,False,False,False,Day,Day,Day,Day
A-5673341,Source1,2,2025-06-04 09:21:38.733370,2025-06-04 11:55:38.733370,29.589027,-98.470708,29.591028,-98.485488,0.935,Purpose individual staff tree yes wear.,Carlson Grove,San Antonio,Adamport,TX,53857,US,US/Eastern,KDVD,2025-06-04 09:10:38.733370,63.4,,62.5,,2.2,CALM,,0.0,Partly Cloudy,False,False,False,False,False,False,False,False,True,False,False,False,False,Day,Day,Day,Day
A-4208075,Source1,2,2025-06-04 08:52:59.315333,2025-06-04 12:30:59.315333,44.982438,-93.10792,,,1.66,Agreement news have reveal read history group.,Martha Courts,Saint Paul,Freybury,MN,11955,US,US/Eastern,KzZV,2025-06-04 08:28:59.315333,54.6,0.0,72.2,28.88,4.5,NNW,13.5,0.0,Fair,False,False,False,False,False,False,False,False,False,False,False,True,False,Day,Day,Day,Day
A-9780824,Source2,2,2025-08-03 16:29:01.792101,2025-08-03 18:56:01.792101,32.92463,-96.735807,32.92003,,3.453,Star find help church player bar it.,Brad Union,Dallas,Westton,TX,49471,US,US/Eastern,Kcjy,2025-08-03 16:01:01.792101,63.0,,74.2,27.81,9.4,SSW,9.0,0.0,Mostly Cloudy,False,False,False,False,False,False,False,False,False,False,False,False,False,Day,Day,Day,Day
A-131542,Source1,2,2022-05-18 23:22:52.686090,2022-05-19 03:03:52.686090,32.852293,-117.067758,,,3.337,Rather technology bed audience stay east.,Natalie Vista,San Diego,Port Mauriceville,CA,57401,US,US/Eastern,KCxi,2022-05-18 23:07:52.686090,70.6,,94.8,30.64,10.8,NNE,9.2,0.0,Mostly Cloudy / Windy,False,False,False,False,False,False,False,False,False,False,False,False,False,Night,Night,Night,Night
A-4782391,Source2,3,2020-04-04 07:23:24.730342,2020-04-04 11:15:24.730342,28.008482,-82.427857,28.017934,,0.342,Specific race employee morning think fear financial.,Patrick Stream,Tampa,Jessebury,FL,38024,US,US/Eastern,KOwj,2020-04-04 07:16:24.730342,77.1,,104.5,29.07,11.3,N,9.6,,Cloudy,False,False,False,False,False,False,False,False,False,False,False,False,False,Day,Day,Day,Day
A-519281,Source2,2,2024-02-01 18:37:07.375427,2024-02-01 20:05:07.375427,33.46407,-112.113059,,,2.475,Individual collection part gas.,Lopez Dam,Phoenix,South Kevin,AZ,36540,US,US/Eastern,KqIB,2024-02-01 18:16:07.375427,51.3,0.0,80.7,28.73,9.1,SE,10.6,0.0,Fair,False,False,False,False,False,False,False,False,False,False,False,False,False,Night,Day,Day,Day
A-1012601,Source1,2,2019-01-30 00:10:38.392615,2019-01-30 03:42:38.392615,28.622478,-81.314532,28.623875,,0.004,Care next development senior western.,Lowe Meadows,Orlando,West Diane,FL,54652,US,US/Eastern,KNAg,2019-01-29 23:55:38.392615,74.3,0.0,62.3,31.44,8.4,SSE,25.0,,Light Rain,False,False,False,False,False,False,False,False,False,False,False,False,False,Night,Night,Night,Night
A-9728507,Source1,2,2025-04-29 21:00:05.862856,2025-04-29 23:08:05.862856,29.809475,-95.297622,29.815533,-95.315453,2.068,Major official time pass clear traditional.,Sullivan Village,Houston,Port Cynthiamouth,TX,50693,US,US/Eastern,KpBr,2025-04-29 20:51:05.862856,84.5,0.0,77.7,30.46,13.7,WSW,,0.0,Clear,False,False,True,False,True,False,False,False,False,False,False,False,False,Night,Night,Night,Night
A-8563397,Source1,2,2019-06-06 22:10:31.368887,2019-06-06 23:35:31.368887,32.814309,-96.921072,32.828515,-96.931988,2.746,Wonder society role president continue hospital race opportunity.,Russell Island,Dallas,Kimberlyshire,TX,54926,US,US/Eastern,KkiE,2019-06-06 22:04:31.368887,55.2,,25.7,29.42,,S,0.0,0.0,Fog,False,False,False,False,False,False,False,False,False,False,False,True,False,Night,Night,Night,Night
A-2571180,Source1,2,2023-02-16 04:14:56.660790,2023-02-16 05:27:56.660790,25.818264,-80.332067,25.827709,,0.79,Glass thus it generation begin.,Mcdonald Throughway,Miami,Juanshire,FL,76451,US,US/Eastern,KLEu,2023-02-16 04:00:56.660790,63.7,0.0,65.0,27.67,3.5,NW,6.2,0.0,Clear,False,False,False,False,False,False,False,False,False,False,False,False,False,Night,Night,Day,Day
A-7973944,Source1,2,2020-01-24 21:54:12.111148,2020-01-25 00:50:12.111148,32.790233,-96.901157,,-96.893464,2.819,Tend someone production analysis reveal good light.,Evan Manor,Dallas,Murphyfurt,TX,17289,US,US/Eastern,KDEJ,2020-01-24 21:26:12.111148,51.9,0.0,42.3,30.22,15.3,SE,6.0,,Fair,False,False,False,False,False,False,False,False,True,False,False,False,False,Night,Night,Night,Night
A-1214752,Source2,4,2024-01-04 06:07:50.365093,2024-01-04 06:23:50.365093,32.895328,-96.713136,,-96.715012,1.302,Help year weight institution door.,Salinas Circles,Dallas,Port James,TX,30521,US,US/Eastern,KKsC,2024-01-04 05:47:50.365093,88.3,0.0,78.3,31.56,9.9,CALM,10.1,,Cloudy,False,False,False,False,False,False,False,False,False,False,False,False,False,Day,Day,Day,Day
A-113754,Source1,3,2018-12-08 14:51:24.311064,2018-12-08 15:41:24.311064,36.186699,-86.67917,36.193801,-86.684071,0.625,Just less source behind.,Jasmine Inlet,Nashville,Morganshire,TN,17607,US,US/Eastern,,2018-12-08 14:44:24.311064,74.1,,44.5,28.5,5.4,ENE,13.2,0.0,Fair,False,False,False,False,False,False,False,False,False,False,False,False,False,Day,Day,Day,Day
A-2882353,Source1,2,2020-11-09 12:09:14.312205,2020-11-09 14:34:14.312205,29.755832,-95.252758,,,2.989,Message tonight be system western.,Kimberly Manors,Houston,Elliottland,TX,96174,US,US/Eastern,Ksrp,2020-11-09 11:55:14.312205,112.1,0.0,49.8,31.4,8.4,NE,1.1,0.0,Mostly Cloudy,False,False,True,False,False,False,False,False,False,False,False,False,False,Day,Day,Day,Day
A-7164966,Source2,2,2022-01-17 09:17:52.371204,2022-01-17 12:27:52.371204,25.826094,-80.282923,25.844614,-80.282859,0.003,Court either be public.,Jason Road,Miami,South Ronald,FL,31541,US,US/Eastern,Kdqi,2022-01-17 09:09:52.371204,39.4,33.66472706341729,60.3,29.19,10.1,SW,8.1,0.0,Partly Cloudy,False,False,False,False,False,False,False,False,False,False,False,False,False,Day,Day,Day,Day
A-86669,Source1,2,2022-12-04 20:01:13.754055,2022-12-04 23:40:13.754055,33.414365,-111.938516,,-111.944479,0.693,Economic else recognize.,James Creek,Phoenix,Rachelhaven,AZ,87465,US,US/Eastern,KfjB,2022-12-04 19:37:13.754055,69.1,,97.0,30.13,14.7,NNW,11.2,0.0,Fair,False,False,False,False,False,False,False,False,False,False,False,False,False,Night,Night,Night,Night
A-2362652,Source2,2,2020-03-23 14:43:58.644989,2020-03-23 16:06:58.644989,35.81746,-78.627577,35.809763,,0.199,On week at question.,Barker Neck,Raleigh,Emilyshire,NC,22693,US,US/Eastern,KpHR,2020-03-23 14:30:58.644989,85.8,0.0,53.1,29.85,6.3,NNW,6.9,,Clear,False,False,False,False,False,False,False,False,False,False,False,False,False,Day,Day,Day,Day
A-8200371,Source1,2,2024-02-24 15:00:18.332260,2024-02-24 18:05:18.332260,30.236818,-97.747674,30.22985,-97.74549,0.817,Mrs chair ready.,Holt Bypass,Austin,Laurenhaven,TX,14083,US,US/Eastern,KvEd,2024-02-24 14:52:18.332260,44.3,,82.7,30.05,7.6,SSW,19.7,0.0,Partly Cloudy,False,False,False,False,False,False,False,False,False,False,False,False,False,Day,Day,Day,Day
A-8012751,Source2,2,2022-08-20 01:59:29.964576,2022-08-20 05:57:29.964576,35.090674,-80.898729,35.084243,,0.249,North design look myself head religious.,Richard Mount,Charlotte,Nelsonbury,NC,84223,US,US/Eastern,KUFU,2022-08-20 01:52:29.964576,55.1,0.0,87.1,29.64,11.2,NE,6.4,0.0,Mostly Cloudy,False,False,False,False,False,False,False,False,False,False,False,False,False,Night,Night,Night,Night
A-2243777,Source1,2,2020-07-06 03:04:43.500951,2020-07-06 04:14:43.500951,28.417815,-81.366983,28.419504,,3.784,Official girl home nation white so.,Gregory Station,Orlando,Josephville,FL,77400,US,US/Eastern,KQJw,2020-07-06 02:58:43.500951,75.9,0.0,77.7,29.56,9.4,NNW,2.9,0.0,Partly Cloudy,False,False,False,False,False,False,False,False,False,False,False,False,False,Night,Night,Night,Night
A-399384,Source2,2,2024-03-01 17:51:04.015855,2024-03-01 20:02:04.015855,45.048515,-93.336872,45.048378,-93.331897,0.687,Push quality international news thought imagine.,Gardner Hollow,Minneapolis,West Carlos,MN,82263,US,US/Eastern,Kexe,2024-03-01 17:36:04.015855,49.6,40.68428965279628,99.0,29.41,10.7,Calm,12.8,0.0,Cloudy,False,False,False,False,False,False,False,False,False,False,False,False,False,Day,Day,Day,Day
A-2485885,Source1,2,2019-07-01 03:36:31.378459,2019-07-01 04:17:31.378459,34.057091,-118.39879,34.056764,,2.797,Customer food development require view public.,Schultz Crossroad,Los Angeles,Yateshaven,CA,35548,US,US/Eastern,KfMQ,2019-07-01 03:11:31.378459,71.4,0.0,81.9,31.88,9.4,S,5.0,,,False,False,False,False,False,False,False,False,False,False,False,False,False,Night,Night,Night,Night
A-1581078,Source2,2,2020-01-04 06:15:03.266367,2020-01-04 09:12:03.266367,33.904282,-84.457549,33.899949,-84.454275,2.244,Much institution director people likely crime particular account.,Valerie Station,Atlanta,Lake Bobby,GA,54467,US,US/Eastern,Kxpx,2020-01-04 05:57:03.266367,68.6,0.0,53.3,29.27,10.4,,11.8,0.0,Fair,False,False,False,False,False,False,False,False,False,False,False,False,False,Day,Day,Day,Day
A-302254,Source1,2,2025-04-27 18:26:11.325677,2025-04-27 18:38:11.325677,29.475057,-98.560636,29.484937,-98.563437,0.629,President democratic owner day chair political recent.,Jeffrey Lakes,San Antonio,Williamschester,TX,38715,US,US/Eastern,KZOy,2025-04-27 18:15:11.325677,28.4,19.208317658244415,59.7,28.27,12.6,CALM,13.1,0.0,Fair,False,False,False,False,False,False,False,False,False,False,False,False,False,Night,Day,Day,Day
A-3575428,Source2,3,2024-12-29 06:47:13.417831,2024-12-29 10:16:13.417831,33.64452,-84.393696,33.64407,,0.676,Person mean ok well project.,Patricia Parks,Atlanta,Meltonmouth,GA,16867,US,US/Eastern,KXDZ,,94.5,0.0,68.0,28.34,10.5,SW,6.2,0.0,Cloudy,False,False,False,False,False,False,False,False,False,False,False,False,False,Day,Day,Day,Day
A-4479778,Source1,2,2023-08-23 12:16:59.095489,2023-08-23 14:02:59.095489,30.409409,-91.031978,,-91.035416,0.792,Model degree town them form.,Lori Knoll,Baton Rouge,Johnsonview,LA,95465,US,US/Eastern,KqdC,2023-08-23 12:02:59.095489,33.6,23.531685079508193,93.6,28.94,1.0,NW,14.4,0.22,Light Rain,False,False,False,False,False,False,False,False,False,False,False,False,False,Day,Day,Day,Day
A-6414900,Source1,3,2025-02-13 07:11:53.739265,2025-02-13 07:53:53.739265,28.553405,-81.49681,28.559787,,3.316,Let smile reason drop already room look.,Steven Isle,Orlando,West James,FL,33052,US,US/Eastern,Keiz,2025-02-13 06:44:53.739265,70.6,0.0,35.6,27.72,5.1,Variable,1.6,0.0,Cloudy,False,False,False,False,False,False,False,False,False,False,False,False,False,Day,Day,Day,Day
A-3252947,Source2,3,2022-09-09 10:33:15.501520,2022-09-09 11:33:15.501520,35.921749,-78.662634,35.92026,,1.813,Themselves plan sound quickly item year character.,Smith Fall,Raleigh,Lake Justinport,NC,60467,US,US/Eastern,KExc,2022-09-09 10:20:15.501520,65.2,0.0,57.7,28.92,7.3,SW,3.9,0.14,Light Rain,False,False,False,False,False,False,False,False,False,False,False,False,False,Day,Day,Day,Day
A-4091589,Source2,2,2024-11-11 13:36:23.549563,2024-11-11 17:23:23.549563,29.656916,-95.522263,29.647895,,0.022,Capital listen notice what skin.,Haynes Ford,Houston,Hamiltonburgh,TX,16428,US,US/Eastern,KbVO,2024-11-11 13:18:23.549563,75.2,0.0,64.1,29.24,7.2,CALM,,0.0,Clear,False,False,False,False,False,False,True,False,False,False,False,False,False,Day,Day,Day,Day
A-5244911,Source2,3,2022-04-11 17:39:07.157741,2022-04-11 18:54:07.157741,44.954566,-93.317698,,-93.319726,0.794,Customer feel Democrat it order.,Erika Greens,Minneapolis,West Robertoside,MN,63360,US,US/Eastern,KKrY,2022-04-11 17:31:07.157741,104.3,0.0,72.8,27.32,12.4,SSE,3.9,0.0,Clear,False,False,False,False,False,False,False,False,False,False,False,True,False,Day,Day,Day,Day
A-9677320,Source1,2,2021-11-21 13:13:19.389193,2021-11-21 16:52:19.389193,35.792984,-78.607563,35.790517,,0.887,Beautiful radio feeling picture her reflect break.,Michael Highway,Raleigh,New Matthewfurt,NC,57418,US,US/Eastern,KhUP,2021-11-21 12:57:19.389193,75.4,0.0,67.3,31.16,7.6,VAR,,0.0,Fair,False,False,False,False,False,False,False,False,False,False,False,False,False,Day,Day,Day,Day
A-7873437,Source1,2,2021-10-14 23:53:09.439834,2021-10-15 03:41:09.439834,32.74641,-96.759138,,,1.121,Staff run draw sport possible.,Bowers Place,Dallas,Port Carrieville,TX,48256,US,US/Eastern,Kjsa,2021-10-14 23:36:09.439834,33.6,28.934531321339296,,,10.1,N,6.7,0.22,Light Rain,False,False,False,False,False,False,False,False,False,False,False,True,False,Night,Night,Night,Night
A-9205373,Source2,2,2020-07-06 13:53:56.719111,2020-07-06 15:30:56.719111,30.292709,-97.657183,,-97.656429,0.399,Benefit need image try.,Jimenez Crossroad,Austin,Matthewside,TX,10988,US,US/Eastern,KpqT,2020-07-06 13:24:56.719111,69.8,0.0,108.9,29.2,12.6,W,5.5,0.0,Fair,False,False,False,False,True,False,False,False,False,False,False,False,False,Day,Day,Day,Day
A-9451824,Source1,2,2018-11-09 19:33:49.434938,2018-11-09 22:45:49.434938,29.898193,-95.471588,29.90038,-95.494205,1.363,Billion involve sister detail game on.,Maxwell Mills,Houston,New Stephanieton,TX,20844,US,US/Eastern,KtAl,2018-11-09 19:16:49.434938,50.4,0.0,80.8,30.86,8.6,Calm,,0.0,Mostly Cloudy,False,False,False,False,False,False,False,False,False,False,False,True,False,Night,Night,Day,Day
A-133306,Source1,2,2022-01-13 18:03:54.916262,2022-01-13 19:29:54.916262,25.804485,-80.424317,25.797601,-80.42207,2.698,Region customer group act.,Jackson Crescent,Miami,Stephensside,FL,63565,US,US/Eastern,KiWy,2022-01-13 17:49:54.916262,38.1,,81.2,29.36,8.0,Calm,0.0,,Mostly Cloudy,False,False,False,False,False,False,False,False,False,False,False,False,False,Night,Day,Day,Day
A-98086,Source1,3,2020-07-04 17:06:14.616591,2020-07-04 21:00:14.616591,36.114214,-86.753205,36.105388,,0.664,Film result machine high minute.,Garrett Point,Nashville,Farrellshire,TN,88390,US,US/Eastern,Kxwz,2020-07-04 16:41:14.616591,50.4,0.0,64.9,28.66,5.0,ESE,8.1,0.0,Clear,False,False,False,False,False,False,False,False,False,True,False,False,False,Day,Day,Day,Day
A-3149373,Source2,2,2021-12-27 14:10:06.657732,2021-12-27 14:47:06.657732,30.236029,-97.623223,30.233873,,0.99,Manager she check.,Stephen Roads,Austin,Peterfort,TX,49991,US,US/Eastern,KLJj,2021-12-27 13:46:06.657732,86.3,0.0,109.2,28.91,10.0,SE,0.0,0.0,Cloudy,False,False,False,False,False,False,False,False,False,False,False,False,False,Day,Day,Day,Day
A-4380080,Source2,3,2024-10-16 11:21:25.145664,2024-10-16 12:40:25.145664,45.09271,-93.024892,,,1.304,Green almost blue knowledge.,Heather Stravenue,Saint Paul,North Barbara,MN,15779,US,US/Eastern,KIZC,2024-10-16 11:16:25.145664,98.5,0.0,58.0,27.92,9.1,WSW,0.0,0.0,Fair,False,False,False,False,False,False,False,False,False,False,False,False,False,Day,Day,Day,Day
A-7320194,Source1,2,2022-04-17 06:23:52.315102,2022-04-17 08:04:52.315102,29.597973,-95.454685,29.591377,-95.46259,0.468,Market writer win always institution indeed.,Richard Roads,Houston,Port Destiny,TX,44471,US,US/Eastern,KzJS,2022-04-17 06:02:52.315102,63.3,0.0,72.2,28.55,12.1,SE,16.4,0.0,Mostly Cloudy,False,False,False,False,False,False,False,False,False,False,False,False,False,Day,Day,Day,Day
A-1530547,Source2,2,2022-03-04 15:32:13.884486,2022-03-04 16:17:13.884486,28.616542,-81.472485,28.623605,-81.469279,0.343,Understand about hour fall per everybody.,Durham Lights,Orlando,East Ann,FL,77695,US,US/Eastern,KEgz,2022-03-04 15:05:13.884486,64.5,0.0,100.8,28.41,7.5,CALM,9.9,0.0,Clear,False,False,True,False,False,False,False,False,False,False,False,True,False,Day,Day,Day,Day
A-7039164,Source2,2,2018-06-30 05:54:05.766695,2018-06-30 07:52:05.766695,32.7723,-96.846054,32.773542,,2.438,Off picture do free.,Jacob Branch,Dallas,Lindseytown,TX,73622,US,US/Eastern,KIbZ,2018-06-30 05:38:05.766695,85.9,0.0,-11.9,27.8,10.9,W,0.8,0.0,Fair,False,False,False,False,False,False,False,False,False,False,False,False,False,Night,Day,Day,Day
A-7955177,Source1,2,2021-11-18 22:10:55.709920,2021-11-19 00:14:55.709920,29.689606,-95.247947,,,0.967,Education join little of price.,Patricia Corner,Houston,Port Karen,TX,35816,US,US/Eastern,KVAZ,2021-11-18 22:01:55.709920,64.3,,93.3,30.19,9.5,S,13.8,,Fair,False,False,False,False,False,False,False,False,False,False,False,False,False,Night,Night,Night,Night
A-2458544,Source2,2,2025-05-21 18:08:49.043881,2025-05-21 18:28:49.043881,32.75995,-117.036029,32.764129,-117.034201,1.457,Begin campaign system add local office.,Christopher Mountain,San Diego,Riveraville,CA,81962,US,US/Eastern,KdLc,2025-05-21 17:45:49.043881,66.4,0.0,72.1,28.33,6.4,S,1.1,0.0,Cloudy,False,False,False,False,False,False,False,False,False,False,False,False,False,Night,Day,Day,Day
A-8100885,Source1,2,2021-01-07 18:28:12.818763,2021-01-07 21:05:12.818763,29.739206,-95.431767,29.736359,-95.418463,3.539,Power four different create economy tax huge.,Delgado Trail,Houston,South Christopher,TX,40161,US,US/Eastern,KpJT,2021-01-07 18:22:12.818763,52.6,,106.1,29.16,7.5,Variable,7.3,0.0,Fair,False,False,False,False,False,False,False,False,False,False,False,False,False,Night,Day,Day,Day
A-6695464,Source1,4,2023-03-15 10:24:38.683379,2023-03-15 12:19:38.683379,25.780065,-80.243834,25.779192,-80.254566,1.642,Nothing court always industry everything much son.,Johnny Crossroad,Miami,New Erikaville,FL,94165,US,US/Eastern,KQGL,2023-03-15 09:57:38.683379,55.2,0.0,85.7,28.11,7.5,SSW,3.5,,Fair,False,False,False,False,False,False,False,False,False,False,False,False,False,Day,Day,Day,Day
A-299685,Source1,2,2024-01-04 10:15:17.367282,2024-01-04 13:13:17.367282,30.232807,-97.762369,,,3.14,Prevent program amount sport.,Madison Burgs,Austin,East Alextown,TX,73919,US,US/Eastern,Krtr,2024-01-04 09:49:17.367282,33.3,28.758756713284207,63.1,30.49,9.9,VAR,6.5,,Fair,False,False,False,False,False,False,False,False,True,False,False,False,False,Day,Day,Day,Day
A-5467663,Source2,2,2018-05-29 11:15:34.615657,2018-05-29 14:20:34.615657,33.812321,-84.495809,33.804382,-84.496682,2.688,Others later soon fight law sure to pull.,Kayla Spurs,Atlanta,Matthewsshire,GA,19343,US,US/Eastern,KDgP,2018-05-29 11:07:34.615657,58.4,0.0,62.8,29.73,6.9,ESE,8.1,0.0,Fair,False,False,False,False,False,False,False,False,False,False,False,False,False,Day,Day,Day,Day
A-5203762,Source2,2,2025-11-22 03:48:52.418907,2025-11-22 04:11:52.418907,29.493705,-98.566463,29.496471,-98.558561,2.036,Source campaign represent notice source trouble.,Mckinney Expressway,San Antonio,New Tammyfurt,TX,29029,US,US/Eastern,KeFy,2025-11-22 03:36:52.418907,36.7,26.49960441489455,142.4,26.98,9.4,,14.5,0.0,Cloudy,False,False,False,False,False,False,False,False,False,False,False,False,False,Night,Night,Night,Night
A-8118915,Source1,2,2023-03-11 08:26:13.867945,2023-03-11 10:49:13.867945,37.285029,-121.880658,37.292557,,0.096,Specific build material discussion several.,Haley Plains,San Jose,North Frankberg,CA,35559,US,US/Eastern,KILy,2023-03-11 08:21:13.867945,61.9,0.0,83.4,29.42,8.5,W,2.5,,Cloudy,False,False,False,False,False,False,False,False,False,False,False,False,False,Day,Day,Day,Day
A-8711636,Source2,2,2023-04-20 16:53:35.906268,2023-04-20 18:26:35.906268,37.504438,-77.494063,,-77.500528,1.131,Enough state cause religious public back.,Tucker Locks,Richmond,North Nicole,VA,22356,US,US/Eastern,KKJp,2023-04-20 16:44:35.906268,54.6,,62.1,29.79,11.6,,10.1,0.0,Fair,False,False,False,False,False,False,False,False,False,False,False,False,False,Day,Day,Day,Day
A-8343198,Source1,2,2020-12-17 17:23:51.054208,2020-12-17 19:58:51.054208,35.255522,-80.929805,35.252402,,4.279,Writer although billion current also.,Gonzalez Loop,Charlotte,Sharonside,NC,11907,US,US/Eastern,KwZP,2020-12-17 17:04:51.054208,51.7,0.0,68.8,29.25,12.1,SW,8.3,0.0,Clear,False,False,False,False,False,False,False,False,False,False,False,False,False,Day,Day,Day,Day
A-3360795,Source2,3,2024-09-19 04:44:08.299137,2024-09-19 05:15:08.299137,25.802624,-80.236082,25.797711,-80.249105,0.065,Memory sell huge news girl dream.,Jeff Shore,Miami,North Janet,FL,61731,US,US/Eastern,KVzY,2024-09-19 04:16:08.299137,45.8,41.84081517706894,64.7,32.57,12.5,NW,5.6,0.0,Fair,False,False,True,False,False,False,False,False,False,False,False,False,False,Night,Night,Day,Day
A-3251223,Source1,2,2023-03-09 08:58:30.088352,2023-03-09 11:48:30.088352,32.833062,-96.880073,32.843883,-96.875935,0.108,Respond democratic rich door since specific.,Smith Underpass,Dallas,East Vincenthaven,TX,62988,US,US/Eastern,KoTX,2023-03-09 08:37:30.088352,65.6,0.0,82.5,27.74,11.4,S,13.1,0.0,Fair,False,False,False,False,False,False,False,False,False,False,False,False,False,Day,Day,Day,Day
A-547451,Source1,2,2022-01-02 11:03:48.887635,2022-01-02 12:11:48.887635,34.058153,-118.205973,34.070053,,0.655,Institution plant risk less.,Jesus Heights,Los Angeles,Angelaside,CA,00859,US,US/Eastern,KJhK,2022-01-02 10:58:48.887635,74.8,0.0,64.5,29.39,12.9,W,12.8,0.0,Haze,False,False,False,False,False,False,False,False,False,False,False,False,False,Day,Day,Day,Day
A-7879369,Source1,2,2023-01-03 05:08:23.309420,2023-01-03 06:50:23.309420,47.614549,-122.285781,47.613069,,1.942,Behind rock minute second evidence how certainly cause.,Wall Shoals,Seattle,East Samantha,WA,34173,US,US/Eastern,KSFz,2023-01-03 04:44:23.309420,54.3,0.0,50.6,31.27,10.1,S,14.2,,Fair,False,False,False,False,False,False,False,False,False,False,False,False,False,Night,Day,Day,Day
A-8846558,Source1,2,2022-08-27 21:40:25.572772,2022-08-28 00:51:25.572772,29.680842,-95.390312,29.683678,-95.383993,1.9,Tonight eye trouble analysis.,Ashley Lane,Houston,North Kristin,TX,38752,US,US/Eastern,KvHh,2022-08-27 21:29:25.572772,48.6,0.0,60.8,30.67,8.3,South,4.8,,Clear,False,False,True,False,False,False,False,False,False,False,False,False,False,Night,Night,Night,Night
A-8671203,Source1,2,2021-12-12 04:28:41.787748,2021-12-12 08:21:41.787748,30.267731,-81.890078,30.259971,,0.568,Floor meet tough.,Boyd Springs,Jacksonville,West Amanda,FL,86978,US,US/Eastern,KdOg,2021-12-12 04:02:41.787748,70.5,0.0,27.1,29.11,10.9,NNE,15.6,,Clear,False,False,False,False,False,False,False,False,False,False,False,False,False,Night,Night,Day,Day
A-7356779,Source1,2,2024-07-22 15:22:07.858874,2024-07-22 16:15:07.858874,28.535963,-81.237054,28.534466,-81.220023,0.852,Goal mention agent camera.,Timothy Valley,Orlando,East David,FL,03366,US,US/Eastern,KSna,2024-07-22 15:03:07.858874,67.8,,50.6,29.71,3.6,SE,8.1,,Fair,False,False,False,False,False,False,False,False,False,True,False,False,False,Day,Day,Day,Day
A-420866,Source1,2,2021-08-09 19:15:34.846822,2021-08-09 22:31:34.846822,39.798326,-86.063268,,,0.443,Parent see consumer within later road.,Jordan Locks,Indianapolis,Hallhaven,IN,08995,US,US/Eastern,KyLX,2021-08-09 19:06:34.846822,61.1,0.0,87.2,28.25,12.1,W,0.0,0.0,Clear,False,False,False,False,True,False,False,False,False,False,False,False,False,Night,Night,Day,Day
A-6356260,Source2,2,2018-08-06 12:26:01.264483,2018-08-06 13:24:01.264483,29.710317,-95.378563,29.698268,,2.067,Lose school reason ground science air.,Alexander Common,Houston,New Jerrymouth,TX,77708,US,US/Eastern,KYah,2018-08-06 12:19:01.264483,88.5,,93.8,29.27,,ESE,15.3,0.0,Clear,False,False,False,False,True,False,False,False,True,False,False,False,False,Day,Day,Day,Day
A-5762859,Source1,4,2019-10-10 06:41:23.422149,2019-10-10 07:29:23.422149,30.298387,-81.570893,30.299281,-81.551702,0.172,Song those method record different.,Watkins Isle,Jacksonville,Huberview,FL,82478,US,US/Eastern,KzAJ,2019-10-10 06:22:23.422149,41.5,33.8198678636684,72.1,29.55,5.1,VAR,11.0,0.0,Cloudy,False,False,True,False,True,False,False,False,False,False,False,False,False,Day,Day,Day,Day
A-4993343,Source2,2,2025-04-14 10:46:30.380121,2025-04-14 11:39:30.380121,37.616618,-77.49883,,-77.496742,2.244,Rich true garden increase drug once make.,Munoz Crossroad,Richmond,Lake Amberport,VA,70394,US,US/Eastern,KgpP,2025-04-14 10:32:30.380121,81.7,,69.7,29.06,8.8,E,15.9,0.0,Mostly Cloudy,False,False,False,False,False,False,False,False,False,False,False,False,False,Day,Day,Day,Day
A-2933687,Source1,3,2020-08-16 05:13:31.567094,2020-08-16 08:45:31.567094,34.021115,-118.256148,34.022833,-118.257055,0.62,Provide market month marriage consider painting.,Jason Path,Los Angeles,Chavezshire,CA,11722,US,US/Eastern,KOoY,2020-08-16 04:53:31.567094,66.3,0.0,61.3,28.7,11.9,NW,10.5,0.0,Partly Cloudy,False,False,False,False,False,False,False,False,False,False,False,False,False,Night,Day,Day,Day
A-9640995,Source2,2,2022-02-28 11:01:56.027302,2022-02-28 14:27:56.027302,29.834298,-95.342826,29.828382,,3.323,Know have hot big him fly.,Stone Keys,Houston,South Kimberlychester,TX,90375,US,US/Eastern,KUdT,2022-02-28 10:45:56.027302,72.0,0.0,7.0,28.85,12.5,NNW,4.1,0.0,,False,False,False,False,False,False,False,False,False,False,False,False,False,Day,Day,Day,Day
A-4782105,Source1,3,2022-04-22 06:44:38.484000,2022-04-22 07:24:38.484000,34.910006,-82.284631,34.90807,,0.795,Kid help reflect available get.,Michael Trail,Greenville,Lake Cheyenneland,SC,84568,US,US/Eastern,KhSs,2022-04-22 06:36:38.484000,59.4,0.0,10.2,28.72,7.6,NNW,12.9,,Fair,False,False,False,False,False,False,False,False,False,False,False,True,False,Day,Day,Day,Day
A-5829703,Source1,2,2021-07-31 19:56:14.913865,2021-07-31 23:42:14.913865,30.379878,-81.779697,,,1.754,Sign decide particular represent.,Patricia Cliff,Jacksonville,Port Samuel,FL,43854,US,US/Eastern,KpgD,2021-07-31 19:45:14.913865,51.0,,52.7,29.36,7.3,VAR,3.7,0.0,Partly Cloudy,False,False,False,False,False,False,False,False,False,False,False,False,False,Night,Night,Day,Day
A-159371,Source2,2,2019-06-23 16:44:32.722270,2019-06-23 20:22:32.722270,25.781426,-80.310868,,,1.868,Time study laugh time that there peace.,Walker Harbor,Miami,Gonzalezport,FL,03278,US,US/Eastern,KDTN,2019-06-23 16:33:32.722270,76.5,,,29.62,3.2,ENE,1.1,0.22,Rain,False,False,False,False,False,False,False,False,False,False,False,False,False,Day,Day,Day,Day
A-9811118,Source2,2,2026-01-02 09:59:12.812159,2026-01-02 13:47:12.812159,37.385984,-121.872029,,,1.223,Shake together suffer story.,Angela Gateway,San Jose,East Saraton,CA,86891,US,US/Eastern,KgCu,2026-01-02 09:41:12.812159,38.7,34.98220589770601,85.6,29.62,4.9,WNW,5.4,0.0,Scattered Clouds,False,False,False,False,False,False,False,False,False,False,False,False,False,Day,Day,Day,Day
A-4178059,Source1,2,2018-09-26 23:39:06.878832,2018-09-27 02:07:06.878832,41.778013,-87.602047,,,0.501,She red arrive consumer once those area level.,Price Greens,Chicago,North Angela,IL,71721,US,US/Eastern,KKTY,2018-09-26 23:23:06.878832,49.0,40.13967375392536,45.7,29.81,6.3,Variable,12.7,,Fair,False,False,False,False,False,False,False,False,False,False,False,False,False,Night,Night,Night,Night
A-8355152,Source2,2,2020-09-26 08:42:18.477962,2020-09-26 11:48:18.477962,29.90472,-95.511725,,,0.103,Attorney scientist arrive every necessary.,Frank Ferry,Houston,Thomasland,TX,65299,US,US/Eastern,KYZj,2020-09-26 08:22:18.477962,58.4,,50.7,30.14,11.4,N,13.3,0.0,Fair / Windy,False,False,False,False,False,False,False,False,False,False,False,False,False,Day,Day,Day,Day
A-7946271,Source1,2,2024-08-07 09:45:23.854734,2024-08-07 11:13:23.854734,25.716373,-80.338114,25.721167,,1.908,Expect bring analysis power.,Charles Mill,Miami,North Edwardtown,FL,37244,US,US/Eastern,KpFb,2024-08-07 09:33:23.854734,33.6,,74.0,30.95,4.4,WSW,3.9,0.0,Cloudy,False,False,False,False,False,False,False,False,False,False,False,False,False,Day,Day,Day,Day
A-6926575,Source2,2,2020-09-10 05:42:57.109146,2020-09-10 06:25:57.109146,35.212955,-80.875666,,,2.208,Girl turn wait almost brother quickly.,Horton Landing,Charlotte,Parkerstad,NC,60439,US,US/Eastern,KEcj,2020-09-10 05:25:57.109146,88.5,,52.7,30.7,11.8,WNW,4.3,0.0,Mostly Cloudy,False,False,False,False,False,False,False,False,False,False,False,False,False,Night,Day,Day,Day
A-280793,Source1,2,2024-09-19 09:41:24.656490,2024-09-19 10:55:24.656490,32.885132,-96.719801,,,2.459,Similar couple national teacher.,Sean Spur,Dallas,Samuelstad,TX,71741,US,US/Eastern,KTtT,2024-09-19 09:31:24.656490,49.5,,73.5,29.78,7.8,CALM,9.1,0.0,Thunder in the Vicinity,False,False,False,False,True,False,False,False,False,False,False,False,False,Day,Day,Day,Day
A-2762909,Source2,2,2020-02-16 18:13:55.220698,2020-02-16 19:19:55.220698,25.837505,-80.333191,,,3.045,Support wait industry dream manage ok.,Sandy Lake,Miami,Port David,FL,64013,US,US/Eastern,KSBv,2020-02-16 17:55:55.220698,57.1,,94.5,29.6,8.9,NNW,15.2,0.0,Overcast,False,False,False,False,False,False,False,False,False,False,False,False,False,Night,Day,Day,Day
A-4064868,Source2,2,2020-10-19 16:17:15.811583,2020-10-19 18:34:15.811583,33.733844,-84.427517,33.731277,-84.432322,4.481,Off affect fast water.,Jennifer Rest,Atlanta,Cisnerosstad,GA,31506,US,US/Eastern,KYkb,2020-10-19 15:50:15.811583,14.5,0.0,53.8,28.7,13.2,Calm,3.6,0.0,Partly Cloudy,False,False,False,False,False,False,False,False,False,False,False,False,False,Day,Day,Day,Day
A-1622774,Source1,2,2024-05-11 17:40:48.926462,2024-05-11 21:38:48.926462,35.8082,-78.617419,35.814252,-78.618566,1.187,Agree fund American bank.,Nicholas Islands,Raleigh,South Nicholastown,NC,17971,US,US/Eastern,KNIG,2024-05-11 17:35:48.926462,66.4,0.0,91.6,30.49,9.2,CALM,11.4,0.0,Mostly Cloudy,True,False,False,False,False,False,False,False,False,False,False,True,False,Day,Day,Day,Day
A-9984400,Source2,2,2021-02-23 02:20:20.731960,2021-02-23 04:48:20.731960,30.156063,-97.752443,30.16732,-97.743892,0.831,Life whose miss memory.,Smith Lake,Austin,Hendersonside,TX,24012,US,US/Eastern,KNXa,2021-02-23 01:52:20.731960,55.3,0.0,62.9,30.08,10.2,CALM,6.2,,Mostly Cloudy,False,False,False,False,False,False,False,False,False,False,False,False,False,Night,Night,Night,Night
A-7415584,Source2,3,2018-09-28 05:06:28.590389,2018-09-28 06:22:28.590389,30.312008,-97.841157,,-97.840993,0.454,Recognize side son dog husband.,Mullins Forges,Austin,New Marymouth,TX,34571,US,US/Eastern,KDAz,2018-09-28 04:47:28.590389,39.3,,48.0,28.66,1.8,E,1.6,0.0,Fair,False,False,False,False,False,False,False,False,False,False,False,False,False,Night,Day,Day,Day
A-10061,Source2,2,2020-07-24 07:57:57.779716,2020-07-24 09:22:57.779716,32.706189,-96.614672,,,1.906,Shoulder so local indicate small.,Ralph Corners,Dallas,Anthonyville,TX,19863,US,US/Eastern,KOFH,2020-07-24 07:45:57.779716,64.7,0.0,94.6,29.62,5.9,CALM,6.6,,Mostly Cloudy,False,False,False,False,False,False,False,False,False,False,False,False,False,Day,Day,Day,Day
A-1861192,Source2,3,2019-12-04 19:17:55.095943,2019-12-04 19:34:55.095943,34.05678,-118.222063,34.054512,-118.208374,1.862,Several but attention owner.,Kristy Light,Los Angeles,Jasonland,CA,86831,US,US/Eastern,KYyk,2019-12-04 19:00:55.095943,56.5,0.0,69.2,29.21,15.3,ENE,6.2,0.0,Clear,False,False,False,False,True,False,False,False,False,False,False,False,False,Night,Night,Day,Day
A-6325208,Source1,2,2023-03-08 08:29:00.127516,2023-03-08 10:42:00.127516,29.871315,-95.41549,,-95.407083,2.844,Keep include left agent most party might.,Smith Crossing,Houston,Sanfordmouth,TX,78402,US,US/Eastern,KiAl,2023-03-08 08:13:00.127516,59.3,0.0,56.5,28.76,14.1,Calm,2.9,0.0,Mostly Cloudy,False,False,False,False,False,False,False,False,False,False,False,False,False,Day,,Day,Day
A-2844354,Source2,3,2025-04-27 09:42:47.610468,2025-04-27 12:02:47.610468,32.801246,-96.870751,32.818117,-96.862929,1.255,Day their available senior.,Randy Flat,Dallas,Melaniestad,TX,52937,US,US/Eastern,KcCu,2025-04-27 09:32:47.610468,35.7,,22.9,30.21,11.5,NNE,,0.0,Mostly Cloudy,False,False,False,True,False,False,False,False,False,False,False,False,False,Day,Day,Day,Day
A-4341557,Source1,3,2019-09-22 16:06:11.444611,2019-09-22 17:54:11.444611,30.456596,-91.148449,,,0.603,Style soldier most choose general.,Rachel Street,Baton Rouge,Melissabury,LA,34031,US,US/Eastern,KsdD,2019-09-22 15:56:11.444611,58.5,,53.6,30.12,14.5,South,13.3,0.0,Haze,False,False,False,False,False,False,False,False,False,True,False,True,False,Day,Day,Day,Day
A-7576842,Source2,2,2024-06-15 16:26:04.645580,2024-06-15 18:12:04.645580,34.838699,-82.344922,34.846436,-82.338651,0.714,So office without need cultural back.,Cantu Walk,Greenville,Port Paulstad,SC,90254,US,US/Eastern,KAvi,2024-06-15 16:03:04.645580,52.0,,62.6,31.41,8.5,E,0.0,,Partly Cloudy,False,False,True,False,False,False,False,False,False,False,False,True,False,Day,Day,Day,Day
A-1916288,Source2,2,2019-07-23 15:36:39.730656,2019-07-23 16:21:39.730656,33.932766,-118.231012,,,0.786,Student your instead similar treatment.,Flores Mill,Los Angeles,Jamesborough,CA,64544,US,US/Eastern,KQHm,2019-07-23 15:23:39.730656,72.7,,76.6,30.33,3.2,NNW,7.4,,Partly Cloudy,False,False,False,False,False,False,False,False,False,False,False,False,False,Day,Day,Day,Day
A-3305979,Source1,2,2023-10-19 04:33:28.825328,2023-10-19 05:05:28.825328,35.286529,-80.807372,35.295861,-80.805844,0.59,Near environmental take bring.,Sanchez Inlet,Charlotte,New Calvinbury,NC,13714,US,US/Eastern,KwHf,2023-10-19 04:27:28.825328,87.1,0.0,89.4,31.23,6.2,NW,1.3,0.0,Partly Cloudy,False,False,False,False,False,False,False,False,False,False,False,False,False,Night,Night,Day,Day
A-8249071,Source1,2,2020-01-01 18:32:01.490553,2020-01-01 20:28:01.490553,25.904708,-80.272516,25.913,,1.557,Large program book feel other name already record.,George Plaza,Miami,Lake Deannaton,FL,93199,US,US/Eastern,KHNf,2020-01-01 18:27:01.490553,51.4,0.0,70.1,29.97,9.3,SE,14.9,0.0,Cloudy,False,False,False,False,False,False,False,False,False,False,False,False,False,Night,Day,Day,Day
A-4521772,Source2,2,2024-08-09 12:57:57.811347,2024-08-09 16:35:57.811347,38.508123,-121.439747,,-121.445783,2.09,Factor most race.,Edwards Groves,Sacramento,Jillview,CA,90967,US,US/Eastern,KHpc,2024-08-09 12:31:57.811347,76.9,0.0,78.6,29.63,10.5,SSE,0.0,0.0,Cloudy,False,False,False,False,False,False,False,False,False,False,False,False,False,Day,Day,Day,Day
A-894137,Source1,2,2023-04-02 14:28:28.280371,2023-04-02 17:54:28.280371,35.30487,-80.773825,,-80.770662,1.198,White none land health.,Hamilton Isle,Charlotte,Millertown,NC,32523,US,US/Eastern,Kybl,2023-04-02 14:09:28.280371,74.7,0.0,80.4,31.56,11.3,SE,10.5,,Cloudy,False,False,False,False,False,False,False,False,False,False,False,False,False,Day,Day,Day,Day
A-5985166,Source2,2,2023-10-26 17:29:20.329002,2023-10-26 18:22:20.329002,25.617649,-80.369561,25.62481,,0.643,Protect suffer one visit ready camera audience paper.,Martin Curve,Miami,South Kristina,FL,87553,US,US/Eastern,KAKW,2023-10-26 17:17:20.329002,62.9,0.0,70.2,29.13,13.3,NNE,0.0,0.0,Overcast,False,False,False,False,False,False,False,False,False,False,False,False,False,Day,Day,Day,Day
A-2847075,Source1,2,2021-06-07 00:41:40.092646,2021-06-07 02:38:40.092646,34.042084,-118.117815,34.038342,-118.119504,2.29,Enter story stop could center arrive phone.,Ortega Flat,Los Angeles,West Christopher,CA,26005,US,US/Eastern,KtDM,2021-06-07 00:34:40.092646,49.3,0.0,113.6,30.6,7.7,N,2.4,0.0,Mostly Cloudy,False,False,False,False,False,False,False,False,False,False,False,False,False,Night,Night,Night,Night
A-7965251,Source1,2,2020-05-25 16:59:31.794850,2020-05-25 18:31:31.794850,32.879559,-117.057242,,,1.253,Manager almost prevent discussion network free.,West Mall,San Diego,Boydberg,CA,96661,US,US/Eastern,KzCx,2020-05-25 16:36:31.794850,32.7,0.0,41.5,29.47,11.0,SSW,2.1,0.0,Fair,False,False,False,False,False,False,False,False,False,False,True,True,False,Day,Day,Day,Day
A-9713584,Source2,2,2023-12-31 04:33:03.335255,2023-12-31 05:27:03.335255,33.968275,-118.396556,33.973136,-118.407441,2.617,Sometimes fire effect security open security.,Keith Highway,Los Angeles,Williamside,CA,48533,US,US/Eastern,KdSn,2023-12-31 04:26:03.335255,51.1,,46.0,28.87,6.1,ESE,3.2,0.0,Fair,False,False,True,False,False,False,False,False,False,False,False,False,False,Night,Night,Day,Day
A-1387163,Source2,2,2019-02-24 14:34:59.284643,2019-02-24 18:07:59.284643,45.44899,-122.726896,45.451819,-122.715631,0.351,Light maintain beyond.,Hughes Street,Portland,Baldwintown,OR,87339,US,US/Eastern,KlXC,2019-02-24 14:08:59.284643,59.9,0.0,91.9,28.63,,NNW,9.1,,Cloudy,False,False,False,False,False,False,False,False,False,False,False,True,False,Day,Day,Day,
A-1283415,Source1,2,2020-11-29 21:29:08.735711,2020-11-30 00:34:08.735711,30.322176,-81.693306,,-81.694853,0.798,Project hope miss officer interview.,Jacqueline Rue,Jacksonville,South Jeremy,FL,62703,US,US/Eastern,KQoI,2020-11-29 21:15:08.735711,97.0,0.0,60.1,28.89,12.9,N,2.7,0.0,Clear,False,False,False,False,False,False,False,False,False,False,False,False,False,Night,Night,Night,Night
A-6734041,Source1,3,2019-04-24 18:59:22.678365,2019-04-24 20:58:22.678365,25.726074,-80.206371,25.722439,-80.223,1.523,Example black small rule.,Thompson Islands,Miami,South Allison,FL,96695,US,US/Eastern,KfqM,2019-04-24 18:39:22.678365,46.7,,34.5,29.96,4.5,VAR,10.9,,Fair,False,False,False,False,False,False,False,False,False,False,False,False,False,Night,Day,Day,Day
A-7000557,Source1,3,2021-06-04 04:32:36.855735,2021-06-04 08:01:36.855735,34.093032,-118.358168,,-118.375425,0.286,Color respond late near.,Robert Forest,Los Angeles,Berryville,CA,19538,US,US/Eastern,KOOd,2021-06-04 04:09:36.855735,63.9,,66.6,30.85,11.8,WSW,5.4,0.0,Fair,False,False,False,False,False,False,False,False,False,False,False,False,False,Night,Night,Day,Day
A-5260255,Source1,2,2019-04-22 16:09:18.047536,2019-04-22 17:44:18.047536,44.831833,-93.333966,44.843523,-93.327216,1.73,Often avoid lay eye result.,Taylor Plains,Minneapolis,Port Kathyberg,MN,52609,US,US/Eastern,KHqK,2019-04-22 15:57:18.047536,55.3,,79.1,30.87,4.1,SSW,2.0,,Mostly Cloudy,False,False,False,False,False,False,False,False,False,False,False,False,False,Day,Day,Day,Day
A-2943130,Source2,2,2019-03-13 21:25:32.087244,2019-03-13 22:37:32.087244,33.990198,-118.23273,33.985088,-118.239944,2.128,How dark story another.,Wilkins Tunnel,Los Angeles,Welchborough,CA,16789,US,US/Eastern,Kcqn,2019-03-13 21:19:32.087244,60.6,0.0,42.4,29.0,8.2,S,12.7,0.0,Partly Cloudy,False,False,False,False,False,False,False,False,False,False,False,False,False,Night,Night,Night,Night
A-4470811,Source1,2,2018-05-09 11:14:01.348884,2018-05-09 15:00:01.348884,27.98291,-82.395053,27.985901,,2.2,Call produce cell another I go good.,Carrillo Plain,Tampa,Jodichester,FL,13688,US,US/Eastern,KbEC,2018-05-09 11:09:01.348884,38.7,29.65506896512769,87.9,29.94,10.8,NW,13.0,,Partly Cloudy,False,False,False,False,False,False,False,False,False,False,False,False,False,Day,Day,Day,Day
A-3017327,Source1,2,2025-10-04 01:39:21.777837,2025-10-04 04:34:21.777837,45.547084,-122.637948,45.544839,,2.773,Easy nice Mr ever key attack gas.,Matthew Summit,Portland,West Brittanyhaven,OR,17198,US,US/Eastern,Kqfj,2025-10-04 01:20:21.777837,75.0,0.0,69.4,28.39,8.1,WSW,16.5,0.0,Partly Cloudy,False,False,False,False,False,False,False,False,False,False,False,False,False,Night,Night,Night,Night
A-3786645,Source2,2,2022-01-10 02:15:05.428653,2022-01-10 03:32:05.428653,30.317239,-97.639181,30.325327,-97.639387,0.373,Sport impact describe land join.,Santos Crossroad,Austin,Port Heather,TX,12764,US,US/Eastern,KNIX,2022-01-10 01:52:05.428653,67.2,0.0,56.9,28.94,10.9,SW,14.1,0.0,Fair,False,False,False,False,False,False,False,False,False,False,False,False,False,Night,Night,Night,Night
A-7643373,Source2,2,2020-02-11 03:23:39.701621,2020-02-11 06:24:39.701621,29.915307,-95.544089,29.901615,-95.541395,0.776,Around moment picture space author full.,Rosario Fort,Houston,East Sandraberg,TX,50635,US,US/Eastern,KwPe,2020-02-11 03:12:39.701621,68.9,,90.8,30.01,10.1,NNW,4.5,,Scattered Clouds,False,False,False,False,False,False,False,False,False,False,False,False,False,Night,Night,Night,Night
A-9029278,Source2,2,2024-12-31 08:10:30.317603,2024-12-31 09:55:30.317603,45.500055,-122.655284,45.504839,,1.782,Fund most body order seven after.,Sheryl Square,Portland,Vasquezburgh,OR,53876,US,US/Eastern,KbKn,2024-12-31 07:59:30.317603,68.4,,69.9,30.64,7.5,CALM,12.9,0.0,Cloudy,False,False,False,False,False,False,False,False,False,False,False,True,False,Day,Day,Day,Day
A-3340725,Source1,2,2024-11-25 13:28:32.846517,2024-11-25 15:16:32.846517,36.198958,-86.733822,,-86.738588,1.134,Husband modern movie sit out woman hundred.,Duke Green,Nashville,North Nicolebury,TN,39100,US,US/Eastern,KPWg,2024-11-25 13:04:32.846517,45.9,41.468465047638425,73.9,28.61,6.9,SSW,6.3,0.19,Light Rain,False,False,False,False,False,False,False,False,False,False,False,False,False,Day,Day,Day,Day
A-9972768,Source2,2,2024-01-18 22:21:01.299095,2024-01-18 23:05:01.299095,47.540931,-122.327423,47.529439,,2.54,Once police fall down cause across.,Holden Terrace,Seattle,Frankfort,WA,33292,US,US/Eastern,KZJk,2024-01-18 22:13:01.299095,65.0,0.0,99.7,31.69,9.4,S,5.7,,Scattered Clouds,False,False,False,False,False,False,False,False,False,False,False,False,False,Night,Night,Night,Night
A-708903,Source1,2,2018-10-08 17:15:37.734054,2018-10-08 19:44:37.734054,33.985225,-118.288204,33.992358,,1.015,Herself should business key accept.,Steven Heights,Los Angeles,Clarkstad,CA,04008,US,US/Eastern,KUgZ,2018-10-08 17:08:37.734054,83.3,,91.7,30.26,9.2,Calm,1.1,0.0,Scattered Clouds,False,False,False,False,False,False,False,False,False,False,False,False,False,Day,Day,Day,Day
A-4327667,Source1,2,2026-02-02 00:31:06.381197,2026-02-02 02:51:06.381197,35.500152,-97.562466,,,2.743,Official walk lead experience name expert assume.,Robert Extension,Oklahoma City,Patriciamouth,OK,67196,US,US/Eastern,KxtW,2026-02-02 00:17:06.381197,64.5,0.0,75.1,29.6,8.8,ESE,,,Fair,False,False,False,False,False,False,False,False,False,False,False,False,False,Night,Night,Night,Night
A-9686726,Source1,2,2024-11-06 16:53:42.327327,2024-11-06 19:10:42.327327,30.402706,-91.055596,,,0.464,People debate land do police about rule.,Charles Gateway,Baton Rouge,Griffithchester,LA,78375,US,US/Eastern,KBUm,2024-11-06 16:34:42.327327,44.0,,54.7,30.38,12.7,WNW,,0.0,Fair,False,False,False,False,False,False,False,False,False,False,False,False,False,Day,,Day,Day
A-6409214,Source2,2,2024-09-23 14:26:45.889740,2024-09-23 16:25:45.889740,33.974478,-84.401516,33.964141,,2.773,Everything policy firm environment better example cover.,Daniel Field,Atlanta,Lancestad,GA,11533,US,US/Eastern,KJcG,2024-09-23 14:15:45.889740,94.0,0.0,100.9,28.59,8.4,SE,14.2,0.0,Fair,False,False,False,False,False,False,False,False,False,False,False,False,False,Day,Day,Day,Day
A-3400813,Source2,2,2025-04-04 10:07:36.553933,2025-04-04 13:15:36.553933,25.876677,-80.364397,25.883867,-80.379327,0.448,Per tonight maybe assume green so.,Jeffrey Walk,Miami,South Crystal,FL,07746,US,US/Eastern,KIHD,2025-04-04 09:43:36.553933,49.2,0.0,46.7,28.79,8.2,,2.7,,Overcast,False,False,False,False,False,False,False,False,False,False,False,True,False,Day,Day,Day,Day
A-5963686,Source1,2,2019-11-06 15:24:46.720267,2019-11-06 19:17:46.720267,30.352232,-97.752626,30.361033,-97.751151,0.27,Program activity marriage suddenly determine almost.,Schwartz Via,Austin,Gregoryborough,TX,49787,US,US/Eastern,KVJg,2019-11-06 15:13:46.720267,46.0,,64.5,31.07,7.0,ENE,6.7,0.0,Fair,False,False,False,False,False,False,False,False,False,False,False,True,False,Day,Day,Day,Day
A-5941758,Source1,2,2022-10-12 19:48:23.819399,2022-10-12 20:56:23.819399,35.235135,-80.797226,35.231683,-80.802192,0.099,Authority note energy garden trip size.,Williamson Unions,Charlotte,Mathewsshire,NC,27429,US,US/Eastern,KgRm,2022-10-12 19:25:23.819399,82.6,,94.4,29.54,7.4,Calm,,0.0,Overcast,False,False,False,False,False,False,False,False,False,False,False,True,False,Night,Night,Day,Day
A-7807187,Source2,2,2019-09-30 02:23:06.976367,2019-09-30 05:57:06.976367,29.905437,-95.510535,29.893382,,2.147,Like want fund share create data.,Sharon Stravenue,Houston,West Robyntown,TX,22849,US,US/Eastern,KPTB,2019-09-30 02:13:06.976367,47.6,,68.2,29.32,9.9,SW,4.3,0.0,Overcast,False,False,False,False,False,False,False,False,False,False,False,False,False,Night,Night,Night,Night
A-7390903,Source1,3,2025-11-21 09:12:55.101964,2025-11-21 09:50:55.101964,32.667805,-117.195434,,,2.779,Leg whose stage father agent nothing.,Robert Branch,San Diego,South Bradburgh,CA,88814,US,US/Eastern,KRTl,,63.8,0.0,58.7,28.71,10.6,ENE,2.2,0.0,Mostly Cloudy,False,False,False,False,False,False,False,False,False,False,False,False,False,Day,Day,Day,Day
A-2640197,Source2,2,2024-03-30 00:47:17.613128,2024-03-30 02:00:17.613128,39.748465,-85.998687,39.738294,-86.010992,1.0,Those light health process conference full performance.,Tamara Shoal,Indianapolis,New Matthew,IN,42569,US,US/Eastern,KCvu,2024-03-30 00:20:17.613128,83.8,0.0,20.5,28.67,11.3,NE,3.0,,Fair,False,False,False,False,False,False,False,False,False,False,False,False,False,Night,Night,Night,Night
A-7102267,Source2,2,2020-12-22 20:17:13.273314,2020-12-22 22:41:13.273314,44.96482,-93.033067,,,1.004,Time sign within high light.,Kayla Heights,Saint Paul,Matthewsstad,MN,51816,US,US/Eastern,Kmev,2020-12-22 19:58:13.273314,60.3,0.0,85.7,30.33,8.5,SE,,0.0,Haze,False,False,False,False,False,False,False,False,False,False,False,True,False,Night,Night,Night,Night
A-3272480,Source2,2,2018-09-12 13:44:57.303634,2018-09-12 15:47:57.303634,35.204644,-80.829508,,-80.811322,0.492,Director thus center music finish more rather clear.,Victoria Course,Charlotte,South Kim,NC,51326,US,US/Eastern,KlIZ,2018-09-12 13:18:57.303634,34.1,20.412467839613107,60.2,29.84,8.7,,19.6,,Clear,False,False,False,False,False,False,False,False,False,False,False,False,False,Day,Day,Day,Day
A-6798568,Source2,2,2021-08-06 12:09:28.377669,2021-08-06 12:51:28.377669,35.212558,-80.870206,,,0.435,Ready agency church fear three.,Preston Forges,Charlotte,Theresaland,NC,68093,US,US/Eastern,KjGg,2021-08-06 12:00:28.377669,46.6,,70.3,30.78,4.6,SSW,12.2,,Mostly Cloudy,False,False,False,False,False,False,False,False,False,False,False,False,False,Day,Day,Day,Day
A-6799982,Source1,2,2023-11-25 10:03:07.339504,2023-11-25 12:34:07.339504,32.732084,-96.872107,,,3.868,Money at pretty stock ok upon serious seem.,Parker Forest,Dallas,West Jason,TX,21918,US,US/Eastern,KbmL,2023-11-25 09:57:07.339504,63.1,,72.0,29.85,10.1,E,16.5,,Mostly Cloudy,False,False,True,False,False,False,False,False,False,False,False,False,False,Day,Day,Day,Day
A-5112375,Source2,2,2023-07-15 20:28:07.500784,2023-07-15 21:26:07.500784,35.828135,-78.586426,,,4.485,Not certain mother.,Pierce Valleys,Raleigh,Gregoryhaven,NC,53631,US,US/Eastern,Klse,2023-07-15 20:18:07.500784,45.0,,108.0,29.81,4.4,Calm,0.1,0.0,Partly Cloudy,False,False,False,False,False,False,False,False,False,False,False,True,False,Night,Night,Night,Night
A-1848019,Source2,3,2025-08-28 09:22:09.188920,2025-08-28 10:31:09.188920,32.879139,-96.853464,32.86764,-96.845626,2.134,Talk change attack Mrs sound series our account.,Lauren Mountain,Dallas,Port Tristanport,TX,77567,US,US/Eastern,KXci,2025-08-28 08:56:09.188920,53.6,0.0,83.1,29.85,,NW,9.2,0.24,Light Rain,False,False,False,False,False,False,False,False,False,False,False,True,False,Day,Day,Day,Day
A-8989931,Source1,3,2025-03-21 07:41:04.969056,2025-03-21 08:53:04.969056,39.781063,-86.225715,39.772342,-86.214534,0.178,Billion despite assume them who per should.,Roy Mills,Indianapolis,West Barrystad,IN,91486,US,US/Eastern,Kurf,2025-03-21 07:13:04.969056,40.8,30.40792109473596,114.7,28.39,10.8,NNW,14.8,0.0,Mostly Cloudy,False,False,False,False,False,False,False,False,False,False,False,False,False,Day,Day,Day,Day
A-5562896,Source1,2,2018-05-02 05:15:34.618942,2018-05-02 06:22:34.618942,29.776052,-95.444963,,-95.438893,0.189,Traditional among rate central.,Heather Keys,Houston,Lake Jesus,TX,83661,US,US/Eastern,Kchg,2018-05-02 05:07:34.618942,67.4,0.0,44.3,29.98,10.8,SW,0.0,0.0,Fair,False,False,False,False,False,False,False,False,False,False,False,False,False,Night,Day,Day,Day
A-6274399,Source2,2,2025-03-20 20:36:58.512790,2025-03-20 22:22:58.512790,25.789948,-80.285975,,-80.281946,0.35,Generation sure strong.,Matthew Courts,Miami,East Laurenbury,FL,34533,US,US/Eastern,KvhI,2025-03-20 20:23:58.512790,28.6,19.606493801099802,112.2,,7.2,ESE,12.8,0.0,Partly Cloudy,False,False,False,False,True,False,False,False,False,False,False,False,False,Night,Night,Night,Night
A-6012446,Source1,2,2025-04-06 16:39:46.276731,2025-04-06 18:07:46.276731,25.80286,-80.267289,,,1.454,Specific person street create.,Albert Station,Miami,Perkinsmouth,FL,66921,US,US/Eastern,KKIu,2025-04-06 16:13:46.276731,,,44.7,29.79,7.0,Calm,11.5,0.0,Mostly Cloudy,False,False,False,False,False,False,False,False,False,False,False,False,False,Day,Day,Day,Day
A-1642631,Source1,2,2020-08-19 09:37:11.329087,2020-08-19 11:18:11.329087,29.715646,-95.432244,,-95.425919,1.186,Myself summer enjoy produce since far.,Carpenter Rapids,Houston,Lake Angie,TX,05068,US,US/Eastern,KnLK,2020-08-19 09:19:11.329087,55.3,0.0,31.7,28.13,10.3,South,18.0,0.0,Fair,False,False,False,False,False,False,False,False,False,False,False,False,False,Day,Day,Day,Day
A-2667789,Source1,2,2019-10-29 00:20:49.451097,2019-10-29 01:49:49.451097,39.805689,-86.178589,39.810492,-86.185121,1.519,Thank daughter up ever ago character.,Stone Prairie,Indianapolis,Lydiaport,IN,36133,US,US/Eastern,KNSe,2019-10-29 00:09:49.451097,67.8,,18.3,29.03,9.0,N,9.5,0.0,Fair,False,False,True,False,False,False,False,False,False,False,False,False,False,Night,Night,Night,Night
A-9830974,Source1,2,2021-09-07 04:24:56.655360,2021-09-07 06:56:56.655360,32.803489,-96.881423,,,0.109,Admit office military interesting.,Jones Ramp,Dallas,West Larry,TX,81845,US,US/Eastern,Kbnv,2021-09-07 04:09:56.655360,59.9,0.0,64.7,31.11,13.6,SE,3.9,0.0,Overcast,False,False,False,False,False,False,False,False,False,False,False,False,False,Night,Night,Day,Day
A-5928260,Source2,2,2022-06-13 22:10:12.366044,2022-06-13 23:35:12.366044,33.989356,-81.034647,33.981208,-81.036032,3.096,A imagine final indeed wear manager.,Carlson Stream,Columbia,Nicoleton,SC,67866,US,US/Eastern,KaKP,2022-06-13 22:02:12.366044,69.6,0.0,45.6,30.92,8.7,CALM,0.0,,Fair,False,False,False,False,False,False,False,False,False,False,False,False,False,Night,Night,Night,Night
A-2988593,Source1,4,2018-04-24 17:07:42.402874,2018-04-24 18:21:42.402874,29.615013,-95.509492,29.60323,-95.499888,5.537,Purpose tough peace sound if.,Wilcox Isle,Houston,Robinburgh,TX,28472,US,US/Eastern,KzTo,2018-04-24 17:01:42.402874,43.3,0.0,64.8,31.46,8.8,WNW,1.5,,Clear,False,False,False,False,False,False,False,False,False,False,False,False,False,Day,Day,Day,Day
A-2461992,Source2,2,2021-08-06 15:39:18.796830,2021-08-06 16:12:18.796830,25.705824,-80.403752,,-80.406827,0.832,Religious cover operation range country right three.,Nicole Gardens,Miami,Reginamouth,FL,81452,US,US/Eastern,KfRq,2021-08-06 15:26:18.796830,57.6,0.0,62.1,29.7,7.4,WSW,,0.0,Clear,False,False,False,False,False,False,False,False,False,True,False,False,False,Day,Day,Day,Day
A-2999641,Source1,2,2020-05-11 22:01:37.096315,2020-05-12 01:17:37.096315,33.53563,-112.197319,33.534338,-112.191622,0.884,Hospital speak church able.,Rodriguez Ville,Phoenix,New Jenniferborough,AZ,41254,US,US/Eastern,KEjB,2020-05-11 21:42:37.096315,72.4,0.0,31.7,30.88,5.0,WSW,11.2,0.3,Light Rain,False,False,True,False,True,False,False,False,False,False,False,False,False,Night,Night,Night,Night
A-2139175,Source1,2,2024-01-15 22:12:42.077305,2024-01-16 02:03:42.077305,32.968968,-96.859924,32.960833,,0.583,Else account drop.,Robin Spring,Dallas,East Charles,TX,46305,US,US/Eastern,KYQd,2024-01-15 22:00:42.077305,105.5,0.0,65.9,29.12,7.5,S,8.8,,Clear,False,False,False,False,False,False,False,False,False,False,False,True,False,Night,Night,Night,Night
A-3709939,Source1,3,2022-11-03 12:03:52.415536,2022-11-03 14:10:52.415536,32.256476,-110.964161,32.256553,-110.958708,1.493,Set mother doctor so.,Miller Manor,Tucson,Christopherberg,AZ,78821,US,US/Eastern,KDjX,2022-11-03 11:43:52.415536,37.3,0.0,51.9,30.02,5.9,E,3.0,0.0,Mostly Cloudy,False,False,False,False,False,False,True,False,False,False,False,True,False,Day,Day,Day,Day
A-7702949,Source1,2,2024-04-25 22:17:42.983334,2024-04-26 00:46:42.983334,32.77972,-96.800697,,-96.805417,2.424,Information near reflect develop watch direction hair two.,Higgins Pines,Dallas,Perezville,TX,53442,US,US/Eastern,KnVJ,2024-04-25 21:53:42.983334,73.0,0.0,37.5,29.05,3.8,S,4.7,0.0,Fair,False,False,True,False,False,False,False,False,False,False,False,False,False,Night,Night,Night,Night
A-8723115,Source1,2,2024-08-18 13:34:18.191907,2024-08-18 17:25:18.191907,25.773329,-80.296781,25.777066,,0.223,Adult total condition street watch.,Mark Lodge,Miami,West Sarah,FL,58810,US,US/Eastern,Kvnb,2024-08-18 13:06:18.191907,64.9,0.0,40.8,30.49,9.8,W,2.1,0.0,Fair,False,False,True,False,False,False,False,False,False,False,False,False,False,Day,Day,Day,Day
A-8237181,Source1,2,2020-07-13 15:28:15.190985,2020-07-13 15:43:15.190985,25.790098,-80.314197,,,0.256,Evidence discover onto.,Sharp Avenue,Miami,Douglastown,FL,67016,US,US/Eastern,KKwo,2020-07-13 15:13:15.190985,56.0,0.0,75.3,29.03,12.9,SSW,2.5,,Fair,False,False,False,False,False,False,False,False,False,False,False,False,False,Day,Day,Day,Day
A-4192544,Source2,2,2024-01-14 15:11:15.657071,2024-01-14 18:14:15.657071,35.916573,-78.686674,35.915767,-78.688116,1.155,Resource him loss leave beyond ground.,Harris Mountain,Raleigh,Port Jenniferbury,NC,97670,US,US/Eastern,Knpa,2024-01-14 15:06:15.657071,61.6,0.0,68.4,30.26,10.4,W,0.9,0.23,Light Rain,False,False,False,False,False,False,False,False,False,False,False,False,False,Day,Day,Day,Day
A-233530,Source2,2,2024-05-23 12:24:50.386430,2024-05-23 13:37:50.386430,32.697799,-96.951447,32.704722,,0.523,Suddenly part process good gas.,Roberson Ports,Dallas,Solismouth,TX,01525,US,US/Eastern,Kfdo,2024-05-23 12:02:50.386430,55.0,,47.8,29.89,6.7,Calm,14.7,0.13,Light Rain,False,False,False,False,False,False,False,False,False,False,False,False,False,Day,Day,Day,Day
A-3912753,Source2,2,2024-03-15 15:12:18.553479,2024-03-15 16:42:18.553479,32.72422,-117.106907,,,0.765,Hospital anyone road compare.,Mary Corner,San Diego,Lake Jonathan,CA,00685,US,US/Eastern,KKDG,2024-03-15 15:04:18.553479,58.1,0.0,30.5,30.49,6.4,NW,1.5,,Fair,False,False,False,False,False,False,False,False,False,False,False,False,False,Day,Day,Day,Day
A-3886811,Source2,2,2020-06-20 12:57:43.856535,2020-06-20 14:52:43.856535,33.737491,-84.40153,,-84.395877,3.118,Party support modern responsibility actually change yet.,Smith Ridge,Atlanta,West Matthew,GA,95354,US,US/Eastern,KkOi,2020-06-20 12:42:43.856535,82.2,0.0,23.7,27.98,,W,8.6,0.0,Fair,False,False,False,False,False,False,False,False,False,False,False,True,False,Day,Day,Day,Day
A-5377035,Source1,3,2019-02-20 13:12:50.015216,2019-02-20 16:00:50.015216,35.242488,-80.890801,35.240986,-80.878161,1.613,Born describe just talk movie the.,Amanda Crescent,Charlotte,Murphyville,NC,62506,US,US/Eastern,KSLv,2019-02-20 12:44:50.015216,42.2,35.0238636856883,66.6,29.1,3.0,W,10.3,0.0,Scattered Clouds,False,False,False,False,False,False,False,False,False,False,False,False,False,Day,Day,Day,Day
A-7863628,Source1,2,2018-11-21 07:37:12.480696,2018-11-21 10:29:12.480696,35.51806,-97.527129,35.514322,-97.522821,1.485,We activity another east yet ten party.,John Springs,Oklahoma City,South Steven,OK,30571,US,US/Eastern,KGWs,2018-11-21 07:22:12.480696,38.4,32.61485993864313,59.3,29.09,10.6,CALM,8.2,0.0,Fair,False,False,False,False,False,False,False,False,False,False,False,False,False,Day,Day,Day,Day
A-1229689,Source1,3,2018-10-02 22:00:20.569854,2018-10-02 23:11:20.569854,33.551751,-112.046338,,,1.599,Spend drug dream.,Lozano River,Phoenix,Wilsonshire,AZ,10166,US,US/Eastern,KBjK,2018-10-02 21:33:20.569854,75.4,0.0,42.9,31.25,7.4,SSW,11.2,0.0,Fair,False,False,False,False,False,False,False,False,False,False,False,False,False,Night,Night,Night,Night
A-5057878,Source1,2,2018-11-02 05:40:56.594863,2018-11-02 06:05:56.594863,35.072934,-80.749592,,-80.750318,3.854,Manager draw least allow share media.,Williams Drives,Charlotte,Kaitlinhaven,NC,25205,US,US/Eastern,KuRI,2018-11-02 05:34:56.594863,74.2,0.0,73.5,29.19,10.3,North,13.6,,Scattered Clouds,False,False,False,False,False,False,False,False,False,False,False,False,False,Night,Day,Day,Day
A-456221,Source1,2,2019-09-21 22:01:28.201991,2019-09-21 22:31:28.201991,32.855934,-96.886428,32.861442,,2.09,They green story.,Curtis Fields,Dallas,Bradleyview,TX,71926,US,US/Eastern,KbPL,2019-09-21 21:56:28.201991,,0.0,49.8,29.61,15.3,S,5.4,,Partly Cloudy,False,False,False,False,False,False,False,False,False,False,False,False,False,Night,Night,Night,Night
A-2906286,Source2,2,2023-04-16 02:20:53.424894,2023-04-16 04:47:53.424894,38.514812,-121.483131,,,1.42,Weight cell unit police behavior start.,Rick Expressway,Sacramento,Pamelafurt,CA,17509,US,US/Eastern,KjxW,2023-04-16 02:03:53.424894,68.7,0.0,44.8,29.14,9.3,S,11.0,0.0,Cloudy,False,False,True,False,False,False,False,False,False,False,False,False,False,Night,Night,Night,Night
A-3816409,Source1,2,2021-12-24 23:17:59.595559,2021-12-25 02:56:59.595559,30.219641,-81.650556,30.22054,,0.459,President could he run man.,Kane Unions,Jacksonville,Brendamouth,FL,49430,US,US/Eastern,Kmsw,2021-12-24 22:57:59.595559,35.4,28.265523568126962,102.9,30.15,6.7,ESE,,,Cloudy,False,False,False,False,False,False,False,False,False,False,False,False,False,Night,Night,Night,Night
A-8056531,Source1,2,2022-11-28 21:35:31.591444,2022-11-29 01:20:31.591444,32.944952,-96.900056,32.954595,-96.908886,2.003,Teacher miss cut dinner have.,Michael Road,Dallas,East Andrewmouth,TX,52575,US,US/Eastern,KetI,2022-11-28 21:16:31.591444,43.9,39.07060211386609,92.4,31.04,3.0,CALM,6.9,0.0,Fair,False,False,False,False,False,False,False,False,False,False,False,False,False,Night,Night,Night,Night
A-7588033,Source1,2,2022-09-17 02:22:32.365136,2022-09-17 05:25:32.365136,35.827212,-78.631461,,,0.83,Read usually practice reduce store minute military.,Murphy Ferry,Raleigh,Lake Curtisport,NC,61884,US,US/Eastern,Kkzq,2022-09-17 02:02:32.365136,47.8,39.25060721787001,90.7,30.53,8.0,ESE,12.2,0.14,Light Rain,False,False,True,False,False,False,False,False,False,False,False,False,False,Night,Night,Night,Night
A-5028464,Source1,2,2023-05-09 07:41:18.197003,2023-05-09 09:41:18.197003,25.834591,-80.300257,25.852803,-80.308212,0.125,System fish specific culture.,Armstrong Neck,Miami,North Michelle,FL,05343,US,US/Eastern,KqGa,2023-05-09 07:14:18.197003,85.8,0.0,52.2,29.94,8.1,East,12.8,,Scattered Clouds,False,False,False,False,False,False,False,False,False,False,False,True,False,Day,Day,Day,Day
A-1472854,Source1,2,2023-06-19 19:48:26.843045,2023-06-19 23:10:26.843045,33.871169,-84.324204,33.862376,,0.727,White own seven eye camera.,Stephanie Land,Atlanta,West Markhaven,GA,37312,US,US/Eastern,KDEg,2023-06-19 19:37:26.843045,75.1,0.0,78.2,27.85,13.0,NNW,4.1,0.0,Mostly Cloudy,False,False,False,False,False,False,False,False,False,False,False,False,False,Night,Night,Day,Day
A-3543881,Source2,2,2025-06-24 08:42:07.057467,2025-06-24 11:20:07.057467,45.526963,-122.620402,,,1.905,Attorney ago on all same debate subject.,Christopher Avenue,Portland,New Cynthia,OR,81181,US,US/Eastern,KTHb,2025-06-24 08:21:07.057467,84.4,0.0,71.0,31.53,9.5,NNE,9.2,0.0,Fair,False,False,True,False,False,False,False,False,False,False,False,False,False,Day,Day,Day,Day
A-601646,Source1,3,2022-08-29 19:10:06.978756,2022-08-29 19:49:06.978756,34.013434,-118.301357,34.007926,,1.274,Often go offer stay smile agent significant.,Lori Turnpike,Los Angeles,South Lindsey,CA,83634,US,US/Eastern,KonE,2022-08-29 19:03:06.978756,73.9,,66.5,,9.8,Calm,0.0,0.0,Fair,False,False,False,False,False,False,False,False,False,False,False,False,False,Night,Night,Day,Day
A-3964986,Source1,2,2019-04-23 18:28:56.943794,2019-04-23 19:38:56.943794,34.055518,-118.114849,,,2.329,Amount process society indicate.,Summers River,Los Angeles,West Ashley,CA,52705,US,US/Eastern,KarD,2019-04-23 18:16:56.943794,65.1,0.0,61.7,29.12,11.7,,10.7,0.0,Partly Cloudy,False,False,False,False,False,False,False,False,False,False,False,False,False,Night,Day,Day,Day
A-3429266,Source3,2,2021-09-02 18:46:09.028075,2021-09-02 19:59:09.028075,29.826237,-95.585072,,-95.593597,0.452,Task experience before risk.,Cody Crest,Houston,West James,TX,53630,US,US/Eastern,KcuR,2021-09-02 18:29:09.028075,78.5,0.0,67.1,29.19,5.3,SE,12.6,,Clear,False,False,False,False,False,False,False,False,False,False,False,False,False,Night,Day,Day,Day
A-9160446,Source1,2,2020-04-17 03:31:34.865544,2020-04-17 03:59:34.865544,30.426947,-91.082268,30.438622,-91.078422,2.045,Congress moment next music one point anyone population.,Ryan Oval,Baton Rouge,North Philip,LA,24867,US,US/Eastern,KLdg,2020-04-17 03:23:34.865544,64.9,0.0,75.8,30.74,7.8,S,0.0,0.0,Fair,False,False,False,False,False,False,False,False,False,False,False,False,False,Night,Night,Night,Night
A-4469570,Source2,2,2018-08-04 05:27:50.671714,2018-08-04 06:55:50.671714,32.782097,-96.788131,32.787735,-96.785372,2.325,Ahead memory back.,Cruz Mountains,Dallas,Rittershire,TX,53036,US,US/Eastern,Khxn,2018-08-04 05:06:50.671714,72.8,0.0,75.5,30.89,9.5,W,8.1,0.0,Mostly Cloudy,False,False,False,False,False,False,False,False,False,False,False,False,False,Night,Day,Day,Day
A-5542134,Source1,2,2025-12-13 22:58:44.583491,2025-12-14 02:09:44.583491,30.136035,-97.848994,30.127084,-97.851514,0.182,Power perform forget if perform program common.,Monica Spur,Austin,Mccormicktown,TX,85123,US,US/Eastern,KyEU,2025-12-13 22:45:44.583491,54.2,,31.0,28.95,9.6,CALM,12.0,,Light Snow,False,False,False,False,False,False,False,False,False,False,False,False,False,Night,Night,Night,Night
A-7510291,Source2,2,2021-03-11 18:39:58.847631,2021-03-11 21:39:58.847631,32.955095,-96.770618,32.945899,-96.778447,0.065,Matter place administration fill.,Li Turnpike,Dallas,South Elizabethside,TX,03341,US,US/Eastern,KYfH,2021-03-11 18:20:58.847631,82.6,0.0,50.7,30.58,6.9,SSW,,0.0,Mostly Cloudy,False,False,False,False,False,False,False,False,False,False,False,True,False,Night,Day,Day,Day
A-8211042,Source2,2,2024-09-09 05:31:46.408287,2024-09-09 07:22:46.408287,44.871839,-93.04136,,,1.211,Technology air mission pay commercial.,Steele Roads,Saint Paul,Hickmanport,MN,69116,US,US/Eastern,KfjQ,2024-09-09 05:04:46.408287,38.3,24.852713129666647,76.0,29.32,11.1,NW,19.2,,Fair,False,False,True,False,False,False,False,False,False,False,False,True,False,Night,Day,Day,Day
A-4760548,Source1,2,2025-04-12 13:48:23.340688,2025-04-12 14:50:23.340688,34.083859,-81.006111,34.08747,-81.013612,0.877,Question ability responsibility lot because.,Bennett Vista,Columbia,West Ann,SC,36604,US,US/Eastern,KbmG,2025-04-12 13:43:23.340688,60.8,0.0,51.5,29.3,7.3,SSE,0.0,0.0,Fair,False,False,False,False,False,False,False,False,False,False,False,False,False,Day,Day,Day,Day
A-2469399,Source2,2,2018-03-10 12:34:44.285499,2018-03-10 13:31:44.285499,32.198676,-110.946923,32.198119,-110.944857,3.743,Business admit face staff fact deal.,Parker Station,Tucson,North Jennifer,AZ,24706,US,US/Eastern,KAeH,2018-03-10 12:08:44.285499,56.8,0.0,86.8,27.8,6.3,E,8.6,0.0,Fair,False,False,False,False,False,False,False,False,False,False,False,True,False,Day,Day,Day,Day
A-3168242,Source2,2,2024-08-16 09:14:02.154708,2024-08-16 10:30:02.154708,36.051761,-86.769003,,,1.016,Major tough message argue.,John Ports,Nashville,Julietown,TN,34185,US,US/Eastern,KARx,2024-08-16 09:03:02.154708,81.2,0.0,64.9,29.03,8.2,WNW,,0.0,Fair,False,False,False,False,False,False,False,False,False,False,False,False,False,Day,Day,Day,Day
A-4188244,Source2,2,2018-07-13 11:29:32.800083,2018-07-13 14:00:32.800083,28.501433,-81.282086,28.505516,-81.291552,0.628,Drive least computer clearly.,Sarah Square,Orlando,Jensenfort,FL,00701,US,US/Eastern,KpON,2018-07-13 11:12:32.800083,71.0,0.0,93.7,29.94,8.0,SSE,2.4,0.0,Mostly Cloudy,False,False,False,False,True,False,False,False,False,False,False,False,False,Day,Day,Day,Day
A-4723990,Source2,2,2020-04-22 22:06:58.818778,2020-04-23 00:40:58.818778,45.576391,-122.68462,,,0.672,Piece toward usually capital board.,Tara Mission,Portland,Caseymouth,OR,64448,US,US/Eastern,KKNd,2020-04-22 21:55:58.818778,30.4,25.407832510217194,83.9,30.17,10.8,CALM,7.1,0.0,Scattered Clouds,False,False,False,False,False,False,False,False,False,False,False,True,False,Night,Night,Night,Night
A-8860668,Source1,3,2022-03-02 08:08:46.671279,2022-03-02 09:15:46.671279,28.523632,-81.367285,,-81.366741,2.892,Seat watch shake brother create.,Kimberly Road,Orlando,Lake Brandi,FL,89817,US,US/Eastern,KOWB,2022-03-02 07:57:46.671279,25.6,15.612126746410786,64.6,30.24,10.2,CALM,14.2,,Fair,False,False,False,False,False,False,False,False,False,False,False,False,False,Day,Day,Day,Day
A-855520,Source2,2,2022-02-20 20:04:00.157853,2022-02-20 23:43:00.157853,29.774844,-95.599912,29.778324,-95.579503,2.237,Week choose reason table.,Ayers Point,Houston,Annshire,TX,05901,US,US/Eastern,KWBB,2022-02-20 19:45:00.157853,35.2,30.5835146972859,83.8,28.6,6.0,S,6.6,,Fair,False,False,True,False,False,False,False,False,False,False,False,False,False,Night,Night,Night,Night
A-2334560,Source1,2,2020-06-08 00:41:11.836789,2020-06-08 00:59:11.836789,35.216815,-80.837103,,-80.855492,0.016,Organization stage church foreign.,Christine Crossroad,Charlotte,Brennanmouth,NC,13712,US,US/Eastern,KCPC,2020-06-08 00:17:11.836789,71.9,,20.1,29.42,9.3,ENE,7.4,,Fair,False,False,False,False,False,False,False,False,False,False,False,False,False,Night,Night,Night,Night
A-6306731,Source2,2,2025-07-26 21:23:32.893582,2025-07-26 23:37:32.893582,44.898974,-93.334556,44.904996,,3.543,Personal campaign this identify great entire well.,Christopher Plaza,Minneapolis,Bowenfort,MN,91609,US,US/Eastern,KvMI,2025-07-26 20:58:32.893582,76.1,,78.8,28.89,7.7,West,8.6,0.0,Fair,False,False,False,False,False,False,False,False,False,False,False,False,False,Night,Night,Night,Night
A-4245946,Source2,2,2023-08-18 18:39:26.378521,2023-08-18 19:25:26.378521,32.70293,-117.166461,32.692854,,1.249,North east dark buy.,Eugene Coves,San Diego,Port Monica,CA,59539,US,US/Eastern,Kuxg,2023-08-18 18:22:26.378521,43.4,,96.1,28.04,8.0,E,14.2,0.0,Mostly Cloudy,False,False,False,False,False,False,False,False,False,False,False,True,False,Night,Day,Day,Day
A-183899,Source1,2,2018-05-07 04:01:18.594228,2018-05-07 07:56:18.594228,30.121804,-81.639859,,-81.631772,3.776,Lot around hand red.,Nicole Run,Jacksonville,Lake Ashleyburgh,FL,33225,US,US/Eastern,KaGh,2018-05-07 03:50:18.594228,72.5,0.0,,29.31,9.3,W,0.0,,,False,False,False,False,False,False,False,False,False,False,False,True,False,Night,Night,Day,Day
A-7234905,Source1,2,2023-03-24 09:19:59.727072,2023-03-24 11:32:59.727072,38.521306,-121.370876,,,0.382,Reason daughter anything kind fear point.,Victoria Radial,Sacramento,New Lisa,CA,30256,US,US/Eastern,Kkba,2023-03-24 09:01:59.727072,71.5,,73.1,30.22,10.0,SSE,7.5,0.0,Cloudy,False,False,False,False,True,False,False,False,False,False,False,False,False,Day,Day,Day,Day
A-8595623,Source2,3,2024-02-06 13:58:22.976397,2024-02-06 17:33:22.976397,29.821232,-95.524457,,-95.521755,0.876,Wonder play since Mrs meeting beyond wait.,Boyer Row,Houston,Gonzaleshaven,TX,98267,US,US/Eastern,Kjur,2024-02-06 13:32:22.976397,67.2,,86.6,,11.1,NE,9.4,0.0,Overcast,False,False,False,False,False,False,False,False,False,False,False,True,False,Day,Day,Day,Day
A-7024205,Source2,3,2022-09-22 20:52:19.898019,2022-09-22 22:00:19.898019,30.543319,-91.149409,,-91.142002,1.616,History measure also article debate.,Cannon Street,Baton Rouge,West Gregory,LA,70008,US,US/Eastern,KIJu,2022-09-22 20:23:19.898019,42.2,0.0,30.4,29.68,9.2,SE,3.5,,Fair,False,False,False,False,False,False,False,False,False,False,False,False,False,Night,Night,Night,Night
A-1468439,Source1,3,2021-12-04 01:01:19.909476,2021-12-04 02:12:19.909476,30.211659,-97.711549,30.206739,,4.386,Research war whether early.,Davis Causeway,Austin,Popestad,TX,06596,US,US/Eastern,KlIB,2021-12-04 00:51:19.909476,61.6,0.0,70.3,29.26,6.7,SSE,7.9,,Fair,False,False,False,False,False,False,False,False,False,False,False,False,False,Night,Night,Night,Night
A-2595461,Source1,2,2019-09-27 09:23:12.372413,2019-09-27 12:40:12.372413,30.31062,-81.803854,30.30876,,3.922,Mrs or than happen.,Cobb Haven,Jacksonville,Crawfordfort,FL,83833,US,US/Eastern,KoAl,2019-09-27 09:09:12.372413,43.8,39.52650044531586,60.7,28.87,3.9,SSW,6.2,0.26,Light Rain,False,False,False,False,False,False,False,False,False,False,False,False,False,Day,Day,Day,Day
A-2830606,Source2,2,2020-12-14 11:25:21.876818,2020-12-14 11:49:21.876818,44.794085,-93.185002,44.786311,,0.38,Stuff itself simply age during report difficult.,Perez Court,Saint Paul,East Stephanie,MN,40895,US,US/Eastern,KSns,2020-12-14 10:56:21.876818,52.1,0.0,92.7,29.75,10.1,NE,2.1,0.0,Partly Cloudy,False,False,False,False,True,False,False,False,False,False,False,False,False,Day,Day,Day,Day
A-7616856,Source2,3,2023-09-11 15:19:49.384566,2023-09-11 16:23:49.384566,38.617003,-121.491573,,-121.49271,0.862,Everything impact enough notice.,Booth Green,Sacramento,North Holly,CA,05183,US,US/Eastern,KYlH,2023-09-11 15:10:49.384566,50.9,0.0,112.9,30.61,8.8,SSW,0.0,0.0,Cloudy,False,False,False,False,False,False,False,False,False,False,False,True,False,Day,Day,Day,Day
A-6121786,Source1,2,2024-09-11 13:46:56.053053,2024-09-11 17:37:56.053053,35.524456,-97.612579,35.519711,-97.613627,1.292,International painting author garden gas.,Clifford Causeway,Oklahoma City,Marcfurt,OK,77686,US,US/Eastern,KvZo,2024-09-11 13:17:56.053053,65.9,,77.9,30.16,12.0,SSW,0.0,0.0,Partly Cloudy,False,False,False,False,False,False,False,False,False,False,False,False,False,Day,Day,Day,Day
A-3092704,Source1,2,2022-07-30 05:13:07.236981,2022-07-30 06:31:07.236981,33.655195,-84.373198,33.646982,,0.976,Officer ahead today statement.,Miller Corners,Atlanta,Port Johnview,GA,41364,US,US/Eastern,Knhk,2022-07-30 05:05:07.236981,88.8,0.0,93.7,30.96,3.9,W,10.0,0.0,Clear,False,False,False,False,False,False,False,False,True,False,False,False,False,Night,Day,Day,Day
A-1790483,Source2,4,2025-04-05 11:42:00.335094,2025-04-05 15:21:00.335094,33.604558,-112.020495,33.584316,,1.632,Difference value life.,Jennifer Viaduct,Phoenix,South Michelle,AZ,90764,US,US/Eastern,KsBs,2025-04-05 11:20:00.335094,76.7,,127.6,28.86,11.4,VAR,3.9,0.0,Cloudy,False,False,False,False,False,False,False,False,False,False,False,False,False,Day,Day,Day,Day
A-2171060,Source2,2,2022-03-14 08:03:39.005004,2022-03-14 08:39:39.005004,33.900263,-84.512325,,-84.512073,0.077,Share maybe individual student nearly scene.,Kenneth Crossing,Atlanta,New Lauren,GA,98026,US,US/Eastern,KDBu,2022-03-14 07:57:39.005004,58.1,0.0,47.2,30.02,9.4,NE,0.8,0.0,Clear,False,False,False,False,False,False,False,False,False,False,False,False,False,Day,Day,Day,Day
A-4327798,Source1,2,2018-06-18 11:19:33.221432,2018-06-18 12:31:33.221432,33.798954,-84.487128,33.795222,,1.303,Their world anyone then several.,Jordan Circle,Atlanta,Chadborough,GA,41268,US,US/Eastern,KEqG,2018-06-18 11:02:33.221432,19.7,10.927403569508884,105.5,28.94,7.0,North,12.6,0.0,Thunder,True,False,False,False,False,True,False,False,False,False,False,False,False,Day,Day,Day,Day
A-7968875,Source1,3,2020-07-29 08:47:22.235697,2020-07-29 12:44:22.235697,41.851439,-87.645074,41.846321,,4.223,Window economy class site.,Annette Curve,Chicago,West Jessetown,IL,09108,US,US/Eastern,KItL,2020-07-29 08:26:22.235697,43.4,36.83903561300598,57.8,28.14,10.8,Calm,9.4,0.0,Fair,False,False,False,False,False,False,False,False,False,False,False,False,False,Day,Day,Day,Day
A-7963888,Source2,2,2022-01-26 21:51:58.474551,2022-01-26 23:19:58.474551,33.791942,-84.390332,33.787218,-84.386264,3.201,Point population start consider magazine night minute.,Frederick Mall,Atlanta,Port Donaldfort,GA,09960,US,US/Eastern,KMCa,2022-01-26 21:30:58.474551,42.2,,69.8,29.52,7.3,VAR,5.6,,Partly Cloudy,False,False,False,False,False,False,False,False,False,False,False,False,False,Night,Night,Night,Night
A-5988067,Source1,2,2021-12-10 07:56:57.879812,2021-12-10 11:15:57.879812,35.867534,-78.618237,,-78.612362,0.642,Design organization compare fast.,David Keys,Raleigh,Lake Micheal,NC,82475,US,US/Eastern,KZOi,2021-12-10 07:37:57.879812,69.7,0.0,84.8,29.69,4.2,NNE,0.2,0.17,Light Rain,False,False,True,False,False,False,False,False,False,False,False,False,False,Day,Day,Day,Day
A-8229176,Source1,2,2023-07-15 01:48:30.376055,2023-07-15 05:22:30.376055,30.219468,-97.767386,30.222455,-97.772789,3.818,Kind everything drive.,Brewer Crossing,Austin,Michaelchester,TX,91712,US,US/Eastern,KkwN,2023-07-15 01:32:30.376055,86.5,0.0,109.5,29.41,14.1,W,,,Mostly Cloudy,False,False,False,False,True,False,False,False,False,False,False,False,False,Night,Night,Night,Night
A-94113,Source1,3,2024-07-27 23:31:00.349136,2024-07-28 00:39:00.349136,35.206249,-80.828356,,-80.824321,1.485,Such task common.,Scott Hollow,Charlotte,East Heatherberg,NC,54083,US,US/Eastern,Koae,2024-07-27 23:26:00.349136,80.7,0.0,50.6,29.42,7.0,SE,9.1,0.0,Partly Cloudy,False,False,True,False,False,False,False,False,False,False,False,False,False,Night,Night,Night,Night
A-2800515,Source2,2,2020-03-20 16:53:15.001488,2020-03-20 17:17:15.001488,36.133251,-86.788794,36.134231,-86.781231,1.546,Gas others discuss first right.,Kristen Fords,Nashville,Garciaville,TN,79396,US,US/Eastern,KtlJ,2020-03-20 16:32:15.001488,95.3,0.0,104.6,28.3,5.8,NE,7.4,0.0,Cloudy,False,False,False,False,False,False,True,False,False,False,False,False,False,Day,Day,Day,Day
A-4216277,Source2,2,2019-12-25 03:28:20.603903,2019-12-25 04:43:20.603903,35.199028,-80.794307,35.201922,,2.248,Research guess indicate parent hot defense.,James Forks,Charlotte,New Sandraville,NC,54903,US,US/Eastern,KJAM,2019-12-25 03:18:20.603903,66.1,0.0,48.8,28.46,9.2,ESE,19.1,0.0,,False,False,False,False,False,False,False,False,False,False,False,False,False,Night,Night,Night,Night
A-895867,Source2,2,2019-04-14 04:27:56.480899,2019-04-14 05:40:56.480899,35.215491,-80.758669,,-80.768818,1.032,Hard marriage fill probably consumer.,Lynch Fords,Charlotte,East Yvetteborough,NC,74039,US,US/Eastern,KYhq,2019-04-14 03:59:56.480899,86.5,0.0,75.0,29.94,11.7,E,7.4,,Fair,False,False,False,False,False,False,False,False,False,False,False,False,False,Night,Night,Day,Day
A-4766144,Source2,2,2022-01-24 02:50:28.527748,2022-01-24 03:09:28.527748,34.002565,-118.25462,,-118.244304,0.554,Foreign likely believe result medical face.,Mason Street,Los Angeles,Melvinmouth,CA,27676,US,US/Eastern,KdFZ,2022-01-24 02:30:28.527748,37.5,29.363470493629396,59.4,29.02,12.1,WNW,,0.0,Fair,False,False,True,False,False,False,False,False,False,False,False,True,False,Night,Night,Night,Night
A-2414199,Source1,2,2020-04-17 14:24:50.784372,2020-04-17 15:49:50.784372,34.027194,-118.243919,34.020866,,1.116,Protect whom do yourself under network really.,Nicole Green,Los Angeles,Wilsontown,CA,78176,US,US/Eastern,KISz,2020-04-17 14:08:50.784372,55.8,0.0,11.9,28.83,10.1,SE,18.7,,Fair,False,False,False,False,False,False,False,False,False,False,False,False,False,Day,Day,Day,Day
A-5575534,Source1,2,2023-11-14 09:44:22.941999,2023-11-14 09:57:22.941999,34.017955,-80.941835,,,0.201,Give success health letter.,Snyder Tunnel,Columbia,Lucasport,SC,01363,US,US/Eastern,KVGa,2023-11-14 09:36:22.941999,61.0,0.0,35.6,29.44,8.8,NW,11.8,0.0,Overcast,False,False,False,False,False,False,False,False,False,False,False,False,False,Day,Day,Day,Day
A-5673415,Source2,2,2024-02-29 19:14:29.170269,2024-02-29 21:16:29.170269,29.666233,-95.388657,,-95.395017,0.904,Easy choose among animal themselves.,Harvey Circles,Houston,South Geraldmouth,TX,70573,US,US/Eastern,Ksrk,2024-02-29 19:06:29.170269,88.8,0.0,58.3,29.11,6.8,CALM,14.1,0.19,Light Rain,False,False,False,False,False,False,False,False,True,False,False,False,False,Night,Night,Day,Day
A-2282995,Source2,3,2020-07-28 20:06:17.135168,2020-07-28 21:23:17.135168,28.501666,-81.447487,28.495597,,0.525,Consider rich quality it full occur.,Mendoza Rest,Orlando,Pamelaview,FL,43590,US,US/Eastern,KPdN,2020-07-28 19:38:17.135168,72.0,0.0,82.3,30.47,11.4,North,7.0,,Mostly Cloudy,False,False,False,False,False,False,False,False,False,False,False,True,False,Night,Night,Night,Night
A-6038165,Source1,2,2026-03-03 10:17:16.601809,2026-03-03 12:50:16.601809,28.557131,-81.502254,,-81.495464,0.505,Wide art theory gas us discuss prove.,Andrea Parkways,Orlando,West Leslie,FL,32103,US,US/Eastern,KMud,2026-03-03 09:49:16.601809,97.6,0.0,63.7,28.85,4.0,CALM,11.8,0.0,Mostly Cloudy,False,False,False,False,False,False,False,False,False,False,False,False,False,Day,Day,Day,Day
A-8424564,Source2,3,2023-05-06 11:56:52.158108,2023-05-06 14:54:52.158108,34.016553,-118.374008,34.021968,-118.372271,0.975,Majority your account strong research.,Acevedo Knolls,Los Angeles,Lake Natashamouth,CA,80304,US,US/Eastern,KBXj,2023-05-06 11:32:52.158108,42.8,34.226453220893035,79.7,28.08,6.4,SSW,12.3,0.0,Overcast,False,False,False,False,False,False,False,False,False,True,False,False,False,Day,Day,Day,Day
A-5017947,Source2,2,2022-12-22 22:15:56.400029,2022-12-23 00:29:56.400029,29.566802,-98.532852,29.564814,-98.528936,3.283,Animal cause fly charge today.,Shawn Trail,San Antonio,South Alicia,TX,69178,US,US/Eastern,KKQe,2022-12-22 21:50:56.400029,101.0,,43.1,31.01,11.4,,1.8,0.0,Mostly Cloudy,False,False,False,False,False,False,False,False,False,False,False,False,False,Night,Night,Night,Night
A-9994000,Source1,2,2025-04-24 14:19:22.905619,2025-04-24 17:15:22.905619,25.736554,-80.177897,,,2.63,He provide suggest.,Bowers Court,Miami,Griffithton,FL,84693,US,US/Eastern,KTlK,2025-04-24 14:10:22.905619,73.0,0.0,74.1,30.37,11.6,ESE,0.0,0.0,Clear,False,False,False,False,False,False,False,False,False,True,False,False,False,Day,Day,Day,Day
A-956652,Source2,2,2024-11-04 14:30:56.466339,2024-11-04 17:53:56.466339,25.858063,-80.216077,,-80.213074,2.781,Course south position prevent company.,Martinez Harbor,Miami,North Michael,FL,32883,US,US/Eastern,KWZo,2024-11-04 14:15:56.466339,80.0,,97.6,30.59,10.4,SSW,,0.0,Cloudy,False,False,False,False,False,False,False,False,False,False,False,True,False,Day,Day,Day,Day
A-5805691,Source1,2,2021-11-18 10:38:18.178925,2021-11-18 14:16:18.178925,35.176095,-80.891481,35.179418,-80.888325,1.193,Responsibility paper per push why message degree.,Raymond Camp,Charlotte,Lake Kimberlyport,NC,77112,US,US/Eastern,KrUX,2021-11-18 10:13:18.178925,95.5,0.0,49.1,29.9,5.6,SSE,8.0,,,False,False,False,False,False,False,False,False,False,False,False,False,False,Day,Day,Day,Day
A-354176,Source2,2,2024-03-12 12:28:09.333070,2024-03-12 15:34:09.333070,33.446501,-112.060157,,-112.042228,0.597,Loss ok fear agreement during.,Dawson Grove,Phoenix,New Tyler,AZ,07045,US,US/Eastern,KZxp,2024-03-12 12:11:09.333070,33.3,0.0,78.6,28.31,8.9,West,0.0,,Fair,True,False,False,False,False,False,False,False,False,False,False,False,False,Day,Day,Day,Day
A-3633047,Source1,2,2022-10-31 08:19:45.236608,2022-10-31 10:02:45.236608,38.473086,-121.452498,38.47423,-121.4439,3.19,Actually old bag thought suffer citizen.,Mayer Curve,Sacramento,South Anne,CA,95045,US,US/Eastern,KgXo,2022-10-31 08:07:45.236608,79.2,0.0,114.7,29.86,8.2,N,14.3,0.0,Clear,False,False,False,False,False,False,False,False,False,False,False,False,False,Day,Day,Day,Day
A-8196674,Source1,2,2021-09-29 16:07:41.799746,2021-09-29 20:00:41.799746,32.83486,-96.704953,,-96.701347,2.143,Relationship prevent specific because cup line watch.,Lozano Mews,Dallas,Kellyburgh,TX,55002,US,US/Eastern,KKuf,2021-09-29 16:00:41.799746,49.2,44.652846073312666,45.0,30.89,3.1,NNE,6.5,0.0,Clear,False,False,False,False,False,False,False,False,False,False,False,False,False,Day,Day,Day,Day
A-9486276,Source1,2,2021-10-20 05:23:00.504864,2021-10-20 08:40:00.504864,25.943014,-80.236035,,-80.243271,1.805,Page ahead agency never according represent green whose.,Carrie Throughway,Miami,North Glennbury,FL,21560,US,US/Eastern,KhFF,2021-10-20 05:00:00.504864,66.2,0.0,85.9,30.02,11.2,S,7.5,0.0,Scattered Clouds,False,False,True,False,False,False,False,False,False,False,False,False,False,Night,Day,Day,Day
A-2036749,Source1,2,2021-07-20 17:50:41.958325,2021-07-20 20:54:41.958325,36.114897,-86.847349,,,1.815,During national relationship.,Todd Forges,Nashville,Beverlystad,TN,24152,US,US/Eastern,KuVo,2021-07-20 17:22:41.958325,85.4,0.0,61.6,30.53,9.3,West,5.8,0.0,Mostly Cloudy,False,False,False,False,False,False,False,False,False,False,False,False,False,Day,Day,Day,Day
A-2865439,Source1,2,2018-06-22 20:42:12.740017,2018-06-23 00:34:12.740017,35.24324,-80.825264,,-80.815051,5.104,List suffer sense second military.,John Plains,Charlotte,South Mark,NC,34328,US,US/Eastern,Kgqs,2018-06-22 20:23:12.740017,78.0,0.0,94.3,30.79,4.9,CALM,7.1,0.0,Haze,False,False,False,False,False,False,False,False,False,False,False,False,False,Night,Night,Night,Night
A-1010215,Source2,2,2021-11-15 17:36:29.115408,2021-11-15 20:44:29.115408,32.901733,-96.783899,32.902828,-96.783271,3.577,Travel picture support mind worry.,Murphy Trace,Dallas,Hillshire,TX,54377,US,US/Eastern,KsSo,2021-11-15 17:14:29.115408,72.8,0.0,98.9,30.77,9.1,CALM,12.9,0.0,Fair,False,False,False,False,False,False,False,False,False,False,False,False,False,Day,Day,Day,Day
A-453543,Source2,3,2022-09-21 22:38:06.061373,2022-09-22 02:28:06.061373,39.875245,-86.141308,,-86.14794,3.48,Turn account attorney traditional our nice radio.,Amy Junctions,Indianapolis,Larryberg,IN,79206,US,US/Eastern,KiWo,2022-09-21 22:31:06.061373,69.7,0.0,80.0,29.64,11.9,VAR,7.1,0.0,T-Storm,False,False,False,False,True,False,False,False,False,False,False,True,False,Night,Night,Night,Night
A-7648311,Source2,2,2020-12-23 00:02:59.160401,2020-12-23 02:47:59.160401,35.276743,-80.866608,35.278898,-80.877233,0.291,Job arm some summer senior before wife.,Christy Mountain,Charlotte,Ellenville,NC,35599,US,US/Eastern,KutK,2020-12-22 23:40:59.160401,40.7,35.61616240769921,80.0,32.11,7.8,CALM,7.3,0.25,Light Rain,False,False,False,False,False,False,False,False,False,False,False,False,False,Night,Night,Night,Night
A-5605407,Source2,2,2023-09-02 14:37:32.046909,2023-09-02 16:05:32.046909,33.729114,-84.325542,,,0.853,Thousand property suggest see coach food these.,Christopher Place,Atlanta,Cameronport,GA,57081,US,US/Eastern,Kexz,2023-09-02 14:12:32.046909,70.1,0.0,97.2,28.28,8.7,SSW,,,Mostly Cloudy,False,False,False,False,False,False,False,False,False,False,False,False,False,Day,Day,Day,Day
A-5751665,Source1,2,2025-02-02 14:03:25.755866,2025-02-02 14:23:25.755866,32.794734,-96.822294,32.794503,,0.712,Most own career difficult term author.,Rice Spur,Dallas,East Whitney,TX,13664,US,US/Eastern,KfyK,2025-02-02 13:35:25.755866,71.1,0.0,41.8,29.33,6.5,NNE,4.1,,Fair,False,False,False,False,False,False,False,False,False,False,False,True,False,Day,Day,Day,Day
A-121922,Source1,2,2024-01-09 23:03:38.722178,2024-01-10 02:25:38.722178,35.115957,-80.784892,,,0.306,Instead since somebody question it per official lose.,Thomas Overpass,Charlotte,Taylorborough,NC,87423,US,US/Eastern,KyFP,2024-01-09 22:47:38.722178,85.7,0.0,45.6,30.01,4.9,NE,10.0,0.0,Fair,False,False,False,False,False,False,False,False,False,False,False,False,False,Night,Night,Night,Night
A-5871364,Source1,4,2019-10-26 12:46:12.626503,2019-10-26 15:10:12.626503,25.857151,-80.321873,25.856003,-80.309746,2.297,Growth daughter sport different close.,Zachary Squares,Miami,Watkinsbury,FL,56530,US,US/Eastern,KZOb,2019-10-26 12:26:12.626503,47.0,36.02540719972273,91.6,28.67,12.1,WSW,15.6,,Haze,False,False,False,False,False,False,False,False,False,False,False,True,False,Day,Day,Day,Day
A-5370577,Source1,2,2024-11-27 04:53:20.411833,2024-11-27 05:42:20.411833,34.133114,-118.368926,34.131869,,3.557,Data laugh nor image debate.,Flynn Route,Los Angeles,South Kevin,CA,46394,US,US/Eastern,KhWM,2024-11-27 04:43:20.411833,47.7,0.0,67.0,28.99,5.5,SW,,,Partly Cloudy / Windy,False,False,False,False,False,False,False,False,False,False,False,False,False,Night,Night,Day,Day
A-8643910,Source1,2,2025-10-01 12:14:48.196748,2025-10-01 15:46:48.196748,30.500292,-91.067743,30.502848,-91.075806,1.885,Health same memory lead hear catch beat.,Kim Motorway,Baton Rouge,South Douglas,LA,65952,US,US/Eastern,KDaC,2025-10-01 11:50:48.196748,38.5,33.56341283693696,55.5,30.71,6.3,W,7.1,0.0,Fair,False,False,False,False,False,False,False,False,False,False,False,True,False,Day,Day,Day,Day
A-8983402,Source1,2,2020-02-17 22:59:28.900560,2020-02-18 00:38:28.900560,35.761877,-78.709531,35.767366,,0.953,Join road feel hotel center.,Frost Extensions,Raleigh,Lake Clarenceville,NC,15654,US,US/Eastern,KSvb,2020-02-17 22:32:28.900560,74.2,0.0,63.0,27.5,12.6,SSW,3.7,0.0,T-Storm,False,False,False,False,False,False,False,False,False,False,False,False,False,Night,Night,Night,Night
A-5889394,Source2,2,2020-06-11 14:11:28.123231,2020-06-11 16:50:28.123231,45.03889,-93.142103,45.029592,-93.142291,0.353,Increase pressure amount participant national.,Susan Ports,Saint Paul,Port Crystal,MN,17567,US,US/Eastern,KLcF,2020-06-11 13:52:28.123231,82.6,0.0,32.8,28.94,5.3,NW,13.5,0.0,Fair,False,False,False,False,False,False,False,False,False,False,False,False,False,Day,Day,Day,Day
A-9494977,Source3,2,2022-09-23 01:01:11.297213,2022-09-23 04:19:11.297213,25.782843,-80.304146,25.78312,-80.295441,2.376,Today particularly either by service.,Nunez Vista,Miami,Heatherberg,FL,91655,US,US/Eastern,KBla,2022-09-23 00:54:11.297213,66.7,0.0,57.6,27.59,9.6,E,7.6,0.0,Clear,False,False,False,False,False,False,False,False,False,False,False,False,False,Night,Night,Night,Night
A-2938373,Source1,3,2020-10-18 17:55:52.402184,2020-10-18 18:58:52.402184,44.922544,-93.365962,44.924555,,0.776,Best concern nature various military game commercial.,Hoffman Extensions,Minneapolis,Port Matthew,MN,80650,US,US/Eastern,KqgH,2020-10-18 17:41:52.402184,62.8,0.0,91.1,27.68,8.9,NNE,2.9,0.05,Light Rain,False,False,False,False,False,False,False,False,False,False,False,False,False,Day,Day,Day,Day
A-9056122,Source2,2,2024-09-23 18:53:28.066381,2024-09-23 21:12:28.066381,29.320846,-98.568366,,-98.577955,0.657,List able director bar expert.,Rachel Valley,San Antonio,East Elizabethland,TX,70374,US,US/Eastern,KMxa,2024-09-23 18:29:28.066381,53.3,0.0,100.1,28.32,6.4,SE,5.7,0.0,Partly Cloudy,False,False,False,False,False,False,False,False,False,False,False,False,False,Night,Day,Day,Day
A-7526536,Source1,2,2022-05-04 18:12:13.669683,2022-05-04 20:45:13.669683,32.311195,-110.855387,32.309495,-110.861235,2.384,Employee our story beat again.,Maldonado Coves,Tucson,East Ericside,AZ,17712,US,US/Eastern,KYWY,2022-05-04 17:49:13.669683,79.2,,48.6,28.91,9.0,WNW,10.6,0.0,Fog,False,False,False,False,False,False,False,False,False,False,False,False,False,Night,Day,Day,Day
A-7297923,Source2,3,2022-05-27 03:58:08.403836,2022-05-27 07:24:08.403836,37.300163,-121.835688,37.293184,,1.157,Through outside more dream determine western cause.,Louis Oval,San Jose,Knoxville,CA,68986,US,US/Eastern,KERM,2022-05-27 03:48:08.403836,39.7,32.217087825146905,49.9,29.7,9.8,E,10.7,0.0,Clear,False,False,False,False,False,False,False,False,False,False,False,False,False,Night,Night,Night,Night
A-9100020,Source2,3,2025-05-28 18:09:31.815960,2025-05-28 19:26:31.815960,25.702039,-80.383547,25.709594,,0.19,Near year bring actually car.,Morris Corners,Miami,East Josephview,FL,82092,US,US/Eastern,KVYt,2025-05-28 17:46:31.815960,24.9,0.0,120.6,29.57,6.0,NNW,2.9,0.0,Mostly Cloudy,False,False,True,False,False,False,False,False,False,False,False,False,False,Night,Day,Day,Day
A-8751576,Source2,2,2018-06-19 00:17:32.722802,2018-06-19 00:43:32.722802,33.788809,-84.388859,33.791759,,0.774,Executive from pass market.,Diaz Fort,Atlanta,Laurabury,GA,31830,US,US/Eastern,KJtd,2018-06-18 23:57:32.722802,73.2,0.0,76.7,29.03,8.1,SSW,0.0,0.0,Cloudy,False,False,False,False,False,False,False,False,False,False,False,False,False,Night,Night,Night,Night
A-9089082,Source2,2,2025-01-20 08:09:53.172341,2025-01-20 11:42:53.172341,35.31559,-80.833206,,-80.82928,0.433,Back sister office look.,Kirby Village,Charlotte,Lake Carrie,NC,05515,US,US/Eastern,KbAw,2025-01-20 08:00:53.172341,65.1,0.0,48.1,31.45,15.4,VAR,4.9,0.0,Fair,False,False,False,False,False,False,False,False,False,False,False,False,False,Day,Day,Day,Day
A-7366611,Source1,2,2025-07-20 18:39:32.820711,2025-07-20 19:57:32.820711,30.252551,-81.456313,,,0.527,Leg page modern somebody read natural.,Larsen Unions,Jacksonville,Livingstonfort,FL,62612,US,US/Eastern,KVFG,2025-07-20 18:11:32.820711,45.7,37.736493500927935,62.3,29.56,10.7,CALM,11.3,0.0,Mostly Cloudy,True,False,False,False,False,False,False,False,False,False,False,False,False,Night,Day,Day,Day
A-643192,Source1,2,2020-09-16 17:43:04.836340,2020-09-16 18:40:04.836340,34.09656,-118.134849,34.106583,-118.131593,0.94,Eight same then our before.,Chang Shoal,Los Angeles,Greerfort,CA,78436,US,US/Eastern,KDBk,2020-09-16 17:34:04.836340,64.3,,80.5,29.43,7.3,SE,8.8,0.0,Partly Cloudy,False,False,True,False,False,False,False,False,False,False,False,True,False,Day,Day,Day,Day
A-2405096,Source1,4,2025-02-21 04:15:27.502057,2025-02-21 05:50:27.502057,44.977976,-93.321229,44.965285,,0.568,Lay old detail free operation activity reduce character.,Gibson Drive,Minneapolis,Hallmouth,MN,60897,US,US/Eastern,KOZW,2025-02-21 03:55:27.502057,63.4,0.0,59.2,29.65,12.7,Variable,4.2,,Mostly Cloudy,False,False,False,False,False,False,False,False,False,False,False,False,False,Night,Night,Day,Day
A-405044,Source1,2,2022-02-08 04:41:13.156740,2022-02-08 07:41:13.156740,25.831704,-80.258178,25.837968,-80.255106,0.837,Reflect describe standard before rise final this.,Reed Streets,Miami,Lake Michelleside,FL,26221,US,US/Eastern,KMlA,2022-02-08 04:30:13.156740,48.8,,78.2,28.6,10.0,CALM,0.0,0.0,Fair,False,False,False,False,False,False,False,False,False,False,False,False,False,Night,Night,Day,Day
A-8983937,Source2,3,2021-05-05 09:16:10.315310,2021-05-05 12:43:10.315310,29.942183,-95.591735,29.937865,,1.613,Team partner mention your who.,Mallory Mews,Houston,West Anthonyton,TX,64687,US,US/Eastern,KKFr,2021-05-05 08:59:10.315310,38.3,,75.1,29.65,10.2,ENE,1.8,0.0,Fair,False,False,False,False,False,False,False,False,False,False,False,False,False,Day,Day,Day,Day
A-1723425,Source2,2,2023-01-11 06:52:27.382926,2023-01-11 10:51:27.382926,29.849089,-95.229881,,,1.801,Cell increase town pattern those American.,Elizabeth Heights,Houston,Lake Jennifer,TX,84674,US,US/Eastern,KBMu,2023-01-11 06:33:27.382926,40.7,34.521820059959474,62.5,28.67,11.9,NE,8.9,0.0,Overcast,False,False,False,False,True,False,False,False,False,False,False,False,False,Day,Day,Day,Day
A-8141398,Source2,3,2019-07-20 09:33:56.326015,2019-07-20 11:42:56.326015,29.755506,-95.335881,,-95.346942,3.207,Meeting scientist Congress bed shoulder.,Christopher Via,Houston,Jasminehaven,TX,53424,US,US/Eastern,KbXA,2019-07-20 09:28:56.326015,,22.10200588500892,75.6,29.55,6.6,N,6.7,0.0,Fair,False,False,True,False,False,False,False,False,False,False,False,False,False,Day,Day,Day,Day
A-5110005,Source1,2,2023-01-02 17:11:57.839979,2023-01-02 20:49:57.839979,32.853689,-117.188962,,-117.18117,2.029,Son break member young goal agent.,Matthew Mission,San Diego,Elijahberg,CA,83209,US,US/Eastern,KvUS,2023-01-02 17:05:57.839979,53.6,0.0,44.2,27.97,3.8,ENE,7.0,0.0,Fair,False,False,False,False,False,False,False,False,False,False,False,False,False,Day,Day,Day,Day
A-2362326,Source2,2,2021-04-23 12:37:55.178840,2021-04-23 13:36:55.178840,35.517545,-97.582625,35.513098,,2.845,Increase white community blood politics sort.,Maria Highway,Oklahoma City,Carlsonland,OK,55773,US,US/Eastern,KYNa,2021-04-23 12:23:55.178840,33.9,,79.0,30.52,9.9,North,8.4,0.0,Partly Cloudy,False,False,False,False,False,False,False,False,False,False,False,False,False,Day,Day,Day,Day
A-3295227,Source1,2,2019-06-07 04:43:36.325058,2019-06-07 07:18:36.325058,35.81111,-78.599486,,-78.60098,3.761,Especially what building expect.,Salinas Divide,Raleigh,East Jeffrey,NC,93472,US,US/Eastern,KywY,2019-06-07 04:37:36.325058,65.9,0.0,56.2,28.78,11.8,,3.9,,Fair,False,False,False,False,False,False,False,False,False,False,False,False,False,Night,Night,Day,Day
A-3437203,Source2,2,2021-10-18 17:57:17.046585,2021-10-18 21:48:17.046585,35.855608,-78.519931,,-78.52072,1.293,Evidence himself much cup.,James Stravenue,Raleigh,Lloydville,NC,35300,US,US/Eastern,KBOd,2021-10-18 17:31:17.046585,60.5,0.0,40.2,30.74,9.9,VAR,7.3,,Partly Cloudy,False,False,False,False,False,False,False,False,False,False,False,False,False,Day,Day,Day,Day
A-2398573,Source2,2,2018-06-28 20:45:22.124425,2018-06-28 22:48:22.124425,34.085605,-118.276083,,-118.283345,1.988,Adult million organization experience improve goal fire main.,Garcia Road,Los Angeles,West Jamesbury,CA,71951,US,US/Eastern,KRmh,2018-06-28 20:26:22.124425,78.1,0.0,74.2,28.9,13.1,VAR,7.6,0.0,Fair,False,False,False,False,False,False,False,False,False,False,False,False,False,Night,Night,Night,Night
A-7010605,Source1,2,2019-04-24 00:41:25.008127,2019-04-24 00:58:25.008127,41.930569,-87.606878,,,2.311,Occur design general finally different.,Michael Corners,Chicago,Angelaborough,IL,76775,US,US/Eastern,KSUA,2019-04-24 00:24:25.008127,41.6,,68.9,30.46,5.8,S,,0.0,Fair,False,False,False,False,False,False,False,False,False,False,False,False,False,Night,Night,Night,Night
A-6465197,Source1,2,2022-11-04 08:29:13.789566,2022-11-04 10:05:13.789566,29.796903,-95.395491,29.795241,-95.396104,1.362,Or edge dog reality generation.,Brown Prairie,Houston,Lake Johnmouth,TX,44819,US,US/Eastern,KSNZ,2022-11-04 08:07:13.789566,84.6,,29.2,29.46,7.9,SW,3.0,,Mostly Cloudy,False,False,False,False,False,False,False,False,False,False,False,False,False,Day,Day,Day,Day
A-5109668,Source1,2,2023-12-29 14:33:36.289674,2023-12-29 14:54:36.289674,25.868846,-80.343616,25.866198,,0.558,House government artist once brother.,Benjamin Glen,Miami,West John,FL,86524,US,US/Eastern,KEkY,2023-12-29 14:08:36.289674,60.3,0.0,67.7,29.69,8.6,ESE,14.8,,Cloudy,False,False,False,False,False,False,False,False,False,False,False,False,False,Day,Day,Day,Day
A-9361576,Source2,2,2021-02-06 04:16:49.706992,2021-02-06 06:23:49.706992,32.796681,-96.834937,,-96.845552,1.193,Bad surface second concern drive bar.,Fox Isle,Dallas,Cruzburgh,TX,34170,US,US/Eastern,KeEB,2021-02-06 04:02:49.706992,59.8,0.0,73.0,28.49,10.6,Variable,13.9,,Partly Cloudy,False,False,False,False,False,False,False,False,False,False,False,False,False,Night,Night,Day,Day
A-3839159,Source2,2,2021-01-02 09:47:58.396054,2021-01-02 13:39:58.396054,28.568379,-81.408988,28.572363,-81.390302,2.115,Poor music I we.,Wells Mill,Orlando,Scottstad,FL,05800,US,US/Eastern,KBTa,2021-01-02 09:20:58.396054,80.3,,104.6,30.32,8.0,W,15.1,0.0,Partly Cloudy,False,False,False,False,False,False,False,False,False,False,False,False,False,Day,Day,Day,Day
A-1017276,Source1,2,2020-04-07 11:18:32.337164,2020-04-07 13:20:32.337164,39.810719,-86.067013,39.808952,,2.587,Let role bring purpose.,Lawrence Garden,Indianapolis,North Robert,IN,77175,US,US/Eastern,KMqQ,2020-04-07 11:13:32.337164,46.3,,71.1,29.95,9.5,N,1.2,0.07,Rain,False,False,False,False,False,False,False,False,False,False,False,False,False,Day,Day,Day,Day
A-6382646,Source2,2,2019-02-17 02:05:49.720785,2019-02-17 04:36:49.720785,44.872981,-93.099731,,-93.090858,0.382,Many film station walk quite music goal.,Mills Cove,Saint Paul,Ericafurt,MN,60973,US,US/Eastern,KnnE,2019-02-17 01:46:49.720785,77.4,0.0,94.6,29.51,7.4,E,1.5,0.0,Scattered Clouds,False,False,False,False,False,False,False,False,False,False,False,False,False,Night,Night,Night,Night
A-1255705,Source1,2,2020-08-04 04:47:19.893340,2020-08-04 08:40:19.893340,29.870364,-95.376037,29.862563,-95.376583,2.633,Consumer offer recognize become admit watch reduce.,Giles Harbor,Houston,Simpsontown,TX,03804,US,US/Eastern,Kvdo,2020-08-04 04:31:19.893340,41.1,,87.6,28.19,7.1,WNW,13.7,0.0,Fair,False,False,False,False,False,False,False,False,False,False,False,False,False,Night,Night,Day,Day
A-1045581,Source1,3,2022-11-23 23:34:04.179601,2022-11-24 02:45:04.179601,36.121847,-86.777996,36.126712,-86.761891,2.727,Ball picture sea piece business.,Robin Drive,Nashville,South Allison,TN,62011,US,US/Eastern,KfQV,2022-11-23 23:07:04.179601,42.8,30.6512219631293,36.2,28.89,6.7,West,17.3,,,False,False,False,False,False,False,False,False,False,False,False,False,False,Night,Night,Night,Night
A-6344908,Source1,2,2025-05-23 01:59:15.260303,2025-05-23 03:48:15.260303,32.893631,-96.810935,32.885958,-96.810208,1.583,Least report rather happy matter card short.,Amanda Prairie,Dallas,Jeremyton,TX,29522,US,US/Eastern,KrId,2025-05-23 01:33:15.260303,,0.0,89.4,31.7,11.2,WNW,6.3,0.0,Cloudy,False,False,False,False,True,False,False,False,False,False,False,False,False,Night,Night,Night,Night
A-7678253,Source2,2,2020-10-16 09:40:53.416929,2020-10-16 09:51:53.416929,25.80369,-80.321808,,-80.317145,0.768,Certainly school yet.,Martinez Courts,Miami,South Audrey,FL,81258,US,US/Eastern,KqiO,2020-10-16 09:19:53.416929,37.9,30.82970597138022,63.3,29.5,10.8,East,10.1,,Clear,False,False,False,False,False,False,False,False,False,False,False,False,False,Day,Day,Day,Day
A-1596132,Source1,2,2022-09-25 08:19:02.363812,2022-09-25 11:09:02.363812,32.834318,-96.687296,32.854781,-96.67564,1.755,Condition this garden skin expect about.,Evans Overpass,Dallas,South Ashley,TX,23192,US,US/Eastern,KJiF,2022-09-25 08:13:02.363812,86.5,,70.0,29.89,7.3,SSE,5.1,0.0,Mostly Cloudy,False,False,False,False,False,False,False,False,False,False,False,False,False,Day,Day,Day,Day
A-2313906,Source2,3,2021-03-20 15:14:20.868130,2021-03-20 18:52:20.868130,25.831283,-80.219522,,-80.234698,0.898,Head strategy already could show attorney develop.,Hancock Camp,Miami,Williamfort,FL,05152,US,US/Eastern,KDBS,2021-03-20 14:58:20.868130,75.9,0.0,57.9,29.98,9.2,SE,1.6,0.0,Overcast,False,False,False,False,False,False,False,False,False,False,False,False,False,Day,Day,Day,Day
A-2250578,Source2,3,2019-09-19 12:13:35.178303,2019-09-19 13:06:35.178303,35.166643,-80.746622,35.164261,-80.73564,1.085,It visit study discover travel.,Oscar Track,Charlotte,Lake Nathanfurt,NC,42024,US,US/Eastern,KaSw,2019-09-19 12:01:35.178303,58.1,0.0,80.2,29.42,,ESE,5.8,0.0,Fair,False,False,False,False,False,False,False,False,False,False,False,False,False,Day,Day,Day,Day
A-1977129,Source2,2,2018-08-23 12:32:11.247905,2018-08-23 12:52:11.247905,32.799319,-96.74102,32.780709,-96.731756,1.555,Region ten push commercial.,Smith Terrace,Dallas,South Chrisburgh,TX,80773,US,US/Eastern,KscE,2018-08-23 12:19:11.247905,21.9,0.0,62.2,29.0,10.5,ESE,0.0,0.08,Light Rain,False,False,False,False,False,False,False,False,False,False,False,False,False,Day,Day,Day,Day
A-5968033,Source1,2,2022-11-26 11:11:50.269655,2022-11-26 13:00:50.269655,35.47462,-97.543488,,,0.221,It throw actually step defense teach ball.,Sara Plain,Oklahoma City,Whiteton,OK,57921,US,US/Eastern,KMBr,2022-11-26 10:45:50.269655,38.9,29.96235478204324,77.2,29.83,12.6,S,12.7,0.0,Fair,False,False,True,False,False,False,False,False,False,False,False,False,False,Day,Day,Day,Day
A-6560973,Source3,3,2023-06-01 20:45:18.725673,2023-06-01 23:06:18.725673,35.206208,-80.898164,,-80.899014,1.242,Can recognize think magazine idea.,Waters Ferry,Charlotte,Stewartchester,NC,39479,US,US/Eastern,KHgv,2023-06-01 20:31:18.725673,63.0,,86.5,30.71,7.8,CALM,,,Mostly Cloudy / Windy,False,False,False,False,True,False,False,False,False,False,False,False,False,Night,Night,Night,Night
A-1911367,Source1,2,2023-07-15 20:09:01.834514,2023-07-15 21:34:01.834514,35.325227,-80.942984,35.320116,,0.058,Involve carry either.,Mark Skyway,Charlotte,Port Alexis,NC,64306,US,US/Eastern,KJCm,2023-07-15 19:40:01.834514,40.6,33.46220898833396,61.5,,8.4,W,10.1,0.0,Fair,False,False,False,False,False,False,False,False,False,False,False,False,False,Night,Night,Night,Night
A-8503460,Source1,3,2023-03-15 13:01:33.313124,2023-03-15 13:30:33.313124,36.18298,-86.673414,36.180521,-86.672831,2.75,Collection sure rise better only.,Valerie Rapid,Nashville,North Michelleville,TN,42433,US,US/Eastern,KZXD,2023-03-15 12:51:33.313124,75.0,,74.6,30.83,10.7,ENE,0.0,0.0,Fair,False,False,False,False,False,False,False,False,False,False,False,True,False,Day,Day,Day,Day
A-4678219,Source2,2,2023-09-29 14:56:09.369199,2023-09-29 15:21:09.369199,34.0805,-81.084673,34.075511,-81.075822,2.838,Learn government population season.,Garrett Fall,Columbia,Port Jasonside,SC,10351,US,US/Eastern,KAQx,2023-09-29 14:31:09.369199,72.3,0.0,56.7,30.33,10.2,E,8.4,0.0,Fair,False,False,False,False,False,False,False,False,False,False,False,False,False,Day,Day,Day,Day
A-8731550,Source1,2,2023-09-15 13:13:35.666261,2023-09-15 13:36:35.666261,35.789029,-78.612917,,,0.876,Laugh new message doctor spend hair.,Christopher Ville,Raleigh,Kimberlystad,NC,26201,US,US/Eastern,KXSW,2023-09-15 12:58:35.666261,97.4,0.0,89.5,27.74,5.3,SSE,11.4,0.1,Light Rain,False,False,False,False,False,False,False,False,False,False,False,False,False,Day,Day,Day,Day
A-6577721,Source2,2,2018-08-08 17:47:18.036071,2018-08-08 21:28:18.036071,32.756808,-96.790362,32.747634,,0.819,Then leg rest both language whose.,Pope Valley,Dallas,New Melissabury,TX,19706,US,US/Eastern,KMmu,2018-08-08 17:24:18.036071,53.0,,53.0,28.5,8.1,E,14.7,0.0,Clear,False,False,False,False,False,False,False,False,False,False,False,False,False,Day,Day,Day,Day
A-6748030,Source1,3,2018-03-21 14:03:48.373390,2018-03-21 18:01:48.373390,34.125348,-80.949683,34.123184,-80.963062,0.496,Force meeting at.,Wright Manor,Columbia,Danieltown,SC,38446,US,US/Eastern,KNHg,2018-03-21 13:48:48.373390,80.2,0.0,39.5,30.67,4.0,NW,1.9,,Light Rain,False,False,False,False,False,False,False,False,False,False,False,False,False,Day,Day,Day,Day
A-5123468,Source1,3,2018-10-13 05:10:18.444115,2018-10-13 05:23:18.444115,30.358602,-97.751402,,-97.741834,0.953,South market manage player whose rich term some.,Peterson Fords,Austin,Kylestad,TX,41722,US,US/Eastern,KgAc,2018-10-13 04:59:18.444115,64.1,0.0,58.4,29.81,10.5,South,3.4,0.0,Wintry Mix,False,False,False,False,False,False,False,False,False,False,False,False,False,Night,Day,Day,Day
A-885758,Source1,2,2024-05-19 17:54:08.025957,2024-05-19 21:40:08.025957,33.485734,-112.094798,33.504788,,0.444,Computer hour fast image he.,William Rue,Phoenix,Lake Cynthiaton,AZ,99806,US,US/Eastern,KnhG,2024-05-19 17:33:08.025957,23.3,15.546283605115942,35.4,29.43,,CALM,11.1,0.0,Fair,False,False,False,False,False,False,False,False,False,False,False,True,False,Day,Day,Day,Day
A-4305253,Source1,2,2022-01-29 01:59:44.325022,2022-01-29 05:30:44.325022,32.821412,-117.10709,,,1.956,Interest wrong have.,White Port,San Diego,Colemanmouth,CA,42202,US,US/Eastern,Kgmv,2022-01-29 01:50:44.325022,65.3,,75.0,30.24,8.7,SSE,13.0,0.0,Fair,False,False,False,False,False,False,False,False,False,False,False,False,False,Night,Night,Night,Night
A-160253,Source1,3,2024-09-18 13:51:47.605688,2024-09-18 15:51:47.605688,36.127189,-86.730412,,,1.879,Thing what owner door show remember democratic with.,Contreras Land,Nashville,North Brandon,TN,26303,US,US/Eastern,KCJp,2024-09-18 13:29:47.605688,63.6,0.0,67.6,29.71,7.9,WNW,9.4,0.0,Fair,False,False,False,False,False,False,False,False,False,False,False,False,False,Day,Day,Day,Day
A-9383158,Source1,3,2021-10-05 03:22:03.323207,2021-10-05 07:04:03.323207,29.536274,-95.400228,29.530201,-95.416332,1.495,By when almost technology.,Pena Islands,Houston,Port Loganton,TX,69755,US,US/Eastern,KgPE,2021-10-05 03:02:03.323207,,0.0,29.1,29.7,10.1,SW,2.9,0.0,Fair,False,False,False,False,False,False,False,False,False,False,False,False,False,Night,Night,Night,Night
A-264833,Source1,2,2021-02-14 01:59:17.125787,2021-02-14 04:28:17.125787,25.660454,-80.363417,25.653802,,1.343,Side shake sound camera often prepare since.,Kane Island,Miami,East Stephenview,FL,84307,US,US/Eastern,Kadl,2021-02-14 01:47:17.125787,76.5,0.0,61.0,27.54,6.7,WSW,,,Mostly Cloudy,False,False,False,False,False,False,False,False,False,False,False,False,False,Night,Night,Night,Night
A-826677,Source2,2,2025-10-08 00:29:39.338556,2025-10-08 03:41:39.338556,34.014931,-118.180063,34.012565,,1.686,Short guess some particular.,Meyer Vista,Los Angeles,Lake Adam,CA,19173,US,US/Eastern,KbDF,2025-10-08 00:07:39.338556,46.9,0.0,48.6,29.66,5.8,NW,0.5,0.0,Clear,False,False,False,False,False,False,False,False,False,False,False,False,False,Night,Night,Night,Night
A-4797280,Source1,2,2021-01-17 15:54:32.510048,2021-01-17 17:33:32.510048,33.731257,-112.058634,33.724038,,1.018,Score wrong along hot together foot budget.,Stewart Prairie,Phoenix,East Jameshaven,AZ,35558,US,US/Eastern,KLsk,2021-01-17 15:49:32.510048,80.3,0.0,68.5,28.42,8.4,West,3.6,0.0,Fair,False,False,False,False,False,False,False,False,False,False,False,False,False,Day,Day,Day,Day
A-1738952,Source2,3,2022-08-18 19:11:47.636305,2022-08-18 21:19:47.636305,35.203922,-80.729867,35.202513,,0.54,Country entire leg director hour vote four.,Henderson Knolls,Charlotte,Rogersburgh,NC,03090,US,US/Eastern,KAVW,2022-08-18 18:57:47.636305,59.7,,60.4,,13.8,N,8.5,,Cloudy,False,False,False,False,False,False,False,False,False,False,False,False,False,Night,Night,Day,Day
A-7223705,Source1,3,2021-07-16 04:16:21.389009,2021-07-16 07:37:21.389009,39.807705,-86.177254,,-86.173462,2.223,Media technology five.,Maria Freeway,Indianapolis,Aliciaside,IN,70846,US,US/Eastern,KoXv,2021-07-16 04:03:21.389009,88.9,,65.3,29.71,7.6,W,4.0,0.0,Fair,False,False,False,False,True,False,True,False,True,False,False,False,False,Night,Night,Day,Day
A-8269984,Source1,2,2024-03-23 17:11:50.593665,2024-03-23 20:22:50.593665,30.383139,-97.75055,30.378299,-97.742909,3.13,Despite simple worker everything kind perform because.,Brendan Stream,Austin,New Arthur,TX,10346,US,US/Eastern,KgGO,2024-03-23 16:50:50.593665,85.6,,44.0,29.47,9.0,NW,0.5,,Partly Cloudy,False,False,False,False,False,False,False,False,False,False,False,False,False,Day,Day,Day,Day
A-1760644,Source2,2,2018-09-11 12:31:07.521219,2018-09-11 14:33:07.521219,37.295385,-121.913943,37.286458,,1.999,Either do school administration might sign work walk.,Grant Cove,San Jose,Litown,CA,67532,US,US/Eastern,Kjeq,2018-09-11 12:11:07.521219,22.8,17.36498782292902,127.1,29.7,11.2,N,7.8,0.0,Partly Cloudy,False,False,False,False,False,False,False,False,False,False,False,False,False,Day,Day,Day,Day
A-5181598,Source1,3,2022-10-09 16:36:05.950416,2022-10-09 18:50:05.950416,33.927063,-118.351322,,,0.586,Police since production.,Guerrero Summit,Los Angeles,Lorimouth,CA,06485,US,US/Eastern,Kiwq,2022-10-09 16:20:05.950416,71.9,0.0,104.4,29.1,11.0,West,9.5,0.0,Fair,False,False,True,False,False,False,False,False,False,False,False,False,False,Day,Day,Day,Day
A-2141854,Source1,2,2021-10-15 19:32:57.102737,2021-10-15 22:05:57.102737,35.790308,-78.637154,,-78.640327,0.772,Most young seem probably hope economic.,Olson Junction,Raleigh,Rebeccastad,NC,10127,US,US/Eastern,KTeV,2021-10-15 19:17:57.102737,,19.723983672573514,100.7,28.92,5.0,SSW,7.1,0.0,Cloudy,False,False,False,False,False,False,False,False,False,False,False,False,False,Night,Night,Day,Day
A-9016095,Source2,1,2023-12-18 19:49:26.453287,2023-12-18 20:19:26.453287,34.109684,-118.252624,34.113575,,2.526,Analysis fast rate two so administration truth.,Kelly Highway,Los Angeles,West Kaylashire,CA,59238,US,US/Eastern,KwcX,2023-12-18 19:26:26.453287,55.2,0.0,83.3,28.99,12.1,CALM,16.3,0.0,Partly Cloudy,False,False,False,False,False,False,False,False,False,False,False,False,False,Night,Night,Day,Day
A-5874567,Source1,3,2022-12-19 00:41:15.056991,2022-12-19 04:16:15.056991,29.742928,-95.602039,,,1.435,Organization democratic what grow.,Alexa Circle,Houston,Veronicaborough,TX,17629,US,US/Eastern,KAOX,2022-12-19 00:24:15.056991,65.1,0.0,82.2,27.1,6.8,NNE,17.6,0.0,Overcast,False,False,False,False,False,False,False,False,False,False,False,False,False,Night,Night,Night,Night
A-690114,Source1,2,2019-11-24 20:51:22.776479,2019-11-24 22:09:22.776479,33.98933,-118.304622,33.986707,-118.304493,4.587,Else opportunity require institution.,Wright Islands,Los Angeles,Wilsonberg,CA,76146,US,US/Eastern,KzoE,2019-11-24 20:26:22.776479,33.7,0.0,76.2,28.82,,WSW,0.8,0.0,Cloudy / Windy,False,False,False,False,False,False,False,False,False,False,False,False,False,Night,Night,Night,Night
A-3064635,Source1,1,2019-09-29 01:39:33.130645,2019-09-29 04:36:33.130645,34.889476,-82.336972,,-82.337223,0.719,Record room single design water garden realize.,Tyler Glens,Greenville,Bryanstad,SC,03618,US,US/Eastern,KuMA,2019-09-29 01:16:33.130645,35.8,,82.5,29.1,9.2,NNE,11.7,0.0,Cloudy,False,False,True,False,True,False,False,False,False,False,False,True,False,Night,Night,Night,Night
A-3388788,Source1,2,2021-12-13 00:54:10.712660,2021-12-13 04:30:10.712660,35.172663,-80.933262,35.168533,-80.936368,1.22,Another for many paper.,Richard Ramp,Charlotte,Lauraborough,NC,23041,US,US/Eastern,KhEp,2021-12-13 00:41:10.712660,100.0,,63.8,29.22,7.3,East,7.9,0.0,Mostly Cloudy,False,False,False,False,False,False,False,False,False,False,False,False,False,Night,Night,Night,Night
A-5488357,Source1,2,2020-01-13 14:03:25.986260,2020-01-13 17:47:25.986260,33.769007,-84.414617,,,2.039,Sure near minute right these civil son.,Maria Stream,Atlanta,Lake Daniel,GA,62429,US,US/Eastern,KNTA,2020-01-13 13:36:25.986260,36.4,0.0,65.0,27.58,8.4,ESE,4.1,0.0,Cloudy,False,False,True,False,False,False,False,False,False,False,False,False,False,Day,Day,Day,Day
A-1937078,Source1,2,2024-10-27 18:26:50.809563,2024-10-27 21:33:50.809563,30.223204,-81.578291,,-81.579467,0.302,American campaign guess budget attorney.,Walker Field,Jacksonville,Port Matthewmouth,FL,09703,US,US/Eastern,KSIL,2024-10-27 18:02:50.809563,57.6,0.0,58.1,30.26,7.9,NNW,5.3,,Fair,False,False,True,False,False,False,False,False,False,False,False,False,False,Night,Day,Day,Day
A-3695460,Source2,3,2024-11-21 09:25:14.104784,2024-11-21 11:48:14.104784,33.841282,-84.3906,,-84.409299,1.045,Cause left address fish.,Wells Fall,Atlanta,Marksland,GA,38909,US,US/Eastern,KXME,2024-11-21 09:01:14.104784,81.1,0.0,68.5,29.53,6.0,NNW,6.5,0.0,Overcast,False,False,True,False,False,False,False,False,False,False,False,False,False,Day,Day,Day,Day
A-5693337,Source2,2,2019-05-31 15:49:10.989949,2019-05-31 18:27:10.989949,37.449216,-77.458259,,-77.463161,3.244,News order consumer mean realize clearly out camera.,Mckenzie Haven,Richmond,Lopezberg,VA,01008,US,US/Eastern,KYxO,2019-05-31 15:39:10.989949,59.3,0.0,94.4,28.5,11.1,,0.0,,Cloudy,False,False,True,False,False,False,False,False,False,False,False,True,False,Day,Day,Day,Day
A-4991334,Source2,2,2024-05-22 11:35:55.518879,2024-05-22 12:10:55.518879,30.263115,-97.627043,,,2.711,Professor capital our.,Sierra Curve,Austin,Cynthiaport,TX,47870,US,US/Eastern,KAuZ,2024-05-22 11:24:55.518879,68.1,0.0,84.9,29.93,10.4,CALM,11.0,0.0,Mostly Cloudy,False,False,False,False,False,False,False,False,False,False,False,False,False,Day,Day,Day,Day
A-1422464,Source2,2,2019-09-22 23:26:55.218612,2019-09-23 02:31:55.218612,34.779653,-82.332281,,,2.481,Indicate message could between government.,Maria Flats,Greenville,Macdonaldmouth,SC,28996,US,US/Eastern,KktW,2019-09-22 23:21:55.218612,46.9,0.0,97.9,30.52,6.7,SW,3.0,0.0,Mostly Cloudy,False,False,False,False,False,False,False,False,False,False,False,False,False,Night,Night,Night,Night
A-9742227,Source2,2,2024-06-15 14:07:02.104561,2024-06-15 15:15:02.104561,32.335621,-110.893196,32.328761,,0.73,Last modern boy yourself response tell generation than.,Scott Plains,Tucson,Andersonchester,AZ,65826,US,US/Eastern,KPDt,2024-06-15 13:59:02.104561,85.6,0.0,62.7,30.56,5.4,W,2.6,0.0,Fair,False,False,False,False,False,False,False,False,False,False,False,True,False,Day,Day,Day,Day
A-9371118,Source2,2,2025-12-20 03:54:24.245200,2025-12-20 04:50:24.245200,29.721454,-95.381159,29.723328,-95.388728,0.116,Type especially beat senior condition.,Murphy Burg,Houston,Henryview,TX,60082,US,US/Eastern,KxgE,2025-12-20 03:41:24.245200,,0.0,75.0,29.34,3.9,CALM,12.5,0.0,Haze,False,False,False,False,False,False,False,False,False,False,False,False,False,Night,Night,Night,Night
A-2171270,Source1,3,2021-11-24 18:01:15.590259,2021-11-24 19:10:15.590259,39.741126,-86.046131,,,0.346,Bar look bag south.,Martin Harbor,Indianapolis,South Elizabethside,IN,10129,US,US/Eastern,KqjP,2021-11-24 17:48:15.590259,29.4,21.72371572441279,44.2,29.55,13.6,SSE,10.9,0.0,Fair,False,False,False,False,False,False,False,False,False,False,False,False,False,Night,Day,Day,Day
A-578869,Source2,2,2021-11-25 22:55:42.478194,2021-11-26 00:13:42.478194,38.541254,-121.444724,38.534904,,1.051,Between may serve talk.,Espinoza Flat,Sacramento,North Justin,CA,75770,US,US/Eastern,KMvX,2021-11-25 22:38:42.478194,62.5,,75.0,27.36,5.1,NE,,0.0,Fair,False,False,False,False,False,False,False,False,False,False,False,False,False,Night,Night,Night,Night
A-8542255,Source1,3,2022-09-13 19:58:11.899684,2022-09-13 23:39:11.899684,33.983579,-118.331384,33.996952,,1.064,Politics finally rule never.,Bradley Lane,Los Angeles,Hallmouth,CA,34600,US,US/Eastern,KJTI,2022-09-13 19:44:11.899684,96.4,0.0,94.0,28.09,7.9,S,12.6,0.0,Cloudy,False,False,False,False,False,False,False,False,False,False,False,True,False,Night,Night,Day,Day
A-9006003,Source1,2,2025-05-28 03:00:30.777058,2025-05-28 05:59:30.777058,32.791816,-96.870359,32.795051,,1.998,Fund follow certain across enjoy tend government.,Erin Circles,Dallas,Paulchester,TX,62804,US,US/Eastern,KYlD,2025-05-28 02:49:30.777058,41.5,0.0,46.1,29.31,7.0,NNE,4.4,0.0,Partly Cloudy,False,False,False,False,False,False,False,False,False,False,False,False,False,Night,Night,Night,Night
A-3128425,Source1,2,2018-08-17 13:55:31.832489,2018-08-17 17:16:31.832489,25.997295,-80.299027,25.997776,,1.872,Law us material simple.,Schmidt Shores,Miami,Wallacefort,FL,52108,US,US/Eastern,KmSM,2018-08-17 13:33:31.832489,43.7,29.470453377230502,68.4,30.06,5.8,N,20.3,,Clear,False,False,True,False,False,False,False,False,False,False,False,False,False,Day,Day,Day,Day
A-2017763,Source1,2,2024-04-04 14:01:09.352637,2024-04-04 17:56:09.352637,25.870787,-80.333301,,-80.342315,0.272,Remember sign service.,White River,Miami,Elizabethview,FL,99458,US,US/Eastern,KCtB,2024-04-04 13:52:09.352637,41.7,,39.2,31.64,6.3,CALM,14.2,0.0,Overcast,False,False,False,False,False,False,False,False,False,False,False,False,False,Day,Day,Day,Day
A-8245912,Source1,3,2018-03-19 14:28:53.904310,2018-03-19 16:31:53.904310,37.28891,-121.912096,,-121.911581,2.495,What night enjoy sound however life sense.,Hart Rue,San Jose,Jenniferbury,CA,01640,US,US/Eastern,KSrL,2018-03-19 14:05:53.904310,90.4,0.0,59.9,30.03,15.0,CALM,3.6,0.0,Cloudy,False,False,False,False,False,False,False,False,False,False,False,False,False,Day,Day,Day,Day
A-6414069,Source2,2,2019-10-27 19:26:01.612292,2019-10-27 23:04:01.612292,32.867054,-96.877515,32.87088,-96.886287,1.705,Everybody measure much magazine.,Jason Cliff,Dallas,New Michael,TX,38631,US,US/Eastern,KUhm,2019-10-27 19:15:01.612292,95.0,,86.6,29.36,11.5,CALM,7.8,0.0,Mostly Cloudy,False,False,False,False,False,False,False,False,False,False,False,False,False,Night,Night,Day,Day
A-6111050,Source1,2,2025-09-22 21:06:11.205685,2025-09-22 22:20:11.205685,25.859464,-80.23695,,,0.521,Young cold exist personal return try.,Perez Road,Miami,Lake Damonborough,FL,90194,US,US/Eastern,KPuY,2025-09-22 20:47:11.205685,62.3,,89.1,27.3,10.8,SE,1.1,,Mostly Cloudy,False,False,False,False,False,False,False,False,False,False,False,True,False,Night,Night,Night,Night
A-8188015,Source1,2,2025-04-16 23:39:24.110409,2025-04-17 00:13:24.110409,29.803849,-95.317926,29.788159,-95.339855,1.051,Growth direction type understand plant remember.,Justin Ramp,Houston,East Paul,TX,24359,US,US/Eastern,KsAC,2025-04-16 23:17:24.110409,65.5,0.0,88.5,30.85,13.1,VAR,3.3,0.0,Fair,False,False,False,False,False,False,False,False,False,False,False,False,False,Night,Night,Night,Night
A-2996100,Source1,2,2025-02-07 07:47:39.983706,2025-02-07 08:51:39.983706,33.515597,-112.111514,,,1.05,Run series mean theory result know.,Jessica Well,Phoenix,Clinestad,AZ,23833,US,US/Eastern,KGui,2025-02-07 07:28:39.983706,65.7,,56.9,31.89,10.7,CALM,12.9,0.0,Fair,False,False,False,False,False,False,False,False,False,False,False,False,False,Day,Day,Day,Day
A-2683288,Source1,3,2019-02-21 20:08:49.695799,2019-02-21 21:25:49.695799,38.542066,-121.501075,38.547392,-121.500592,0.522,Mind building not authority.,Norman Summit,Sacramento,New Janetberg,CA,46178,US,US/Eastern,KzBu,2019-02-21 19:44:49.695799,60.6,0.0,82.8,30.38,8.2,West,0.3,,Cloudy,False,False,False,False,False,False,False,False,False,False,False,False,False,Night,Night,Night,Night
A-9476970,Source2,2,2021-02-18 20:18:40.949296,2021-02-18 22:17:40.949296,32.894552,-96.790526,32.892648,,3.059,Husband choice attorney sing baby position trip.,Sarah Drive,Dallas,Carrillohaven,TX,47280,US,US/Eastern,KitQ,2021-02-18 19:52:40.949296,91.5,0.0,57.6,30.26,6.9,E,0.0,,Fair,False,False,False,False,False,False,False,False,False,False,False,False,False,Night,Night,Night,Night
A-7367015,Source2,2,2024-06-06 17:47:00.640534,2024-06-06 21:42:00.640534,29.834677,-95.338859,29.834897,,1.938,Scientist suddenly staff night within let.,Durham Forks,Houston,South Matthew,TX,59114,US,US/Eastern,KnZa,2024-06-06 17:36:00.640534,76.7,0.0,88.4,30.32,8.7,NW,20.4,0.0,Fair,False,False,False,False,False,False,True,False,False,True,False,False,False,Day,Day,Day,Day
A-9447,Source2,2,2025-11-07 19:42:11.774014,2025-11-07 19:53:11.774014,29.614576,-95.427964,29.598215,,0.233,Bag crime good case ago strong hard.,Michele Bypass,Houston,Shepardborough,TX,14155,US,US/Eastern,Kuhm,2025-11-07 19:22:11.774014,58.1,,82.4,29.15,7.0,SE,2.3,0.0,Overcast,False,False,False,False,False,False,False,False,False,False,False,False,False,Night,Night,Day,Day
A-7987017,Source1,2,2021-01-06 12:09:08.686208,2021-01-06 15:33:08.686208,35.253243,-80.755344,,-80.746199,3.364,Establish determine same day.,Cummings Club,Charlotte,New Jessica,NC,27817,US,US/Eastern,KfFd,2021-01-06 11:58:08.686208,67.2,0.0,65.5,28.81,10.6,SSE,1.6,0.0,Clear,False,False,False,False,True,False,False,False,False,False,False,False,False,Day,Day,Day,Day
A-2687876,Source2,2,2019-06-08 16:31:34.104529,2019-06-08 19:58:34.104529,36.149857,-86.700559,,-86.702361,0.574,Political range you responsibility deep responsibility.,Lindsey Walk,Nashville,North Amyfort,TN,62664,US,US/Eastern,KcPV,2019-06-08 16:12:34.104529,65.2,,101.1,30.53,8.3,CALM,4.4,0.0,Fair,False,False,False,False,False,False,False,False,False,False,False,True,False,Day,Day,Day,Day
A-5747885,Source2,2,2024-10-09 01:07:06.473164,2024-10-09 03:05:06.473164,29.708452,-95.312787,,-95.305649,2.752,Yes reduce look north condition drive.,Vanessa Underpass,Houston,Ortizshire,TX,03704,US,US/Eastern,Krdu,2024-10-09 00:51:06.473164,41.6,32.034739479516624,74.1,30.12,9.1,NNW,13.7,0.0,Fair,False,False,False,False,False,False,False,False,False,False,False,False,False,Night,Night,Night,Night
A-7685662,Source1,2,2024-02-16 23:21:57.605813,2024-02-17 02:55:57.605813,35.857617,-78.593816,35.855121,-78.591125,1.233,Quickly identify through remember everybody administration.,Hinton Meadows,Raleigh,Billychester,NC,63595,US,US/Eastern,KQMO,2024-02-16 22:59:57.605813,90.0,0.0,,30.54,15.7,NW,4.6,0.0,Haze,False,False,False,False,False,False,False,False,False,False,False,False,False,Night,Night,Night,Night
A-1639725,Source2,2,2019-01-13 18:11:24.930553,2019-01-13 20:12:24.930553,26.073089,-80.276592,,,1.535,Large various again.,Paul Key,Miami,South Nicholasland,FL,18500,US,US/Eastern,KzPe,2019-01-13 17:51:24.930553,61.4,0.0,103.1,28.56,11.7,N,7.8,0.0,Fair,False,False,False,False,False,False,False,False,False,False,False,True,False,Night,Day,Day,Day
A-8491253,Source1,2,2018-04-28 20:39:35.828480,2018-04-29 00:05:35.828480,27.92627,-82.472988,27.932377,-82.480428,0.357,Loss successful lay four top money.,Johnston Corners,Tampa,South Katherine,FL,58537,US,US/Eastern,KDol,2018-04-28 20:14:35.828480,60.7,0.0,81.0,29.52,7.9,SSW,11.1,0.0,Fair,False,False,False,False,False,False,False,False,False,False,False,False,False,Night,Night,Night,Night
A-5148063,Source2,2,2019-08-25 18:32:32.724192,2019-08-25 20:23:32.724192,32.734322,-117.248357,32.726353,,0.574,Scientist call money national area that.,Stein Parks,San Diego,Zacharyshire,CA,94391,US,US/Eastern,KVwn,,75.9,0.0,87.3,32.06,10.3,W,13.1,,Clear,False,False,True,False,False,False,False,False,False,False,False,False,False,Night,Day,Day,Day
A-7739417,Source2,2,2021-06-29 16:51:31.149734,2021-06-29 18:09:31.149734,35.204856,-80.813502,35.19832,-80.826962,0.381,Idea author article child wall.,Mindy Place,Charlotte,West Jeffrey,NC,32173,US,US/Eastern,KrFI,2021-06-29 16:46:31.149734,57.3,,9.3,30.29,15.1,SE,0.9,,Fair,False,False,False,False,False,False,False,False,False,False,False,True,False,Day,Day,Day,Day
A-5231272,Source2,2,2021-07-09 02:02:05.893738,2021-07-09 02:18:05.893738,25.921967,-80.382023,,-80.394569,3.159,Mind former firm among really Democrat authority.,Austin Mills,Miami,Amyfort,FL,97902,US,US/Eastern,KaMd,2021-07-09 01:34:05.893738,90.8,0.0,59.1,28.35,9.8,SSE,21.0,0.0,Cloudy,False,False,False,False,False,False,False,False,False,False,False,True,False,Night,Night,Night,Night
A-9527034,Source1,2,2020-10-23 03:07:13.756747,2020-10-23 05:27:13.756747,32.262052,-110.902871,32.253281,-110.8935,0.914,Property mean PM American themselves determine.,Good Ridges,Tucson,Thompsonmouth,AZ,65814,US,US/Eastern,KCDK,2020-10-23 02:54:13.756747,61.1,0.0,56.7,29.12,11.3,E,9.2,,Light Snow,False,False,False,False,False,False,False,False,False,False,False,False,False,Night,Night,Night,Night
A-5487857,Source2,2,2024-08-01 17:14:11.471356,2024-08-01 19:41:11.471356,35.62794,-97.471309,,-97.455523,0.354,Administration hit be seek.,Good Row,Oklahoma City,New Rhondaland,OK,74832,US,US/Eastern,KBek,2024-08-01 16:50:11.471356,68.3,0.0,46.8,29.06,6.9,W,11.5,,Fair,False,False,True,False,False,False,False,False,False,False,False,False,False,Day,Day,Day,Day
A-6223611,Source1,2,2021-04-04 22:56:56.004681,2021-04-05 00:10:56.004681,47.634137,-122.307047,,-122.304942,0.904,Whether reach author image development room.,Bradley Land,Seattle,Robertborough,WA,51770,US,US/Eastern,KaGC,2021-04-04 22:49:56.004681,64.5,,,30.54,7.1,South,,0.0,Fair,False,False,False,False,False,False,False,False,False,False,False,False,False,Night,Night,Night,Night
A-1775115,Source2,2,2022-04-29 01:35:08.251964,2022-04-29 05:07:08.251964,33.798465,-84.27995,,-84.275735,3.557,Box take hospital from friend the.,Morris Glens,Atlanta,Kylefort,GA,11385,US,US/Eastern,KOHo,2022-04-29 01:24:08.251964,80.0,,80.5,29.73,6.0,Variable,2.2,0.0,Fog,False,False,False,False,False,False,False,False,False,False,False,False,False,Night,Night,Night,Night
A-8290595,Source2,3,2021-05-05 01:03:42.644075,2021-05-05 02:13:42.644075,27.979135,-82.44268,,,0.527,Step trip talk moment outside operation.,Robert Mill,Tampa,Diazland,FL,73064,US,US/Eastern,KGku,2021-05-05 00:55:42.644075,75.0,0.0,98.0,30.41,5.4,,,0.0,Cloudy,False,False,True,False,False,False,False,False,False,False,False,False,False,Night,Night,Night,Night
A-9787200,Source1,3,2020-02-19 01:13:54.098294,2020-02-19 02:53:54.098294,30.316082,-81.536078,,,0.065,According still simple.,Schneider Forges,Jacksonville,Port Laura,FL,10144,US,US/Eastern,KRph,2020-02-19 01:03:54.098294,76.2,0.0,64.6,28.26,8.1,VAR,2.6,0.0,Fair,False,False,False,False,False,False,False,False,False,False,False,True,False,Night,Night,Night,Night
A-7620328,Source2,2,2022-08-04 06:27:24.610967,2022-08-04 06:39:24.610967,32.761083,-96.804802,32.75452,-96.796622,3.552,Adult small less attention finish.,Nicholas Club,Dallas,North Michael,TX,91614,US,US/Eastern,KULL,2022-08-04 06:02:24.610967,29.0,22.21558226821062,73.5,30.09,5.6,Variable,,0.0,Light Snow,False,False,False,False,False,False,False,False,False,False,False,False,False,Day,Day,Day,Day
A-9319414,Source1,3,2024-08-05 09:03:02.838967,2024-08-05 10:16:02.838967,36.136867,-86.597116,,,0.448,While risk fire church it send enjoy.,Banks Rapids,Nashville,East Rebecca,TN,93328,US,US/Eastern,KJxK,2024-08-05 08:54:02.838967,43.8,0.0,89.5,31.72,8.0,CALM,0.2,0.0,Cloudy,False,False,False,False,False,False,False,False,False,False,False,False,False,Day,Day,Day,Day
A-9612703,Source1,2,2019-09-08 11:33:54.309494,2019-09-08 13:50:54.309494,29.930804,-95.355859,29.935018,,3.001,Explain box live morning listen same idea try.,Morrison Glen,Houston,Hobbshaven,TX,99422,US,US/Eastern,KyeK,2019-09-08 11:09:54.309494,30.3,25.06241591620006,77.4,29.95,10.6,N,7.4,0.0,Scattered Clouds,False,False,False,False,False,False,False,False,False,False,False,False,False,Day,Day,Day,Day
A-7105877,Source1,2,2019-11-10 08:14:39.004337,2019-11-10 09:46:39.004337,29.764841,-95.355474,,-95.367547,0.053,Central company memory listen policy save glass decision.,Jody Oval,Houston,Davidhaven,TX,58036,US,US/Eastern,KXxF,2019-11-10 07:52:39.004337,74.4,,102.3,29.7,10.4,SSE,13.8,0.0,Mostly Cloudy,False,False,False,False,False,False,False,False,True,False,False,True,False,Day,Day,Day,Day
A-1321900,Source2,2,2019-09-09 17:27:00.472668,2019-09-09 18:36:00.472668,30.47143,-91.207395,,-91.208139,1.325,Work special billion line threat.,Bolton Causeway,Baton Rouge,Hansonmouth,LA,76256,US,US/Eastern,KNYX,2019-09-09 17:05:00.472668,73.7,,105.6,30.74,,NNE,13.9,0.0,Mostly Cloudy,False,False,False,False,False,False,False,False,False,False,False,False,False,Day,Day,Day,Day
A-8271548,Source1,3,2021-09-06 00:55:49.779608,2021-09-06 03:14:49.779608,47.667601,-122.27321,,,3.5,Technology customer drug long family compare score.,Smith Fords,Seattle,New Denise,WA,28824,US,US/Eastern,KHQV,2021-09-06 00:40:49.779608,65.1,0.0,90.7,30.73,5.6,NNE,8.4,,Mostly Cloudy,False,False,False,False,False,False,False,False,False,False,False,False,False,Night,Night,Night,Night
A-3949668,Source2,2,2022-11-28 13:03:41.841587,2022-11-28 14:20:41.841587,25.846773,-80.325248,,-80.330624,0.692,Fish pass above do treat great.,Nicole Lodge,Miami,West Erikamouth,FL,74275,US,US/Eastern,KGxc,2022-11-28 12:39:41.841587,105.0,0.0,23.8,28.45,7.2,WSW,11.7,0.0,Partly Cloudy,False,False,False,False,False,False,False,False,False,False,False,False,False,Day,Day,Day,Day
A-9987095,Source2,2,2018-12-30 14:54:55.916110,2018-12-30 16:37:55.916110,30.313173,-97.717915,,,1.883,Cause television ago strong perhaps statement.,Colleen Valley,Austin,East Brianna,TX,45967,US,US/Eastern,KrKO,2018-12-30 14:49:55.916110,59.9,0.0,63.9,29.02,7.6,East,7.7,0.08,Thunderstorms and Rain,False,False,False,False,False,False,False,False,False,False,False,False,False,Day,Day,Day,Day
A-96632,Source1,2,2025-07-01 02:35:43.888302,2025-07-01 05:57:43.888302,34.146401,-118.176208,34.147622,-118.178325,1.519,Experience church nature party student.,Dawn Roads,Los Angeles,South Charles,CA,46237,US,US/Eastern,KKUi,2025-07-01 02:30:43.888302,75.4,0.0,41.7,29.87,6.0,SW,2.6,0.0,Fair,False,False,False,False,False,False,False,False,False,False,False,False,False,Night,Night,Night,Night
A-7161089,Source1,2,2023-06-19 11:20:15.945159,2023-06-19 11:39:15.945159,33.870799,-84.358966,33.877332,-84.343679,1.304,Become baby cultural to.,Young Spur,Atlanta,Port Maryland,GA,13804,US,US/Eastern,KnRh,2023-06-19 11:15:15.945159,43.3,0.0,47.4,29.26,5.9,CALM,3.1,0.01,Light Rain,False,False,False,False,False,False,False,False,False,False,False,False,False,Day,Day,Day,Day
A-566532,Source1,3,2023-10-29 20:53:30.134144,2023-10-29 23:07:30.134144,32.784496,-96.810745,32.7793,,2.877,Year physical spend coach production certain.,Sandra Walks,Dallas,Nicholasport,TX,22292,US,US/Eastern,Kfyy,2023-10-29 20:48:30.134144,60.5,0.0,67.5,28.72,12.2,NW,22.1,0.0,Partly Cloudy,False,False,False,False,False,False,False,False,False,False,False,False,False,Night,Night,Night,Night
A-1722730,Source2,2,2020-08-17 03:09:58.192597,2020-08-17 04:52:58.192597,30.451375,-97.869429,,-97.861179,1.259,Training ok face opportunity term be.,Jeremy Falls,Austin,Chaneymouth,TX,01099,US,US/Eastern,KzVS,2020-08-17 02:48:58.192597,97.9,0.0,73.9,28.34,7.3,CALM,4.8,0.0,Clear,False,False,False,False,False,False,False,False,False,False,False,False,False,Night,Night,Night,Night
A-222885,Source2,2,2018-10-09 02:02:21.501086,2018-10-09 02:23:21.501086,32.824165,-96.846366,32.826535,-96.83884,1.253,Building call theory if car reveal however.,Frost Mountain,Dallas,West Susan,TX,94081,US,US/Eastern,KkXW,2018-10-09 01:50:21.501086,70.4,0.0,78.7,,12.9,NNE,11.0,0.0,Overcast,False,False,False,False,False,False,False,False,False,False,False,False,False,Night,Night,Night,Night
A-5998247,Source1,2,2024-04-03 14:04:38.758979,2024-04-03 15:43:38.758979,33.754132,-84.253831,33.748659,-84.243027,3.932,Law nothing son amount point the example.,Cunningham Crossroad,Atlanta,West Amanda,GA,63867,US,US/Eastern,KXVa,2024-04-03 13:55:38.758979,59.7,0.0,71.0,28.92,8.9,NNW,4.9,0.0,Mostly Cloudy,False,False,True,False,False,False,False,False,False,False,False,False,False,Day,Day,Day,Day
A-2744833,Source1,2,2024-01-21 03:11:24.052403,2024-01-21 06:02:24.052403,29.897498,-95.57229,29.887644,-95.562531,3.163,Hard room animal color training.,Amy Gardens,Houston,West Stefanie,TX,62960,US,US/Eastern,KrPD,2024-01-21 02:44:24.052403,76.7,0.0,62.0,29.36,14.0,SE,16.4,0.0,Fair,False,False,False,False,False,False,False,False,False,False,False,False,False,Night,Night,Night,Night
A-160886,Source2,2,2020-02-19 02:29:07.230951,2020-02-19 02:56:07.230951,32.866583,-96.792525,,,1.082,Letter pay our expert.,Shelton Road,Dallas,West Davidton,TX,40839,US,US/Eastern,KxGF,2020-02-19 02:22:07.230951,75.5,0.0,60.2,28.18,7.9,S,1.4,0.0,Haze,False,False,False,False,False,False,False,False,False,False,False,True,False,Night,Night,Night,Night
A-5734494,Source2,2,2025-02-14 15:47:23.581878,2025-02-14 19:04:23.581878,28.593951,-81.408212,28.593547,-81.421296,0.514,Type work change compare home while society.,Whitney Unions,Orlando,East Evanhaven,FL,52746,US,US/Eastern,KlZc,2025-02-14 15:20:23.581878,75.2,0.0,66.0,28.83,8.9,NW,10.5,0.0,Cloudy,False,False,False,False,True,False,False,False,False,False,False,False,False,Day,Day,Day,Day
A-6981606,Source1,2,2020-07-09 15:40:18.041172,2020-07-09 19:21:18.041172,28.487643,-81.507575,,,0.449,Finish official serious worker real certain event process.,Mark Course,Orlando,Hayesbury,FL,15792,US,US/Eastern,KJcJ,2020-07-09 15:24:18.041172,48.1,41.68329726273716,47.7,29.04,12.1,SE,9.2,,Partly Cloudy,False,False,False,False,False,False,False,False,False,False,False,False,False,Day,Day,Day,Day
A-2294637,Source2,2,2023-07-19 05:54:39.077897,2023-07-19 06:10:39.077897,35.110083,-80.761894,35.117338,-80.768694,1.25,Thus born cover federal.,Peterson Village,Charlotte,New Josemouth,NC,21763,US,US/Eastern,KnBx,2023-07-19 05:49:39.077897,65.4,,36.1,30.24,8.2,ESE,,,Fair,False,False,False,False,False,False,False,False,False,False,False,False,False,Night,Day,Day,Day
A-2608496,Source1,2,2025-07-19 17:24:27.652743,2025-07-19 20:03:27.652743,25.728215,-80.262195,25.730357,-80.261376,0.062,Study various me entire country dog.,Davies Shores,Miami,Marissamouth,FL,22504,US,US/Eastern,KqvY,2025-07-19 17:06:27.652743,78.4,,71.3,31.11,8.8,SSW,7.8,0.0,Mostly Cloudy,False,False,False,False,False,False,False,False,False,False,False,False,False,Day,Day,Day,Day
A-2739168,Source2,2,2024-04-07 22:19:14.100163,2024-04-07 22:38:14.100163,35.161992,-80.952609,35.158045,-80.953037,0.951,Improve power do law.,Daniels Row,Charlotte,New Christopher,NC,90464,US,US/Eastern,Kpuk,2024-04-07 22:10:14.100163,63.8,0.0,69.7,30.1,7.2,W,6.7,,Fair,False,False,False,False,False,False,False,False,False,False,False,False,False,Night,Night,Night,Night
A-5266358,Source1,3,2021-05-23 01:10:04.971104,2021-05-23 01:34:04.971104,29.797148,-95.297842,29.801337,-95.292015,2.934,Position similar fear its learn campaign.,Reed Pass,Houston,West Lisa,TX,22239,US,US/Eastern,KNGw,2021-05-23 00:55:04.971104,77.9,0.0,50.5,30.42,9.0,WNW,13.3,,Fair,False,False,False,False,False,False,False,False,False,False,False,False,False,Night,Night,Night,Night
A-2078919,Source2,3,2024-06-26 10:08:54.895311,2024-06-26 11:55:54.895311,30.187876,-97.756942,,-97.759784,0.396,Thank impact I watch laugh somebody yet.,Andrea Estate,Austin,Michaelmouth,TX,84556,US,US/Eastern,KRli,2024-06-26 09:49:54.895311,57.1,0.0,58.9,29.85,6.9,N,1.2,0.0,Cloudy,False,False,False,False,False,False,False,False,False,False,False,False,False,Day,Day,Day,Day
A-7172305,Source2,2,2019-05-14 02:17:24.839345,2019-05-14 06:02:24.839345,35.267282,-80.829127,35.270791,-80.825147,2.656,Include performance during able but long.,Amanda Parks,Charlotte,Normanberg,NC,19229,US,US/Eastern,KQnT,2019-05-14 02:09:24.839345,79.1,0.0,54.1,28.45,4.1,W,9.4,0.0,Fair,False,False,False,False,False,False,False,False,False,False,False,True,False,Night,Night,Night,Night
A-1543799,Source2,2,2019-07-25 23:32:37.722904,2019-07-26 00:01:37.722904,30.190628,-81.779866,,-81.773193,1.149,Data myself move reality.,Dillon Station,Jacksonville,New Mackenzieton,FL,14821,US,US/Eastern,KNwf,,42.6,30.96547545399467,83.9,28.63,10.4,E,16.6,0.0,Clear,False,False,True,False,False,False,False,False,False,False,False,False,False,Night,Night,Night,Night
A-1788066,Source1,1,2023-08-08 13:42:38.515068,2023-08-08 16:24:38.515068,29.569098,-98.427037,,-98.438625,1.918,For door general.,Warren Place,San Antonio,Krystalside,TX,74169,US,US/Eastern,KARc,2023-08-08 13:23:38.515068,39.2,34.3833544590282,,30.08,8.0,Calm,6.8,0.0,Partly Cloudy,False,False,False,False,False,False,False,False,False,False,False,False,False,Day,Day,Day,Day
A-8214152,Source2,2,2021-12-04 14:54:15.744082,2021-12-04 15:27:15.744082,33.995955,-118.410445,33.996056,-118.414813,2.241,Policy with project force.,Oliver Groves,Los Angeles,Port Kristenburgh,CA,96802,US,US/Eastern,KdWe,2021-12-04 14:25:15.744082,79.9,0.0,78.1,30.67,6.9,W,9.1,0.0,Partly Cloudy,False,False,False,False,False,False,False,False,False,False,False,False,False,Day,Day,Day,Day
A-6340922,Source1,2,2023-12-27 10:43:45.200063,2023-12-27 11:54:45.200063,36.064465,-86.690204,,,0.438,Someone rest time she go medical tend.,Caitlin Plain,Nashville,Davisberg,TN,75499,US,US/Eastern,KCzs,2023-12-27 10:31:45.200063,51.1,0.0,45.5,27.76,10.4,WNW,5.8,0.0,Fair,False,False,False,False,False,False,False,False,False,False,False,False,False,Day,Day,Day,Day
A-3943761,Source1,2,2025-08-05 01:12:47.941411,2025-08-05 02:14:47.941411,35.788409,-78.657665,,-78.661371,1.921,Level necessary method all different itself view they.,Rubio Points,Raleigh,Ellisonfort,NC,86358,US,US/Eastern,KNWK,2025-08-05 00:51:47.941411,90.4,0.0,139.0,30.37,7.3,N,5.4,0.0,Fair,False,False,False,False,False,False,False,False,False,False,False,True,False,Night,Night,Night,Night
A-4694238,Source2,2,2020-05-31 04:17:35.688808,2020-05-31 08:07:35.688808,39.754034,-86.258604,39.760191,,2.368,Best ok more common stage total.,Sean Plaza,Indianapolis,Ryanton,IN,97604,US,US/Eastern,KIkk,2020-05-31 04:10:35.688808,64.3,0.0,99.7,30.18,12.1,WNW,10.7,0.0,Clear,False,False,False,False,False,False,False,False,False,False,False,False,False,Night,Night,Day,Day
A-8560987,Source1,2,2025-05-12 23:57:40.283248,2025-05-13 02:14:40.283248,35.382773,-80.814165,35.381395,-80.813095,0.039,Dinner relationship edge.,Heather Burgs,Charlotte,South Angelica,NC,84336,US,US/Eastern,KGqQ,2025-05-12 23:46:40.283248,68.2,0.0,32.7,31.52,5.3,South,6.9,0.11,Rain,False,False,True,False,False,False,False,False,False,False,False,False,False,Night,Night,Night,Night
A-5005260,Source1,2,2020-04-17 04:55:31.703721,2020-04-17 05:52:31.703721,35.31027,-80.877001,35.310131,-80.872295,0.583,General other always vote.,Case Summit,Charlotte,West Sarah,NC,89180,US,US/Eastern,KjQg,2020-04-17 04:33:31.703721,42.8,0.0,66.3,28.9,10.9,,3.5,0.0,Fair,False,False,True,False,False,False,False,False,False,False,False,False,False,Night,Night,Day,Day
A-6766827,Source1,2,2022-02-15 03:57:30.042049,2022-02-15 05:09:30.042049,30.447386,-91.221758,30.44675,-91.214029,2.315,Food effort our young.,Brian Circles,Baton Rouge,East Anthonyview,LA,88047,US,US/Eastern,KplK,2022-02-15 03:33:30.042049,82.3,0.0,68.9,29.41,5.4,Calm,6.0,,Fair,False,False,False,False,True,False,False,False,False,False,False,False,False,Night,Night,Night,Night
A-617010,Source1,2,2018-04-25 08:42:57.392833,2018-04-25 12:06:57.392833,30.22548,-97.718036,30.241157,-97.718427,0.364,Price week century worker place.,Miller Passage,Austin,North Kyle,TX,16358,US,US/Eastern,KmAb,2018-04-25 08:15:57.392833,47.7,,52.9,30.1,8.2,SSE,6.4,0.0,Fair,False,False,False,False,False,False,False,False,False,False,False,False,False,Day,Day,Day,Day
A-3401301,Source3,2,2023-01-20 15:45:50.420755,2023-01-20 17:10:50.420755,25.791692,-80.20004,25.802756,-80.20551,0.671,Fine compare light what same.,Zuniga Glen,Miami,North Brookefort,FL,35142,US,US/Eastern,KWte,2023-01-20 15:22:50.420755,71.7,0.0,79.4,29.66,12.2,South,13.6,0.0,,False,False,True,False,False,False,False,False,False,False,False,False,False,Day,Day,Day,Day
A-451044,Source1,2,2018-11-14 15:22:10.377922,2018-11-14 15:36:10.377922,29.745677,-95.565601,,,1.02,Performance through stand try.,Shields Via,Houston,Lake Katherine,TX,93381,US,US/Eastern,KMAi,2018-11-14 14:54:10.377922,30.5,0.0,94.6,31.49,9.0,ESE,,0.0,Fair,False,False,False,False,True,False,False,False,False,False,False,False,False,Day,Day,Day,Day
A-3843404,Source1,2,2024-04-24 10:04:45.187547,2024-04-24 12:20:45.187547,35.83235,-78.613738,35.832733,-78.611801,2.436,Consider want relationship share without establish.,Lawrence Court,Raleigh,South Cindyview,NC,31554,US,US/Eastern,KYUi,2024-04-24 09:36:45.187547,77.5,0.0,72.2,29.52,9.0,ESE,10.6,0.0,Fair,False,False,False,False,False,False,False,False,False,False,False,False,False,Day,Day,Day,Day
A-8435798,Source1,2,2018-12-03 01:08:14.823515,2018-12-03 04:29:14.823515,29.786676,-95.528134,29.769092,-95.523133,0.129,Case could kitchen.,Anthony Streets,Houston,Port Dominicburgh,TX,36603,US,US/Eastern,KrpL,2018-12-03 00:52:14.823515,51.1,0.0,56.0,30.7,8.1,SSW,4.3,,Cloudy,False,False,False,False,False,False,False,False,False,False,False,False,False,Night,Night,Night,Night
A-1992094,Source1,3,2020-12-05 01:23:19.702820,2020-12-05 04:10:19.702820,30.237656,-81.532024,30.228404,-81.522398,3.966,Least same rest from son.,Carla Common,Jacksonville,Jillside,FL,81612,US,US/Eastern,KefT,2020-12-05 01:08:19.702820,79.1,,61.5,29.88,6.3,CALM,15.6,0.0,Mostly Cloudy,False,False,False,False,False,False,False,False,True,False,False,False,False,Night,Night,Night,Night
A-1101093,Source1,2,2020-09-30 09:34:05.985444,2020-09-30 10:44:05.985444,32.661693,-96.802603,32.66646,,0.436,Probably environmental hand claim social.,Douglas Isle,Dallas,Port Kristenburgh,TX,18952,US,US/Eastern,KRaU,2020-09-30 09:11:05.985444,67.8,0.0,115.1,28.63,12.7,SSE,12.5,,Fair,False,False,False,False,False,False,False,False,False,False,False,False,False,Day,Day,Day,Day
A-3764508,Source1,2,2022-10-17 11:18:54.273341,2022-10-17 13:57:54.273341,35.508147,-97.577793,35.504618,,1.433,Eat machine trade treat behavior than instead.,Peter Villages,Oklahoma City,Rowetown,OK,79660,US,US/Eastern,KxTs,2022-10-17 11:03:54.273341,52.2,0.0,51.4,30.34,10.0,WNW,7.3,0.0,Fair,False,False,False,False,False,False,False,False,False,False,False,False,False,Day,Day,Day,Day
A-936446,Source2,2,2025-08-04 19:04:21.708835,2025-08-04 20:03:21.708835,29.870212,-95.303828,29.862538,-95.308551,1.362,Popular yard still even firm relationship.,Adriana Curve,Houston,Nathanmouth,TX,74363,US,US/Eastern,KVDf,2025-08-04 18:59:21.708835,57.3,0.0,31.2,29.13,9.0,Calm,4.0,0.0,Partly Cloudy,False,False,False,False,False,False,False,False,False,False,False,True,False,Night,Night,Day,Day
A-5993321,Source1,2,2025-04-04 18:46:43.270031,2025-04-04 19:39:43.270031,30.386675,-97.81879,,-97.822132,2.733,Head push ahead understand meeting check list.,Martinez Passage,Austin,East Melissa,TX,59879,US,US/Eastern,KPTI,2025-04-04 18:25:43.270031,65.9,0.0,39.2,30.07,11.1,E,6.8,,Snow,False,False,False,False,False,False,False,False,False,False,False,False,False,Night,Day,Day,Day
A-3281830,Source2,2,2024-02-13 11:51:45.092949,2024-02-13 15:22:45.092949,25.848312,-80.217063,25.832116,,1.439,News able federal anyone bag mind.,Heather Glen,Miami,New Brendan,FL,61713,US,US/Eastern,KDuM,2024-02-13 11:25:45.092949,27.0,0.0,53.7,28.67,13.1,SW,0.0,0.0,Fair,False,False,False,False,True,False,False,False,False,False,False,False,False,Day,Day,Day,Day
A-8944185,Source2,2,2023-10-05 23:38:03.657208,2023-10-06 02:14:03.657208,32.829292,-96.780087,,-96.783784,1.484,During piece seven gun meet.,Christopher Lodge,Dallas,Lake Brandonstad,TX,90836,US,US/Eastern,KBLY,2023-10-05 23:20:03.657208,72.6,0.0,107.2,28.57,6.6,West,9.5,0.0,Fair,False,False,False,False,False,False,False,False,False,False,False,False,False,Night,Night,Night,Night
A-9138647,Source1,2,2025-09-04 15:17:36.305745,2025-09-04 15:37:36.305745,29.658953,-95.571638,29.661255,,3.672,However even now way.,Philip Green,Houston,Hardingstad,TX,78913,US,US/Eastern,KLVw,2025-09-04 15:02:36.305745,68.3,0.0,74.0,30.13,12.2,WNW,3.4,0.0,Fair,False,False,False,False,False,False,False,False,False,False,False,False,False,Day,Day,Day,Day
A-8010792,Source2,2,2026-02-25 10:40:20.395641,2026-02-25 12:12:20.395641,33.973036,-118.289237,33.970194,,0.018,Majority your election conference generation wait.,Marvin Motorway,Los Angeles,West Stephentown,CA,85334,US,US/Eastern,Khmb,2026-02-25 10:20:20.395641,78.7,0.0,-8.7,30.45,7.9,NNW,6.5,0.0,Fair,False,False,False,False,True,False,False,False,False,False,False,False,False,Day,Day,Day,Day
A-8951453,Source1,2,2022-09-05 14:54:39.237561,2022-09-05 17:46:39.237561,45.051316,-93.338525,,,1.555,Two they glass value artist man.,Kimberly Mount,Minneapolis,Port Annaburgh,MN,84728,US,US/Eastern,KJRy,2022-09-05 14:38:39.237561,48.5,43.28856721060192,74.2,30.11,2.9,SE,7.5,0.0,Light Snow,False,False,True,False,False,False,False,False,False,False,False,False,False,Day,Day,Day,Day
A-6164110,Source1,2,2022-07-08 21:59:25.885720,2022-07-09 01:28:25.885720,33.668237,-84.448853,33.672839,-84.450041,0.921,Suddenly mind matter really key some class successful.,Gonzales Rapid,Atlanta,Adamhaven,GA,28822,US,US/Eastern,KvKf,2022-07-08 21:46:25.885720,44.5,38.882898322434244,54.1,30.84,10.6,E,8.0,0.0,Scattered Clouds,False,False,False,False,False,False,False,False,False,False,False,True,False,Night,Night,Night,Night
A-7545433,Source1,2,2024-02-01 18:34:41.514896,2024-02-01 20:44:41.514896,29.812117,-95.462473,,-95.467011,2.236,Boy admit book.,Richard Neck,Houston,Pachecoton,TX,66911,US,US/Eastern,KWbl,2024-02-01 18:27:41.514896,80.5,,114.0,30.13,5.5,NE,9.5,0.0,Haze,False,False,False,False,False,False,False,False,False,False,False,False,False,Night,Day,Day,Day
A-315109,Source2,2,2022-06-19 08:36:04.932172,2022-06-19 10:40:04.932172,28.00905,-82.377039,,,2.232,Property election stand.,Jessica Vista,Tampa,Thompsonport,FL,24267,US,US/Eastern,KYJb,2022-06-19 08:12:04.932172,60.7,0.0,41.3,28.86,7.5,NNW,4.7,0.0,Mostly Cloudy,False,False,False,False,False,False,False,False,False,False,False,False,False,Day,Day,Day,Day
A-3887109,Source1,3,2021-07-14 11:16:58.403073,2021-07-14 13:50:58.403073,44.987271,-93.117232,44.985666,-93.11648,1.893,Item of shake suffer leader now agent.,Moss Haven,Saint Paul,Matthewsfort,MN,48168,US,US/Eastern,KGhm,2021-07-14 11:09:58.403073,59.9,,68.3,28.41,10.9,NNW,8.7,,Cloudy,False,False,False,False,False,False,False,False,False,False,False,False,False,Day,Day,Day,Day
A-7677856,Source1,2,2021-03-25 01:27:19.394201,2021-03-25 02:25:19.394201,33.841165,-84.383899,33.844181,-84.391122,0.103,Tonight wonder across lawyer be.,Jennifer Lodge,Atlanta,Port Mary,GA,47807,US,US/Eastern,Kvjz,2021-03-25 01:17:19.394201,47.5,42.676317744535964,78.8,28.67,11.1,N,6.9,,Fair / Windy,False,False,False,False,False,False,False,False,False,False,False,False,False,Night,Night,Night,Night
A-3068367,Source2,2,2023-03-01 18:44:47.494498,2023-03-01 19:54:47.494498,34.082422,-118.330708,34.087767,-118.343561,1.336,Indicate several night a four behind.,Harper Loaf,Los Angeles,West Rebecca,CA,40592,US,US/Eastern,KseD,2023-03-01 18:26:47.494498,72.9,,,27.7,11.3,Calm,9.1,0.0,Cloudy,False,False,False,False,False,False,False,False,False,False,False,False,False,Night,Day,Day,Day
A-7554797,Source3,2,2025-02-10 17:20:51.721605,2025-02-10 19:50:51.721605,33.623447,-84.439923,33.62752,,1.446,Use little because discussion mention contain.,Justin Place,Atlanta,Manningport,GA,49844,US,US/Eastern,KLuh,2025-02-10 16:58:51.721605,61.9,0.0,49.4,30.7,11.6,N,6.4,0.0,Fair,False,False,False,False,False,False,False,False,False,False,False,False,False,Day,Day,Day,Day
A-1963113,Source2,2,2025-09-06 16:27:25.179608,2025-09-06 19:00:25.179608,32.842873,-96.783662,32.845442,-96.77942,0.262,Security task two rule blood degree religious.,Weaver Rapids,Dallas,South Patriciaburgh,TX,87996,US,US/Eastern,KXPf,2025-09-06 16:12:25.179608,39.9,0.0,101.0,30.59,5.7,E,0.0,0.0,Overcast,False,False,False,False,False,False,False,False,False,False,False,False,False,Day,Day,Day,Day
A-5413199,Source3,2,2020-05-03 15:06:35.505826,2020-05-03 18:24:35.505826,29.613083,-95.543124,29.626521,-95.544385,1.333,Develop strong American generation.,Khan Manor,Houston,Lake Eric,TX,76534,US,US/Eastern,KueY,2020-05-03 14:46:35.505826,58.9,0.0,86.1,29.42,10.1,SW,8.4,0.0,Fair,False,False,False,False,True,False,False,False,False,False,False,False,False,Day,Day,Day,Day
A-9983447,Source2,2,2025-09-09 11:12:16.143663,2025-09-09 13:43:16.143663,28.485109,-81.387718,,-81.391086,0.496,Alone high firm move.,Lopez Prairie,Orlando,Weavermouth,FL,32509,US,US/Eastern,Kwvd,2025-09-09 10:55:16.143663,45.8,0.0,50.8,29.39,9.3,WSW,0.0,,Fair,False,False,False,False,False,False,False,False,False,False,False,False,False,Day,Day,Day,Day
A-1799039,Source1,2,2022-05-24 04:26:53.297505,2022-05-24 05:33:53.297505,36.159862,-86.669978,,-86.660315,1.085,Court ground mouth either but style anyone number.,Craig Park,Nashville,North Heidi,TN,23476,US,US/Eastern,KVYj,2022-05-24 04:07:53.297505,60.3,0.0,103.9,29.86,8.1,S,3.4,0.0,,False,False,True,False,False,False,False,False,False,False,False,False,False,Night,Night,Day,Day
A-4616850,Source1,2,2025-02-16 23:01:16.604693,2025-02-17 00:18:16.604693,25.936645,-80.330509,,-80.344073,3.83,Development discuss size design choose form.,Lopez Lodge,Miami,Porterfort,FL,09858,US,US/Eastern,KWIz,2025-02-16 22:33:16.604693,,0.0,80.7,30.42,11.8,ESE,,,Fair,False,False,False,False,False,False,False,False,False,False,False,True,False,Night,Night,Night,Night
A-2853812,Source2,2,2020-04-13 07:21:16.591269,2020-04-13 07:54:16.591269,25.716808,-80.162573,25.730005,-80.171036,1.403,Statement identify summer there treatment.,Lisa Corner,Miami,Stephanieburgh,FL,80468,US,US/Eastern,Kibc,2020-04-13 06:53:16.591269,69.6,0.0,38.0,30.37,6.6,Calm,19.7,,Fog,False,False,True,False,False,False,False,False,False,False,False,False,False,Day,Day,Day,Day
A-637495,Source2,2,2024-09-01 23:20:49.509098,2024-09-02 02:53:49.509098,28.445042,-81.322753,,,2.328,Eight health never behind.,Jacob Gardens,Orlando,Tiffanyshire,FL,18621,US,US/Eastern,KeAY,2024-09-01 22:53:49.509098,87.4,0.0,106.3,30.67,9.9,ENE,0.0,,Partly Cloudy,False,False,False,False,False,False,False,False,False,False,False,False,False,Night,Night,Night,Night
A-8945427,Source2,2,2023-03-02 09:13:51.406947,2023-03-02 12:03:51.406947,33.837323,-84.481976,,-84.489509,0.848,Arm tonight development lose.,Melissa Court,Atlanta,Crystalfurt,GA,90351,US,US/Eastern,KZpH,2023-03-02 08:57:51.406947,22.1,0.0,32.7,28.39,8.3,SSE,4.9,0.0,Fair,False,False,False,False,False,False,False,False,True,True,False,False,False,Day,Day,Day,Day
A-4749174,Source2,3,2022-11-19 16:12:50.420482,2022-11-19 17:50:50.420482,37.351092,-121.897491,,-121.904922,1.722,Chance represent today son win.,Danielle Courts,San Jose,Aaronmouth,CA,73077,US,US/Eastern,KpBY,2022-11-19 15:59:50.420482,75.7,0.0,70.7,29.07,7.7,S,18.9,0.0,Fair,False,False,False,False,False,False,False,False,False,True,False,False,False,Day,Day,Day,Day
A-5185959,Source1,2,2018-09-11 10:42:12.262312,2018-09-11 13:40:12.262312,36.137946,-86.813814,,-86.813824,2.852,Number have national start blue rather.,Meyers Loop,Nashville,Mcdonaldchester,TN,87831,US,US/Eastern,KmOG,2018-09-11 10:13:12.262312,65.6,0.0,,31.52,10.5,Calm,1.4,0.0,Fair,False,False,False,False,False,False,False,False,False,False,False,False,False,Day,Day,Day,Day
A-2124670,Source2,2,2020-04-26 09:28:22.137893,2020-04-26 11:11:22.137893,25.812211,-80.396662,25.797165,,0.332,Discuss everything bed series near investment.,Andrew Spurs,Miami,North Jeanfurt,FL,51749,US,,KttQ,2020-04-26 08:59:22.137893,75.7,0.0,72.4,28.55,10.8,North,5.0,0.0,Fair,False,False,False,False,False,False,False,False,False,False,False,False,False,Day,Day,Day,Day
A-3431737,Source2,2,2018-10-19 00:14:20.394683,2018-10-19 03:13:20.394683,47.470125,-122.322542,47.472346,,1.145,Country hospital husband child enter stuff.,Tamara Point,Seattle,Tracyside,WA,87129,US,US/Eastern,KdaY,2018-10-18 23:59:20.394683,67.0,,70.6,28.74,,NW,1.4,0.03,Light Rain,False,False,False,False,False,False,False,False,False,False,False,False,False,Night,Night,Night,Night
A-8540730,Source1,2,2025-10-19 22:48:07.647692,2025-10-20 01:26:07.647692,38.57652,-121.455207,,,3.345,Win themselves herself within however around.,Caleb Way,Sacramento,Williamport,CA,53951,US,US/Eastern,KboI,2025-10-19 22:38:07.647692,32.6,0.0,48.5,,9.7,SSE,0.0,,Overcast,False,False,False,False,False,False,False,False,True,False,False,True,False,Night,Night,Night,Night
A-5856256,Source2,2,2022-07-03 19:31:04.605700,2022-07-03 21:58:04.605700,29.496536,-98.635068,29.510685,-98.633692,3.276,West husband Mrs evidence choose sort agreement.,Lewis Meadows,San Antonio,Cummingsport,TX,77121,US,US/Eastern,KsXd,2022-07-03 19:04:04.605700,76.9,,79.7,28.89,3.4,WNW,8.9,,Fair,False,False,True,False,False,False,False,False,False,False,False,False,False,Night,Night,Day,Day
A-6660602,Source2,2,2021-02-18 04:34:33.653503,2021-02-18 06:10:33.653503,35.851636,-78.614248,,,4.532,Quickly provide above strategy head.,Steve Turnpike,Raleigh,East Jennifertown,NC,16660,US,US/Eastern,KpqM,2021-02-18 04:12:33.653503,66.8,0.0,68.9,32.02,4.3,South,13.3,0.0,,False,False,False,False,False,False,False,False,False,False,False,False,False,Night,Night,Day,Day
A-587567,Source2,3,2019-11-12 17:00:48.320159,2019-11-12 20:41:48.320159,32.662779,-96.762455,32.663986,,3.722,Everyone notice team purpose data trial price.,Davis Drive,Dallas,New Sheryl,TX,13868,US,US/Eastern,KOJp,2019-11-12 16:37:48.320159,56.5,0.0,92.3,29.81,11.5,NW,5.8,,Fair,False,False,False,False,False,False,False,False,False,False,False,False,False,Day,Day,Day,Day
A-5542542,Source2,3,2018-04-15 06:24:40.954098,2018-04-15 10:11:40.954098,34.062882,-118.153829,34.055813,-118.169877,0.499,Them ago return his toward ago it.,Joseph Summit,Los Angeles,Danielbury,CA,73897,US,US/Eastern,KASA,2018-04-15 06:18:40.954098,80.6,0.0,95.9,28.47,8.5,E,13.8,0.0,Overcast,False,False,False,False,False,False,False,False,False,False,False,False,False,Day,Day,Day,Day
A-9315893,Source2,2,2020-05-04 22:30:22.945257,2020-05-05 01:40:22.945257,37.568978,-77.385561,,,0.596,Teacher keep law nation.,Moore Canyon,Richmond,Austinburgh,VA,42791,US,US/Eastern,KGbq,2020-05-04 22:03:22.945257,78.6,0.0,55.8,29.87,12.5,SSE,5.3,0.19,Heavy Rain,False,False,False,False,False,False,False,False,False,False,False,False,False,Night,Night,Night,Night
A-7398666,Source1,2,2022-07-12 12:36:45.178524,2022-07-12 13:32:45.178524,25.710829,-80.120822,,-80.126849,0.319,Vote be stand.,Javier Harbors,Miami,Port Andrewfurt,FL,09716,US,US/Eastern,KHpC,2022-07-12 12:27:45.178524,84.7,0.0,66.9,28.91,11.8,W,0.0,0.0,Clear,False,False,True,False,False,False,False,False,False,False,False,False,False,Day,Day,Day,Day
A-4523354,Source1,2,2019-11-23 15:19:59.351568,2019-11-23 16:02:59.351568,32.908456,-117.149082,32.904453,,1.626,Address too require early build yeah.,Cook Heights,San Diego,East Nancy,CA,16245,US,US/Eastern,KLAc,2019-11-23 14:59:59.351568,95.0,0.0,66.2,28.55,9.6,Calm,17.2,0.0,Fair,False,False,False,False,True,False,False,False,False,False,False,False,False,Day,Day,Day,Day
A-2340830,Source2,2,2024-04-22 12:59:45.288133,2024-04-22 16:09:45.288133,34.089209,-81.040225,,-81.040302,1.423,Trip pressure know with.,Garcia Rapids,Columbia,Andrewtown,SC,08532,US,US/Eastern,KdyV,2024-04-22 12:35:45.288133,32.1,25.73334670726745,50.4,29.4,9.7,WSW,9.1,0.0,Fair,False,False,False,False,False,False,False,False,False,False,False,False,False,Day,Day,Day,Day
A-4457343,Source1,2,2025-05-14 14:43:13.514402,2025-05-14 16:10:13.514402,29.758706,-95.460067,,-95.469847,0.242,International however agree market officer many nothing.,Sean Drives,Houston,New Nicole,TX,76494,US,US/Eastern,KBBM,2025-05-14 14:31:13.514402,41.6,0.0,80.3,28.12,6.0,SE,4.6,0.0,Fair,False,False,False,False,False,False,False,False,False,False,False,False,False,Day,Day,Day,Day
A-5448345,Source1,2,2024-12-13 11:52:31.803113,2024-12-13 12:47:31.803113,38.63312,-121.406392,,-121.39423,4.114,Tell personal people happen.,Patrick Green,Sacramento,Stephanieville,CA,88913,US,US/Eastern,KhxG,2024-12-13 11:34:31.803113,83.4,0.0,84.7,29.19,5.4,CALM,5.9,0.0,Light Snow,False,False,False,False,False,False,False,False,False,False,False,False,False,Day,Day,Day,Day
A-9103365,Source1,3,2022-02-28 11:18:12.225672,2022-02-28 14:00:12.225672,35.797804,-78.646877,,-78.640671,0.017,Key second like.,Davis Lane,Raleigh,Sharonberg,NC,12692,US,US/Eastern,KhNh,2022-02-28 11:12:12.225672,93.7,0.0,80.6,28.38,5.4,East,14.5,,Scattered Clouds,False,False,False,False,False,False,False,False,False,False,False,False,False,Day,Day,Day,Day
A-8720062,Source2,4,2023-05-31 00:01:11.508661,2023-05-31 03:04:11.508661,47.638867,-122.328988,47.624586,,0.849,Minute example music.,Johnson Wells,Seattle,North Wendyville,WA,91531,US,US/Eastern,KXWb,2023-05-30 23:36:11.508661,85.0,0.0,77.4,29.04,7.5,VAR,1.8,,Partly Cloudy,False,False,False,False,True,False,False,False,False,False,False,False,False,Night,Night,Night,Night
A-2377139,Source2,2,2022-02-12 09:33:34.613684,2022-02-12 10:46:34.613684,44.880617,-93.297619,,-93.300049,2.1,Place job where.,Rivera Plaza,Minneapolis,East Christopher,MN,87261,US,US/Eastern,KqhQ,2022-02-12 09:13:34.613684,53.5,0.0,52.7,29.4,7.1,NW,11.7,0.0,Light Snow,False,False,False,False,False,False,False,False,False,False,False,False,False,Day,Day,Day,Day
A-5587925,Source1,3,2020-10-11 17:58:16.332948,2020-10-11 18:40:16.332948,35.188973,-80.788876,35.18534,-80.790832,0.785,Score hotel brother past south challenge game.,Mayer Motorway,Charlotte,East Angelaside,NC,54275,US,US/Eastern,KWQT,2020-10-11 17:52:16.332948,82.8,0.0,29.0,30.37,8.1,CALM,8.5,0.0,Clear,False,False,False,False,True,False,False,False,False,False,False,False,False,Day,Day,Day,Day
A-8489576,Source2,2,2018-04-17 04:44:56.186390,2018-04-17 06:12:56.186390,34.879714,-82.297282,34.877229,-82.294283,1.164,Girl show nature anyone rule.,Hunter Isle,Greenville,Johnfort,SC,17198,US,US/Eastern,KRPE,2018-04-17 04:27:56.186390,25.6,,48.2,28.72,9.5,W,14.0,0.0,Partly Cloudy,False,False,False,False,False,False,False,False,False,False,False,False,False,Night,Night,Day,Day
A-8790164,Source1,2,2020-02-21 16:11:15.073032,2020-02-21 20:07:15.073032,29.808483,-95.501814,,-95.513402,0.149,Film against several worry store same.,Martin Ville,Houston,Jaytown,TX,22411,US,US/Eastern,KWKc,2020-02-21 15:55:15.073032,71.9,0.0,82.1,30.64,9.9,Calm,1.9,0.0,Scattered Clouds,False,False,False,False,False,False,False,False,False,False,False,False,False,Day,Day,Day,Day
A-3684379,Source1,2,2023-07-04 11:07:45.553522,2023-07-04 12:42:45.553522,29.848073,-95.484586,29.835365,,0.274,Computer pick particularly open.,Stephanie Village,Houston,New Melinda,TX,08846,US,US/Eastern,Kkrq,2023-07-04 10:58:45.553522,60.9,0.0,77.4,29.75,1.8,W,9.5,0.23,Light Rain,False,False,False,False,False,False,False,False,False,False,False,False,False,Day,Day,Day,Day
A-8151416,Source2,2,2022-05-27 19:25:34.463876,2022-05-27 21:21:34.463876,35.183521,-80.841308,,-80.83192,4.053,Particular environment trouble as hour.,David Mews,Charlotte,South Danielview,NC,59450,US,US/Eastern,KGJA,2022-05-27 19:12:34.463876,64.9,0.0,78.6,29.39,7.3,NW,11.2,0.0,Fair,False,False,True,False,False,False,False,False,False,False,False,False,False,Night,Night,Day,Day
A-9190060,Source2,3,2019-08-22 12:48:55.323328,2019-08-22 13:04:55.323328,35.219544,-80.813421,35.215692,-80.82466,0.152,Home four step.,Reyes Corners,Charlotte,South Jeanette,NC,33007,US,US/Eastern,KIzq,2019-08-22 12:28:55.323328,83.1,0.0,46.4,30.01,10.2,SSW,8.9,0.0,Clear,False,False,False,False,False,False,False,False,False,False,False,True,False,Day,Day,Day,Day
A-9941034,Source2,2,2025-12-07 07:34:02.981430,2025-12-07 08:33:02.981430,36.177988,-86.802649,,-86.802264,1.733,Trial sure story close thousand cover water.,Elizabeth Roads,Nashville,New Jerryfort,TN,66681,US,US/Eastern,KFRg,2025-12-07 07:14:02.981430,41.0,33.01551887786685,48.4,30.37,8.9,CALM,11.4,0.06,Heavy Rain,False,False,True,False,False,False,False,False,False,False,False,False,False,Day,Day,Day,Day
A-4180783,Source2,1,2020-11-04 09:15:56.945371,2020-11-04 11:14:56.945371,32.822782,-117.161819,,-117.160303,0.478,Thing concern attention hair fast TV subject.,William Ports,San Diego,New Joeview,CA,67838,US,US/Eastern,KxMm,2020-11-04 08:52:56.945371,73.3,0.0,50.2,27.86,9.2,West,0.0,0.24,Heavy Rain,False,False,False,False,False,False,False,False,False,False,False,False,False,Day,Day,Day,Day
A-4247489,Source1,2,2022-10-05 10:09:13.946097,2022-10-05 14:03:13.946097,32.906728,-96.720693,32.895841,,0.09,Public cell from though.,Danielle Drive,Dallas,Sullivanberg,TX,28149,US,US/Eastern,KCVB,2022-10-05 09:55:13.946097,51.7,,53.2,28.15,14.8,SSE,17.6,0.0,,False,False,True,False,False,False,False,False,False,False,False,False,False,Day,Day,Day,Day
A-8705062,Source1,2,2023-10-28 23:27:15.799858,2023-10-29 01:32:15.799858,38.484425,-121.40513,,-121.408295,1.333,Night catch bag computer so.,Pope Pines,Sacramento,East Latoya,CA,37044,US,US/Eastern,KTIj,2023-10-28 23:04:15.799858,94.2,0.0,76.3,,5.9,ESE,18.9,0.0,Fair,False,False,False,False,False,False,False,False,False,False,False,False,False,Night,Night,Night,Night
A-3468241,Source2,2,2022-02-10 00:40:41.576037,2022-02-10 03:27:41.576037,35.225059,-80.723492,35.225163,-80.727582,1.086,Ground up game option.,Smith Turnpike,Charlotte,West Laura,NC,60672,US,US/Eastern,KouP,2022-02-10 00:30:41.576037,55.4,0.0,54.2,29.42,5.0,SSW,6.9,,Fair,False,False,False,False,False,False,False,False,False,False,False,False,False,Night,Night,Night,Night
A-7280563,Source1,2,2020-08-01 22:20:19.086802,2020-08-02 02:10:19.086802,30.468628,-91.093345,30.463063,-91.086262,0.646,Make pass tell only current member great any.,Michael Hollow,Baton Rouge,Seanbury,LA,69077,US,US/Eastern,KEVU,2020-08-01 22:12:19.086802,64.9,0.0,59.8,28.89,8.1,NNW,17.6,,Fair,False,False,False,False,False,False,True,False,False,False,False,False,False,Night,Night,Night,Night
A-7026091,Source1,2,2025-01-27 15:01:16.825885,2025-01-27 16:56:16.825885,29.928003,-95.442226,29.919691,,2.71,Middle loss entire method worker.,Andrea Station,Houston,West Kristinaton,TX,96154,US,US/Eastern,KBGb,2025-01-27 14:43:16.825885,71.5,,55.9,29.01,7.0,SW,,0.0,Partly Cloudy,False,False,False,False,False,False,False,False,False,False,False,True,False,Day,Day,Day,Day
A-4882281,Source1,2,2019-04-21 00:01:43.228890,2019-04-21 01:53:43.228890,37.478862,-77.433066,,-77.42932,4.208,Ball now despite really alone.,Butler Pike,Richmond,Coltonshire,VA,20125,US,US/Eastern,KXAH,2019-04-20 23:37:43.228890,56.0,0.0,118.7,29.08,12.7,Calm,,0.0,Clear,False,False,False,False,False,False,False,False,False,False,False,False,False,Night,Night,Night,Night
A-4389015,Source2,2,2024-12-30 12:08:40.102033,2024-12-30 14:19:40.102033,47.543104,-122.305329,47.537722,-122.306394,0.505,Drop else song rock standard.,Kimberly Extension,Seattle,South Anthonyview,WA,73087,US,US/Eastern,Ktnt,2024-12-30 11:58:40.102033,75.6,,68.3,29.7,6.3,Variable,8.8,,T-Storm,False,False,False,False,False,False,False,False,False,False,False,True,False,Day,Day,Day,Day
A-7688019,Source2,2,2025-04-07 05:19:38.149402,2025-04-07 06:34:38.149402,25.753171,-80.377601,25.768588,-80.386869,4.613,Six player street movement forward capital lead.,Miller Burgs,Miami,North Wayne,FL,56149,US,US/Eastern,KKZI,2025-04-07 04:52:38.149402,87.1,0.0,67.7,27.05,9.3,CALM,15.8,0.07,Light Rain,False,False,False,False,False,False,False,False,False,False,False,True,False,Night,Day,Day,Day
A-8048393,Source2,2,2020-01-25 15:49:35.689638,2020-01-25 19:48:35.689638,35.860814,-78.708615,35.861658,-78.708229,1.286,In chance participant employee weight scene contain.,Lee Village,Raleigh,Port Scottberg,NC,50124,US,US/Eastern,KBhb,2020-01-25 15:24:35.689638,42.9,,92.2,28.77,9.2,North,,,Clear,False,False,False,False,False,False,False,False,False,False,False,False,False,Day,Day,Day,Day
A-9474949,Source2,2,2018-05-02 08:56:24.118156,2018-05-02 11:30:24.118156,37.498901,-77.502715,,-77.497238,1.337,Three know employee.,Virginia Plaza,Richmond,East Adam,VA,39310,US,US/Eastern,KfnO,2018-05-02 08:50:24.118156,52.3,0.0,110.9,28.7,10.8,West,8.1,0.0,Clear,False,False,False,False,False,False,False,False,False,False,False,False,False,Day,Day,Day,Day
A-7143008,Source2,2,2019-09-19 20:00:28.066643,2019-09-19 20:51:28.066643,35.16896,-80.865133,,-80.855834,0.533,Remember teach market worry.,Christopher Shoal,Charlotte,New Cheryl,NC,61999,US,US/Eastern,KtkV,2019-09-19 19:38:28.066643,44.0,,87.8,28.83,15.8,SSW,1.3,0.0,Scattered Clouds,False,False,False,False,False,False,False,False,False,False,False,False,False,Night,Night,Night,Night
A-1410447,Source1,2,2019-03-30 09:58:28.655242,2019-03-30 12:36:28.655242,44.991823,-93.106521,,-93.113709,1.051,His the line he sing marriage action.,Justin Extensions,Saint Paul,Lake Thomasland,MN,47424,US,US/Eastern,KPhd,2019-03-30 09:43:28.655242,61.4,0.0,52.8,29.11,11.2,CALM,,,Fair,False,False,False,False,False,False,False,False,False,False,False,False,False,Day,Day,Day,Day
A-4979016,Source1,3,2019-10-18 08:02:28.846820,2019-10-18 09:04:28.846820,35.839114,-78.624654,35.843734,-78.627768,2.243,All drive somebody thank get.,Timothy Junction,Raleigh,Sanchezburgh,NC,57929,US,US/Eastern,KbkO,2019-10-18 07:50:28.846820,58.8,,89.5,29.74,8.4,CALM,16.9,0.0,Mostly Cloudy,False,False,False,False,False,False,False,False,False,False,False,False,False,Day,Day,Day,Day
A-6550942,Source2,3,2025-11-12 05:05:26.856949,2025-11-12 06:48:26.856949,41.898218,-87.634064,41.905548,,1.567,Structure since us market later various week.,Bradley Glens,Chicago,Davidport,IL,85292,US,US/Eastern,KLiL,2025-11-12 04:59:26.856949,69.8,0.0,55.9,30.81,10.7,N,8.5,,Fair,False,False,True,False,False,False,False,False,False,True,False,False,False,Night,Day,Day,Day
A-4428688,Source2,2,2022-04-24 19:39:45.396803,2022-04-24 20:49:45.396803,34.766761,-82.328309,34.763824,,2.721,Point order car person tree employee.,Jonathan Junction,Greenville,West Brandon,SC,88933,US,US/Eastern,KBLR,2022-04-24 19:18:45.396803,55.9,0.0,72.6,28.38,7.1,SE,8.9,0.0,Partly Cloudy,False,False,True,False,False,False,False,False,False,False,False,False,False,Night,Night,Day,Day
A-772308,Source2,2,2018-12-12 10:55:51.705546,2018-12-12 11:46:51.705546,33.83877,-84.466986,33.840149,-84.472156,0.89,Statement allow account necessary security debate bag.,Louis Port,Atlanta,Nicholasland,GA,84580,US,US/Eastern,KENc,2018-12-12 10:31:51.705546,56.2,0.0,52.3,28.71,5.1,Variable,13.2,,Cloudy,False,False,False,False,False,False,False,False,False,False,False,False,False,Day,Day,Day,Day
A-8003523,Source1,2,2025-07-03 07:50:55.990264,2025-07-03 11:04:55.990264,32.846121,-96.812797,32.847555,-96.812822,2.107,Professional international surface alone.,Weaver Stravenue,Dallas,Schneiderport,TX,73511,US,US/Eastern,KfCK,2025-07-03 07:41:55.990264,82.7,,85.2,29.73,9.4,S,7.1,0.0,Scattered Clouds,False,False,False,False,False,False,False,False,False,False,False,False,False,Day,Day,Day,Day
A-556210,Source2,2,2019-09-14 11:59:24.731368,2019-09-14 13:55:24.731368,35.201857,-80.844261,35.196041,-80.84765,4.136,Brother feel loss much country play whatever glass.,Kelsey Stream,Charlotte,East Allenmouth,NC,89935,US,US/Eastern,KgMP,2019-09-14 11:44:24.731368,53.2,0.0,75.3,28.97,5.0,SSW,1.4,0.0,Fair,False,False,False,False,False,False,False,False,False,False,False,False,False,Day,Day,Day,Day
A-1247471,Source2,2,2020-07-22 13:47:33.294314,2020-07-22 15:01:33.294314,30.441658,-91.060626,30.439253,-91.05955,2.303,Catch college couple rather remember dream.,Patricia Summit,Baton Rouge,Lake Amy,LA,12057,US,US/Eastern,KhOW,2020-07-22 13:19:33.294314,67.6,,51.2,31.24,10.5,CALM,0.8,0.0,Fog,False,False,False,False,False,False,False,False,False,False,False,False,False,Day,Day,Day,Day
A-5150769,Source1,2,2025-08-07 22:37:20.969749,2025-08-08 02:23:20.969749,38.516045,-121.462969,38.511099,-121.470451,3.018,Coach organization he pretty read modern window.,Olson Forge,Sacramento,Flemingview,CA,50693,US,US/Eastern,KcLP,2025-08-07 22:16:20.969749,80.1,0.0,79.7,29.45,13.1,WNW,6.2,,Wintry Mix,False,False,False,False,False,False,False,False,False,False,False,False,False,Night,Night,Night,Night
A-5867910,Source2,2,2020-12-04 19:48:11.015231,2020-12-04 22:07:11.015231,34.12936,-80.857512,34.130226,,1.615,Soon fire worker song.,Fuller Estates,Columbia,New Joshuatown,SC,37871,US,US/Eastern,KwMG,2020-12-04 19:29:11.015231,81.3,,111.0,29.19,10.0,SSW,13.9,0.29,Light Rain,False,False,False,False,False,False,False,False,False,False,False,False,False,Night,Night,Day,Day
A-2899167,Source1,2,2024-07-30 03:40:52.982821,2024-07-30 05:08:52.982821,35.454527,-97.587948,35.447085,,2.057,Month computer may responsibility much most school.,Salinas Turnpike,Oklahoma City,East Cameronstad,OK,25254,US,US/Eastern,KwhJ,2024-07-30 03:28:52.982821,81.6,0.0,40.7,29.31,5.1,WNW,4.4,0.0,Fair,False,False,False,False,False,False,False,False,False,False,False,True,False,Night,Night,Night,Night
A-1901610,Source2,2,2021-11-23 11:37:14.533714,2021-11-23 15:12:14.533714,39.782774,-86.179604,,,0.443,Project environmental serious nature kid state.,Mitchell Vista,Indianapolis,Lake Jamesshire,IN,00880,US,US/Eastern,KNgD,,79.4,0.0,89.0,30.15,8.8,South,3.6,,Clear,False,False,False,False,False,False,False,False,False,False,False,False,False,Day,Day,Day,Day
A-9505076,Source1,2,2024-04-19 21:06:08.629306,2024-04-19 21:27:08.629306,29.77077,-95.374182,29.762429,-95.361592,0.564,Social year officer show.,Martin Estates,Houston,Stevenville,TX,04774,US,US/Eastern,KgAz,2024-04-19 20:39:08.629306,61.2,0.0,58.1,30.16,10.6,N,14.2,,Clear,True,False,False,False,False,False,False,False,False,False,False,False,False,Night,Night,Night,Night
A-2844759,Source2,2,2020-01-07 09:05:28.418685,2020-01-07 10:58:28.418685,32.896345,-96.746725,32.910472,-96.751938,1.441,Culture board understand miss evidence.,Christopher Fords,Dallas,Ashleyside,TX,71491,US,US/Eastern,Kqxe,2020-01-07 08:36:28.418685,58.2,0.0,97.8,29.45,10.1,S,5.8,0.0,Fair,False,False,True,False,False,False,False,False,False,False,False,False,False,Day,Day,Day,Day
A-5900428,Source1,3,2021-02-07 06:25:40.990710,2021-02-07 08:33:40.990710,30.299899,-97.721966,30.296413,-97.721041,1.907,Food behavior level conference rest commercial.,Martinez Coves,Austin,Dustinhaven,TX,52434,US,US/Eastern,KxKQ,2021-02-07 06:17:40.990710,62.9,0.0,59.9,28.73,7.4,SW,2.8,0.0,Mostly Cloudy,False,False,True,False,False,False,False,False,False,False,False,False,False,Day,Day,Day,Day
A-6187466,Source1,2,2018-04-29 06:23:39.620150,2018-04-29 08:39:39.620150,35.457661,-97.533679,,,0.178,Situation accept get quickly dinner pick.,Ashley Ranch,Oklahoma City,Adamsburgh,OK,36797,US,US/Eastern,KztA,2018-04-29 05:55:39.620150,57.7,0.0,86.9,29.29,9.7,NW,,,Clear,False,False,False,False,False,False,False,False,False,False,False,False,False,Day,Day,Day,Day
A-3242800,Source2,3,2023-11-28 05:11:01.781739,2023-11-28 08:10:01.781739,25.710954,-80.313066,,,0.955,Film skin soon write without near.,Morrison Valleys,Miami,Sandrabury,FL,98167,US,US/Eastern,KFpH,2023-11-28 04:44:01.781739,32.0,0.0,76.5,29.08,9.1,,4.8,0.0,Fair,False,False,False,False,False,False,False,False,False,False,False,True,False,Night,Day,Day,Day
A-4672292,Source2,2,2018-11-15 13:32:34.062881,2018-11-15 15:41:34.062881,34.117714,-118.223615,34.121618,,0.371,Later name around Mrs sea them what suddenly.,Sutton Island,Los Angeles,Ethanport,CA,87707,US,US/Eastern,KwyC,2018-11-15 13:13:34.062881,67.8,,51.2,,9.6,NW,6.2,0.0,Clear,False,False,False,False,False,False,False,False,False,False,False,False,False,Day,Day,Day,Day
A-3709442,Source2,2,2020-07-18 03:09:17.486824,2020-07-18 05:44:17.486824,29.790754,-95.351206,29.786973,,1.157,Tax explain work old meet fire.,Wolf Prairie,Houston,Shellymouth,TX,35280,US,US/Eastern,KgMU,2020-07-18 02:42:17.486824,41.2,,34.4,28.28,6.3,WSW,,0.0,Cloudy,False,False,True,False,False,False,False,False,False,False,False,False,False,Night,Night,Night,Night
A-608418,Source2,1,2025-11-07 00:34:03.094556,2025-11-07 02:58:03.094556,38.594708,-121.34259,,-121.333664,0.077,List source camera candidate simply red dream.,Franklin Rapid,Sacramento,South Christopher,CA,57287,US,US/Eastern,KIuw,2025-11-07 00:23:03.094556,79.9,0.0,40.9,30.07,6.8,SSW,10.0,0.0,Fair,False,False,False,False,False,False,False,False,False,False,False,False,False,Night,Night,Night,Night
A-3449948,Source1,2,2019-09-08 02:36:05.242290,2019-09-08 04:45:05.242290,29.505747,-98.477527,29.503902,,2.381,Those more sing stock include only.,Perez Ford,San Antonio,Chavezfurt,TX,02354,US,US/Eastern,KVhG,2019-09-08 02:21:05.242290,37.5,31.999270043461152,47.4,29.3,5.3,NW,7.9,,Clear,False,False,False,False,False,False,False,False,True,True,False,False,False,Night,Night,Night,Night
A-7640809,Source1,2,2023-01-19 16:28:34.353136,2023-01-19 19:08:34.353136,29.501155,-98.36273,,,2.301,Million special difficult word including task.,Pace Ridge,San Antonio,Beckshire,TX,67723,US,US/Eastern,KRvA,2023-01-19 16:07:34.353136,91.3,0.0,65.0,29.01,5.5,CALM,2.4,,Light Rain,False,False,True,False,False,False,False,False,False,False,False,True,False,Day,Day,Day,Day
A-8159702,Source1,4,2025-07-17 13:24:29.682963,2025-07-17 15:16:29.682963,35.21666,-80.801114,,-80.794739,1.449,Wrong raise think.,Rowe Trail,Charlotte,South Chris,NC,31470,US,US/Eastern,KFrx,2025-07-17 13:04:29.682963,97.8,,49.7,30.18,10.6,NNW,3.1,,Haze,False,False,True,False,False,False,False,False,False,False,False,False,False,Day,Day,Day,Day
A-4845405,Source2,2,2022-08-30 02:33:50.499455,2022-08-30 05:18:50.499455,29.740382,-95.578443,29.750115,,0.719,Letter anyone agree position there item.,Rivera Ridges,Houston,East Christinaview,TX,93032,US,US/Eastern,Kiwj,2022-08-30 02:26:50.499455,80.8,0.0,67.5,,7.8,NNE,9.6,0.19,Rain,False,False,False,False,False,False,False,False,False,False,False,False,False,Night,Night,Night,Night
A-1136041,Source1,2,2018-03-24 05:22:56.635486,2018-03-24 08:42:56.635486,30.514624,-91.107545,,-91.100994,1.948,By area feeling.,Tracy Mews,Baton Rouge,Mooreland,LA,35385,US,US/Eastern,KZsY,2018-03-24 05:03:56.635486,88.5,0.0,66.3,30.44,7.1,NW,,,Fair,False,False,False,False,False,False,False,False,False,False,False,False,False,Night,Day,Day,Day
A-2711011,Source2,2,2019-02-27 20:15:45.703818,2019-02-27 23:16:45.703818,29.857943,-95.449266,29.852189,,1.135,Cultural girl use option.,Ashley Village,Houston,South Johnland,TX,35189,US,US/Eastern,Kfdm,2019-02-27 20:02:45.703818,82.6,,65.9,28.49,5.1,W,6.4,0.0,Mostly Cloudy,False,False,False,False,False,False,False,False,False,False,False,True,False,Night,Night,Night,Night
A-8400122,Source2,3,2021-09-16 06:03:39.499593,2021-09-16 08:24:39.499593,36.12361,-86.702628,36.132169,-86.693515,1.091,Relationship page so several American year may.,Terri Vista,Nashville,East Ryanview,TN,53437,US,US/Eastern,KgvJ,2021-09-16 05:39:39.499593,33.6,0.0,62.3,,,VAR,0.6,,Clear,False,False,False,False,False,False,False,False,False,False,False,False,False,Day,Day,Day,Day
A-9833847,Source1,2,2021-06-26 02:09:42.213799,2021-06-26 03:15:42.213799,29.774054,-95.489525,,-95.494829,0.377,Sea late explain opportunity government.,Warner Trail,Houston,Port Davidchester,TX,90885,US,US/Eastern,KDwo,2021-06-26 02:01:42.213799,74.1,0.0,94.0,29.03,7.0,S,6.6,0.0,Scattered Clouds,False,False,False,False,False,False,False,False,False,False,False,False,False,Night,Night,Night,Night
A-71038,Source1,2,2019-01-08 02:41:10.820260,2019-01-08 03:06:10.820260,32.662392,-96.609931,32.658759,-96.607401,1.301,Price region remain represent where experience Republican take.,Shannon Causeway,Dallas,Port Alexander,TX,31266,US,US/Eastern,Kiuj,2019-01-08 02:15:10.820260,77.7,0.0,63.7,30.44,5.9,South,3.9,,Partly Cloudy,False,False,True,False,False,False,False,False,False,False,False,False,False,Night,Night,Night,Night
A-5939863,Source2,2,2024-01-20 08:19:27.740052,2024-01-20 10:29:27.740052,32.861697,-96.819533,,-96.822263,0.744,Sea fill why in above.,Amy Square,Dallas,East Anthonyside,TX,03561,US,US/Eastern,KJmN,2024-01-20 08:11:27.740052,50.9,0.0,67.4,30.23,13.6,,4.6,0.0,Clear,False,False,False,False,False,False,False,False,False,False,False,True,False,Day,Day,Day,Day
A-2132576,Source2,2,2023-07-20 00:43:31.421950,2023-07-20 02:06:31.421950,35.583235,-97.618508,35.5828,-97.613068,1.454,Certainly nature spend camera measure again.,Lisa Hills,Oklahoma City,Charleston,OK,36742,US,US/Eastern,KyAz,2023-07-20 00:25:31.421950,83.5,0.0,74.8,28.57,6.2,NNE,13.2,0.0,Mostly Cloudy,False,False,False,False,False,False,False,False,False,False,False,False,False,Night,Night,Night,Night
A-373584,Source2,2,2026-03-06 22:11:34.581422,2026-03-06 22:34:34.581422,29.840168,-95.147421,,-95.135733,1.507,Soon activity analysis in.,Joyce Dale,Houston,Lake Brianberg,TX,23432,US,US/Eastern,KqII,2026-03-06 22:05:34.581422,31.3,19.583073567819515,105.9,31.6,5.1,SSE,16.8,0.0,Clear,False,False,True,False,True,False,False,False,False,False,False,False,False,Night,Night,Night,Night
A-7707221,Source2,2,2021-07-16 07:42:37.714863,2021-07-16 08:45:37.714863,35.907898,-78.665135,35.907876,-78.661358,0.117,Deal catch when common throughout have.,David Spring,Raleigh,East Andreborough,NC,68153,US,US/Eastern,KpzP,2021-07-16 07:29:37.714863,62.1,0.0,53.1,29.9,5.7,West,5.8,,Fair,False,False,True,False,False,False,False,False,False,False,False,False,False,Day,Day,Day,Day
A-4794722,Source2,2,2026-02-23 16:52:45.999637,2026-02-23 19:00:45.999637,33.629119,-112.026223,33.636569,,1.197,Social agent media assume occur discuss.,Tara Falls,Phoenix,Port Josephberg,AZ,54742,US,US/Eastern,KNuh,,60.7,0.0,59.7,27.86,6.7,NNW,4.1,0.0,Fair,False,False,False,False,False,False,False,False,False,False,False,False,False,Day,Day,Day,Day
A-2836130,Source1,3,2020-06-26 18:47:59.746889,2020-06-26 20:36:59.746889,36.074832,-86.698538,,,2.095,True various part oil player consumer teacher center.,Rhonda Plains,Nashville,Hudsonstad,TN,87722,US,US/Eastern,KDzP,2020-06-26 18:34:59.746889,50.2,,75.6,29.54,10.5,SSE,13.9,0.0,Fair,False,False,False,False,False,False,False,False,False,False,False,False,False,Night,Day,Day,Day
A-1843278,Source2,3,2022-12-11 20:21:04.291998,2022-12-11 21:37:04.291998,35.16026,-80.904034,35.170647,-80.898577,0.004,Build somebody fact city try strategy.,Jessica Viaduct,Charlotte,South Connieland,NC,90870,US,US/Eastern,KfWJ,2022-12-11 20:12:04.291998,44.9,,117.1,27.95,10.3,ESE,1.0,,Mostly Cloudy,False,False,False,False,False,False,False,False,False,False,False,True,False,Night,Night,Night,Night
A-999977,Source2,2,2020-10-12 22:15:28.896783,2020-10-13 01:25:28.896783,35.440382,-97.506547,,-97.495907,1.071,Fast others use own.,Rodriguez Land,Oklahoma City,West Michael,OK,22460,US,US/Eastern,KsXy,2020-10-12 21:54:28.896783,95.9,0.0,85.6,29.28,9.1,NNE,10.5,0.0,Fair,False,False,False,False,False,False,False,False,False,False,False,False,False,Night,Night,Night,Night
A-7322048,Source3,2,2023-06-14 20:37:47.391007,2023-06-14 21:56:47.391007,32.157748,-110.925274,32.15912,-110.932224,0.873,Hotel success bed five important last perhaps.,Castaneda Roads,Tucson,East Tylerfurt,AZ,35400,US,US/Eastern,KErN,2023-06-14 20:21:47.391007,45.8,41.848925984141836,74.9,27.65,9.7,SSE,,0.0,Cloudy,False,False,False,False,True,False,False,False,False,False,False,True,False,Night,Night,Night,Night
